set,cocktail_id,target,family,rank,gene,score,pctile,category,shared_programs,max_jaccard,closest_factor
Set 1,NEURON-01,Neuron (generic),Neuron,1,FOXG1,0.746678,0.03,known_cofactor,1,0.0071,POU3F2
Set 1,NEURON-01,Neuron (generic),Neuron,2,EN2,0.736743,0.06,program_neighbor,14,0.0764,POU3F2
Set 1,NEURON-01,Neuron (generic),Neuron,3,TBR1,0.700736,0.09,program_neighbor,140,0.9929,POU3F2
Set 1,NEURON-01,Neuron (generic),Neuron,4,NEUROD2,0.689685,0.13,known_cofactor,177,0.6779,POU3F2
Set 1,NEURON-01,Neuron (generic),Neuron,5,ZIC1,0.687872,0.16,program_neighbor,140,0.9929,POU3F2
Set 1,NEURON-01,Neuron (generic),Neuron,6,ZIC2,0.677672,0.19,program_neighbor,141,1.0000,POU3F2
Set 1,NEURON-01,Neuron (generic),Neuron,7,MYT1L,0.659193,0.22,known_factor,144,1.0000,MYT1L
Set 1,NEURON-01,Neuron (generic),Neuron,8,CUX2,0.647662,0.25,program_neighbor,12,0.0406,ASCL1
Set 1,NEURON-01,Neuron (generic),Neuron,9,PAX6,0.643693,0.28,known_cofactor,140,0.9929,POU3F2
Set 1,NEURON-01,Neuron (generic),Neuron,10,ACTL6B,0.632247,0.32,program_neighbor,81,0.4643,MYT1L
Set 1,NEURON-01,Neuron (generic),Neuron,11,ETV1,0.625845,0.35,program_neighbor,140,0.9929,POU3F2
Set 1,NEURON-01,Neuron (generic),Neuron,12,POU3F3,0.624513,0.38,program_neighbor,181,0.7663,POU3F2
Set 1,NEURON-01,Neuron (generic),Neuron,13,RORB,0.619488,0.41,program_neighbor,140,0.9929,POU3F2
Set 1,NEURON-01,Neuron (generic),Neuron,14,OTUD7A,0.617189,0.44,program_neighbor,10,0.0709,POU3F2
Set 1,NEURON-01,Neuron (generic),Neuron,15,CTNND2,0.614029,0.47,program_neighbor,21,0.0340,MYT1L
Set 1,NEURON-01,Neuron (generic),Neuron,16,CELF3,0.608754,0.51,program_neighbor,63,0.2551,ASCL1
Set 1,NEURON-01,Neuron (generic),Neuron,17,SCRT1,0.606378,0.54,program_neighbor,141,0.9859,POU3F2
Set 1,NEURON-01,Neuron (generic),Neuron,18,ZBTB18,0.600630,0.57,program_neighbor,4,0.0138,ASCL1
Set 1,NEURON-01,Neuron (generic),Neuron,19,CHD5,0.599479,0.60,program_neighbor,91,0.4715,MYT1L
Set 1,NEURON-01,Neuron (generic),Neuron,20,KHDRBS3,0.598403,0.63,program_neighbor,11,0.0780,POU3F2
Set 1,NEURON-01,Neuron (generic),Neuron,21,SCRT2,0.588276,0.66,program_neighbor,141,1.0000,POU3F2
Set 1,NEURON-01,Neuron (generic),Neuron,22,DLX1,0.587232,0.69,known_cofactor,6,0.0208,ASCL1
Set 1,NEURON-01,Neuron (generic),Neuron,23,NAP1L2,0.586593,0.73,program_neighbor,1,0.0071,POU3F2
Set 1,NEURON-01,Neuron (generic),Neuron,24,DEAF1,0.583612,0.76,program_neighbor,142,0.9930,POU3F2
Set 1,NEURON-01,Neuron (generic),Neuron,25,MAPT,0.582511,0.79,program_neighbor,55,0.2095,ASCL1
Set 1,NEURON-01,Neuron (generic),Neuron,26,FEZF2,0.581860,0.82,program_neighbor,141,1.0000,POU3F2
Set 1,NEURON-01,Neuron (generic),Neuron,27,VAX2,0.580911,0.85,program_neighbor,140,0.9929,POU3F2
Set 1,NEURON-01,Neuron (generic),Neuron,28,BHLHE22,0.578714,0.88,program_neighbor,11,0.0780,POU3F2
Set 1,NEURON-01,Neuron (generic),Neuron,29,INSM2,0.575190,0.92,program_neighbor,11,0.0764,MYT1L
Set 1,NEURON-01,Neuron (generic),Neuron,30,UNCX,0.574698,0.95,program_neighbor,14,0.0959,POU3F2
Set 1,NEURON-01,Neuron (generic),Neuron,31,CHD7,0.574569,0.98,program_neighbor,143,0.7790,POU3F2
Set 1,NEURON-01,Neuron (generic),Neuron,32,PURG,0.573789,1.01,program_neighbor,10,0.0709,POU3F2
Set 1,NEURON-01,Neuron (generic),Neuron,33,BARHL2,0.572820,1.04,program_neighbor,140,0.9929,POU3F2
Set 1,NEURON-01,Neuron (generic),Neuron,34,NEUROD1,0.571361,1.07,known_cofactor,140,0.9929,POU3F2
Set 1,NEURON-01,Neuron (generic),Neuron,35,ZIC3,0.568598,1.11,program_neighbor,141,0.9859,POU3F2
Set 1,NEURON-01,Neuron (generic),Neuron,36,DDN,0.564874,1.14,program_neighbor,62,0.3246,MYT1L
Set 1,NEURON-01,Neuron (generic),Neuron,37,VSX1,0.564561,1.17,program_neighbor,140,0.9929,POU3F2
Set 1,NEURON-01,Neuron (generic),Neuron,38,ZIC5,0.561643,1.20,program_neighbor,140,0.9859,POU3F2
Set 1,NEURON-01,Neuron (generic),Neuron,39,NKX6-2,0.556823,1.23,program_neighbor,140,0.9929,POU3F2
Set 1,NEURON-01,Neuron (generic),Neuron,40,PTPRN,0.556603,1.26,program_neighbor,55,0.3198,POU3F2
Set 1,NEURON-01,Neuron (generic),Neuron,41,SOHLH1,0.555365,1.30,program_neighbor,140,0.9929,POU3F2
Set 1,NEURON-01,Neuron (generic),Neuron,42,BARHL1,0.555194,1.33,program_neighbor,6,0.0265,MYT1L
Set 1,NEURON-01,Neuron (generic),Neuron,43,CPEB3,0.552037,1.36,program_neighbor,72,0.3799,POU3F2
Set 1,NEURON-01,Neuron (generic),Neuron,44,AFF3,0.551531,1.39,program_neighbor,141,0.9859,POU3F2
Set 1,NEURON-01,Neuron (generic),Neuron,45,RBFOX3,0.550793,1.42,program_neighbor,102,0.3709,ASCL1
Set 1,NEURON-01,Neuron (generic),Neuron,46,EMX1,0.548573,1.45,program_neighbor,10,0.0709,POU3F2
Set 1,NEURON-01,Neuron (generic),Neuron,47,POU3F2,0.547860,1.48,known_factor,141,1.0000,POU3F2
Set 1,NEURON-01,Neuron (generic),Neuron,48,DPF3,0.545155,1.52,program_neighbor,2,0.0142,POU3F2
Set 1,NEURON-01,Neuron (generic),Neuron,49,OTX2,0.542656,1.55,program_neighbor,140,0.9929,POU3F2
Set 1,NEURON-01,Neuron (generic),Neuron,50,SATB2,0.542560,1.58,program_neighbor,140,0.9790,POU3F2
Set 1,NEURON-02,Neuron (generic),Neuron,1,FOXG1,0.746678,0.03,known_cofactor,1,0.0071,NEUROD1
Set 1,NEURON-02,Neuron (generic),Neuron,2,EN2,0.736743,0.06,program_neighbor,14,0.0764,POU3F2
Set 1,NEURON-02,Neuron (generic),Neuron,3,TBR1,0.700736,0.09,program_neighbor,140,1.0000,NEUROD1
Set 1,NEURON-02,Neuron (generic),Neuron,4,NEUROD2,0.689685,0.13,known_cofactor,177,0.6779,POU3F2
Set 1,NEURON-02,Neuron (generic),Neuron,5,ZIC1,0.687872,0.16,program_neighbor,140,1.0000,NEUROD1
Set 1,NEURON-02,Neuron (generic),Neuron,6,ZIC2,0.677672,0.19,program_neighbor,141,1.0000,POU3F2
Set 1,NEURON-02,Neuron (generic),Neuron,7,MYT1L,0.659193,0.22,known_factor,144,1.0000,MYT1L
Set 1,NEURON-02,Neuron (generic),Neuron,8,CUX2,0.647662,0.25,program_neighbor,12,0.0406,ASCL1
Set 1,NEURON-02,Neuron (generic),Neuron,9,PAX6,0.643693,0.28,known_cofactor,140,1.0000,NEUROD1
Set 1,NEURON-02,Neuron (generic),Neuron,10,ACTL6B,0.632247,0.32,program_neighbor,81,0.4667,NEUROD1
Set 1,NEURON-02,Neuron (generic),Neuron,11,ETV1,0.625845,0.35,program_neighbor,140,1.0000,NEUROD1
Set 1,NEURON-02,Neuron (generic),Neuron,12,POU3F3,0.624513,0.38,program_neighbor,181,0.7663,POU3F2
Set 1,NEURON-02,Neuron (generic),Neuron,13,RORB,0.619488,0.41,program_neighbor,140,1.0000,NEUROD1
Set 1,NEURON-02,Neuron (generic),Neuron,14,OTUD7A,0.617189,0.44,program_neighbor,10,0.0714,NEUROD1
Set 1,NEURON-02,Neuron (generic),Neuron,15,CTNND2,0.614029,0.47,program_neighbor,21,0.0340,MYT1L
Set 1,NEURON-02,Neuron (generic),Neuron,16,CELF3,0.608754,0.51,program_neighbor,63,0.2551,ASCL1
Set 1,NEURON-02,Neuron (generic),Neuron,17,SCRT1,0.606378,0.54,program_neighbor,141,0.9929,NEUROD1
Set 1,NEURON-02,Neuron (generic),Neuron,18,ZBTB18,0.600630,0.57,program_neighbor,4,0.0138,ASCL1
Set 1,NEURON-02,Neuron (generic),Neuron,19,CHD5,0.599479,0.60,program_neighbor,91,0.4737,NEUROD1
Set 1,NEURON-02,Neuron (generic),Neuron,20,KHDRBS3,0.598403,0.63,program_neighbor,11,0.0786,NEUROD1
Set 1,NEURON-02,Neuron (generic),Neuron,21,SCRT2,0.588276,0.66,program_neighbor,141,1.0000,POU3F2
Set 1,NEURON-02,Neuron (generic),Neuron,22,DLX1,0.587232,0.69,known_cofactor,6,0.0208,ASCL1
Set 1,NEURON-02,Neuron (generic),Neuron,23,NAP1L2,0.586593,0.73,program_neighbor,1,0.0071,NEUROD1
Set 1,NEURON-02,Neuron (generic),Neuron,24,DEAF1,0.583612,0.76,program_neighbor,142,0.9930,POU3F2
Set 1,NEURON-02,Neuron (generic),Neuron,25,MAPT,0.582511,0.79,program_neighbor,55,0.2095,ASCL1
Set 1,NEURON-02,Neuron (generic),Neuron,26,FEZF2,0.581860,0.82,program_neighbor,141,1.0000,POU3F2
Set 1,NEURON-02,Neuron (generic),Neuron,27,VAX2,0.580911,0.85,program_neighbor,140,1.0000,NEUROD1
Set 1,NEURON-02,Neuron (generic),Neuron,28,BHLHE22,0.578714,0.88,program_neighbor,11,0.0780,POU3F2
Set 1,NEURON-02,Neuron (generic),Neuron,29,INSM2,0.575190,0.92,program_neighbor,11,0.0764,MYT1L
Set 1,NEURON-02,Neuron (generic),Neuron,30,UNCX,0.574698,0.95,program_neighbor,14,0.0966,NEUROD1
Set 1,NEURON-02,Neuron (generic),Neuron,31,CHD7,0.574569,0.98,program_neighbor,143,0.7790,POU3F2
Set 1,NEURON-02,Neuron (generic),Neuron,32,PURG,0.573789,1.01,program_neighbor,10,0.0714,NEUROD1
Set 1,NEURON-02,Neuron (generic),Neuron,33,BARHL2,0.572820,1.04,program_neighbor,140,1.0000,NEUROD1
Set 1,NEURON-02,Neuron (generic),Neuron,34,NEUROD1,0.571361,1.07,known_factor,140,1.0000,NEUROD1
Set 1,NEURON-02,Neuron (generic),Neuron,35,ZIC3,0.568598,1.11,program_neighbor,141,0.9929,NEUROD1
Set 1,NEURON-02,Neuron (generic),Neuron,36,DDN,0.564874,1.14,program_neighbor,62,0.3246,MYT1L
Set 1,NEURON-02,Neuron (generic),Neuron,37,VSX1,0.564561,1.17,program_neighbor,140,1.0000,NEUROD1
Set 1,NEURON-02,Neuron (generic),Neuron,38,ZIC5,0.561643,1.20,program_neighbor,140,0.9929,NEUROD1
Set 1,NEURON-02,Neuron (generic),Neuron,39,NKX6-2,0.556823,1.23,program_neighbor,140,1.0000,NEUROD1
Set 1,NEURON-02,Neuron (generic),Neuron,40,PTPRN,0.556603,1.26,program_neighbor,55,0.3216,NEUROD1
Set 1,NEURON-02,Neuron (generic),Neuron,41,SOHLH1,0.555365,1.30,program_neighbor,140,1.0000,NEUROD1
Set 1,NEURON-02,Neuron (generic),Neuron,42,BARHL1,0.555194,1.33,program_neighbor,6,0.0265,MYT1L
Set 1,NEURON-02,Neuron (generic),Neuron,43,CPEB3,0.552037,1.36,program_neighbor,72,0.3820,NEUROD1
Set 1,NEURON-02,Neuron (generic),Neuron,44,AFF3,0.551531,1.39,program_neighbor,141,0.9929,NEUROD1
Set 1,NEURON-02,Neuron (generic),Neuron,45,RBFOX3,0.550793,1.42,program_neighbor,102,0.3709,ASCL1
Set 1,NEURON-02,Neuron (generic),Neuron,46,EMX1,0.548573,1.45,program_neighbor,10,0.0714,NEUROD1
Set 1,NEURON-02,Neuron (generic),Neuron,47,POU3F2,0.547860,1.48,known_factor,141,1.0000,POU3F2
Set 1,NEURON-02,Neuron (generic),Neuron,48,DPF3,0.545155,1.52,program_neighbor,2,0.0143,NEUROD1
Set 1,NEURON-02,Neuron (generic),Neuron,49,OTX2,0.542656,1.55,program_neighbor,140,1.0000,NEUROD1
Set 1,NEURON-02,Neuron (generic),Neuron,50,SATB2,0.542560,1.58,program_neighbor,140,0.9859,NEUROD1
Set 1,NEURON-03,Dopaminergic neuron,Neuron,1,FOXG1,0.745248,0.03,known_cofactor,1,0.0071,NR4A2
Set 1,NEURON-03,Dopaminergic neuron,Neuron,2,EN2,0.731059,0.06,program_neighbor,14,0.0694,NR4A2
Set 1,NEURON-03,Dopaminergic neuron,Neuron,3,NEUROD2,0.712526,0.09,known_cofactor,178,0.6731,NR4A2
Set 1,NEURON-03,Dopaminergic neuron,Neuron,4,TBR1,0.692311,0.13,program_neighbor,140,1.0000,NR4A2
Set 1,NEURON-03,Dopaminergic neuron,Neuron,5,ZIC1,0.684030,0.16,program_neighbor,140,1.0000,NR4A2
Set 1,NEURON-03,Dopaminergic neuron,Neuron,6,CUX2,0.673644,0.19,program_neighbor,13,0.0406,ASCL1
Set 1,NEURON-03,Dopaminergic neuron,Neuron,7,ZIC2,0.670833,0.22,program_neighbor,141,0.9929,NR4A2
Set 1,NEURON-03,Dopaminergic neuron,Neuron,8,MYT1L,0.667171,0.25,known_cofactor,141,0.9722,NR4A2
Set 1,NEURON-03,Dopaminergic neuron,Neuron,9,ACTL6B,0.639438,0.28,program_neighbor,81,0.4667,NR4A2
Set 1,NEURON-03,Dopaminergic neuron,Neuron,10,MAPT,0.638611,0.32,program_neighbor,53,0.2095,ASCL1
Set 1,NEURON-03,Dopaminergic neuron,Neuron,11,PAX6,0.635729,0.35,known_cofactor,140,1.0000,NR4A2
Set 1,NEURON-03,Dopaminergic neuron,Neuron,12,POU3F3,0.633980,0.38,program_neighbor,181,0.7609,NR4A2
Set 1,NEURON-03,Dopaminergic neuron,Neuron,13,ETV1,0.624817,0.41,program_neighbor,140,1.0000,NR4A2
Set 1,NEURON-03,Dopaminergic neuron,Neuron,14,CTNND2,0.622250,0.44,program_neighbor,36,0.0342,LMX1A
Set 1,NEURON-03,Dopaminergic neuron,Neuron,15,OTUD7A,0.618534,0.47,program_neighbor,10,0.0714,NR4A2
Set 1,NEURON-03,Dopaminergic neuron,Neuron,16,RORB,0.615307,0.51,program_neighbor,140,1.0000,NR4A2
Set 1,NEURON-03,Dopaminergic neuron,Neuron,17,SCRT1,0.612186,0.54,program_neighbor,140,0.9929,NR4A2
Set 1,NEURON-03,Dopaminergic neuron,Neuron,18,ZBTB18,0.611296,0.57,program_neighbor,4,0.0138,ASCL1
Set 1,NEURON-03,Dopaminergic neuron,Neuron,19,CHD5,0.605647,0.60,program_neighbor,91,0.4737,NR4A2
Set 1,NEURON-03,Dopaminergic neuron,Neuron,20,KHDRBS3,0.602602,0.63,program_neighbor,11,0.0786,NR4A2
Set 1,NEURON-03,Dopaminergic neuron,Neuron,21,DEAF1,0.593061,0.66,program_neighbor,142,0.9859,NR4A2
Set 1,NEURON-03,Dopaminergic neuron,Neuron,22,NAP1L2,0.586824,0.69,program_neighbor,1,0.0071,NR4A2
Set 1,NEURON-03,Dopaminergic neuron,Neuron,23,UNCX,0.585422,0.73,program_neighbor,14,0.0966,NR4A2
Set 1,NEURON-03,Dopaminergic neuron,Neuron,24,SCRT2,0.577464,0.76,program_neighbor,141,0.9929,NR4A2
Set 1,NEURON-03,Dopaminergic neuron,Neuron,25,NEUROD1,0.576016,0.79,known_cofactor,140,1.0000,NR4A2
Set 1,NEURON-03,Dopaminergic neuron,Neuron,26,CHD7,0.574970,0.82,program_neighbor,142,0.7735,NR4A2
Set 1,NEURON-03,Dopaminergic neuron,Neuron,27,BARHL2,0.574882,0.85,program_neighbor,140,1.0000,NR4A2
Set 1,NEURON-03,Dopaminergic neuron,Neuron,28,FEZF2,0.571779,0.88,program_neighbor,141,0.9929,NR4A2
Set 1,NEURON-03,Dopaminergic neuron,Neuron,29,ZIC5,0.571463,0.92,program_neighbor,140,0.9929,NR4A2
Set 1,NEURON-03,Dopaminergic neuron,Neuron,30,ZIC3,0.571066,0.95,program_neighbor,140,0.9929,NR4A2
Set 1,NEURON-03,Dopaminergic neuron,Neuron,31,INSM2,0.570212,0.98,program_neighbor,10,0.0709,NR4A2
Set 1,NEURON-03,Dopaminergic neuron,Neuron,32,VAX2,0.569932,1.01,program_neighbor,140,1.0000,NR4A2
Set 1,NEURON-03,Dopaminergic neuron,Neuron,33,PURG,0.566565,1.04,program_neighbor,10,0.0714,NR4A2
Set 1,NEURON-03,Dopaminergic neuron,Neuron,34,BHLHE22,0.565394,1.07,program_neighbor,11,0.0709,NR4A2
Set 1,NEURON-03,Dopaminergic neuron,Neuron,35,CRYM,0.563643,1.11,program_neighbor,41,0.1627,ASCL1
Set 1,NEURON-03,Dopaminergic neuron,Neuron,36,DDN,0.562859,1.14,program_neighbor,63,0.3245,NR4A2
Set 1,NEURON-03,Dopaminergic neuron,Neuron,37,VSX1,0.561671,1.17,program_neighbor,140,1.0000,NR4A2
Set 1,NEURON-03,Dopaminergic neuron,Neuron,38,BCL11A,0.560296,1.20,program_neighbor,177,0.7692,NR4A2
Set 1,NEURON-03,Dopaminergic neuron,Neuron,39,CELF4,0.558168,1.23,program_neighbor,7,0.0417,LMX1A
Set 1,NEURON-03,Dopaminergic neuron,Neuron,40,DPF3,0.552645,1.26,program_neighbor,2,0.0196,LMX1A
Set 1,NEURON-03,Dopaminergic neuron,Neuron,41,NKX6-2,0.551898,1.30,program_neighbor,140,1.0000,NR4A2
Set 1,NEURON-03,Dopaminergic neuron,Neuron,42,BARHL1,0.550421,1.33,program_neighbor,9,0.0417,LMX1A
Set 1,NEURON-03,Dopaminergic neuron,Neuron,43,CELF3,0.550197,1.36,program_neighbor,63,0.2551,ASCL1
Set 1,NEURON-03,Dopaminergic neuron,Neuron,44,PTPRN,0.549340,1.39,program_neighbor,56,0.3216,NR4A2
Set 1,NEURON-03,Dopaminergic neuron,Neuron,45,AFF3,0.547802,1.42,program_neighbor,140,0.9929,NR4A2
Set 1,NEURON-03,Dopaminergic neuron,Neuron,46,CPEB3,0.545048,1.45,program_neighbor,73,0.3820,NR4A2
Set 1,NEURON-03,Dopaminergic neuron,Neuron,47,EMX1,0.542876,1.48,program_neighbor,10,0.0714,NR4A2
Set 1,NEURON-03,Dopaminergic neuron,Neuron,48,SOX3,0.541460,1.52,program_neighbor,11,0.0704,NR4A2
Set 1,NEURON-03,Dopaminergic neuron,Neuron,49,EPOP,0.540845,1.55,program_neighbor,12,0.0857,NR4A2
Set 1,NEURON-03,Dopaminergic neuron,Neuron,50,SOHLH1,0.540506,1.58,program_neighbor,140,1.0000,NR4A2
Set 1,NEURON-04,Dopaminergic neuron,Neuron,1,FOXG1,0.745248,0.03,known_cofactor,1,0.0071,POU3F2
Set 1,NEURON-04,Dopaminergic neuron,Neuron,2,EN2,0.731059,0.06,program_neighbor,14,0.0764,POU3F2
Set 1,NEURON-04,Dopaminergic neuron,Neuron,3,NEUROD2,0.712526,0.09,known_cofactor,178,0.6779,POU3F2
Set 1,NEURON-04,Dopaminergic neuron,Neuron,4,TBR1,0.692311,0.13,program_neighbor,140,0.9929,POU3F2
Set 1,NEURON-04,Dopaminergic neuron,Neuron,5,ZIC1,0.684030,0.16,program_neighbor,140,0.9929,POU3F2
Set 1,NEURON-04,Dopaminergic neuron,Neuron,6,CUX2,0.673644,0.19,program_neighbor,14,0.0474,FOXA2
Set 1,NEURON-04,Dopaminergic neuron,Neuron,7,ZIC2,0.670833,0.22,program_neighbor,141,1.0000,POU3F2
Set 1,NEURON-04,Dopaminergic neuron,Neuron,8,MYT1L,0.667171,0.25,known_factor,144,1.0000,MYT1L
Set 1,NEURON-04,Dopaminergic neuron,Neuron,9,ACTL6B,0.639438,0.28,program_neighbor,83,0.4643,MYT1L
Set 1,NEURON-04,Dopaminergic neuron,Neuron,10,MAPT,0.638611,0.32,program_neighbor,55,0.2095,ASCL1
Set 1,NEURON-04,Dopaminergic neuron,Neuron,11,PAX6,0.635729,0.35,known_cofactor,140,0.9929,POU3F2
Set 1,NEURON-04,Dopaminergic neuron,Neuron,12,POU3F3,0.633980,0.38,program_neighbor,181,0.7663,POU3F2
Set 1,NEURON-04,Dopaminergic neuron,Neuron,13,ETV1,0.624817,0.41,program_neighbor,140,0.9929,POU3F2
Set 1,NEURON-04,Dopaminergic neuron,Neuron,14,CTNND2,0.622250,0.44,program_neighbor,38,0.0342,LMX1A
Set 1,NEURON-04,Dopaminergic neuron,Neuron,15,OTUD7A,0.618534,0.47,program_neighbor,10,0.0709,POU3F2
Set 1,NEURON-04,Dopaminergic neuron,Neuron,16,RORB,0.615307,0.51,program_neighbor,140,0.9929,POU3F2
Set 1,NEURON-04,Dopaminergic neuron,Neuron,17,SCRT1,0.612186,0.54,program_neighbor,141,0.9859,POU3F2
Set 1,NEURON-04,Dopaminergic neuron,Neuron,18,ZBTB18,0.611296,0.57,program_neighbor,4,0.0138,ASCL1
Set 1,NEURON-04,Dopaminergic neuron,Neuron,19,CHD5,0.605647,0.60,program_neighbor,92,0.4715,MYT1L
Set 1,NEURON-04,Dopaminergic neuron,Neuron,20,KHDRBS3,0.602602,0.63,program_neighbor,11,0.0780,POU3F2
Set 1,NEURON-04,Dopaminergic neuron,Neuron,21,DEAF1,0.593061,0.66,program_neighbor,142,0.9930,POU3F2
Set 1,NEURON-04,Dopaminergic neuron,Neuron,22,NAP1L2,0.586824,0.69,program_neighbor,1,0.0071,POU3F2
Set 1,NEURON-04,Dopaminergic neuron,Neuron,23,UNCX,0.585422,0.73,program_neighbor,14,0.0959,POU3F2
Set 1,NEURON-04,Dopaminergic neuron,Neuron,24,SCRT2,0.577464,0.76,program_neighbor,141,1.0000,POU3F2
Set 1,NEURON-04,Dopaminergic neuron,Neuron,25,NEUROD1,0.576016,0.79,known_cofactor,140,0.9929,POU3F2
Set 1,NEURON-04,Dopaminergic neuron,Neuron,26,CHD7,0.574970,0.82,program_neighbor,145,0.7790,POU3F2
Set 1,NEURON-04,Dopaminergic neuron,Neuron,27,BARHL2,0.574882,0.85,program_neighbor,140,0.9929,POU3F2
Set 1,NEURON-04,Dopaminergic neuron,Neuron,28,FEZF2,0.571779,0.88,program_neighbor,141,1.0000,POU3F2
Set 1,NEURON-04,Dopaminergic neuron,Neuron,29,ZIC5,0.571463,0.92,program_neighbor,140,0.9859,POU3F2
Set 1,NEURON-04,Dopaminergic neuron,Neuron,30,ZIC3,0.571066,0.95,program_neighbor,141,0.9859,POU3F2
Set 1,NEURON-04,Dopaminergic neuron,Neuron,31,INSM2,0.570212,0.98,program_neighbor,11,0.0764,MYT1L
Set 1,NEURON-04,Dopaminergic neuron,Neuron,32,VAX2,0.569932,1.01,program_neighbor,140,0.9929,POU3F2
Set 1,NEURON-04,Dopaminergic neuron,Neuron,33,PURG,0.566565,1.04,program_neighbor,10,0.0709,POU3F2
Set 1,NEURON-04,Dopaminergic neuron,Neuron,34,BHLHE22,0.565394,1.07,program_neighbor,11,0.0780,POU3F2
Set 1,NEURON-04,Dopaminergic neuron,Neuron,35,CRYM,0.563643,1.11,program_neighbor,42,0.1627,ASCL1
Set 1,NEURON-04,Dopaminergic neuron,Neuron,36,DDN,0.562859,1.14,program_neighbor,64,0.3246,MYT1L
Set 1,NEURON-04,Dopaminergic neuron,Neuron,37,VSX1,0.561671,1.17,program_neighbor,140,0.9929,POU3F2
Set 1,NEURON-04,Dopaminergic neuron,Neuron,38,BCL11A,0.560296,1.20,program_neighbor,179,0.7650,POU3F2
Set 1,NEURON-04,Dopaminergic neuron,Neuron,39,CELF4,0.558168,1.23,program_neighbor,7,0.0417,LMX1A
Set 1,NEURON-04,Dopaminergic neuron,Neuron,40,DPF3,0.552645,1.26,program_neighbor,2,0.0196,LMX1A
Set 1,NEURON-04,Dopaminergic neuron,Neuron,41,NKX6-2,0.551898,1.30,program_neighbor,140,0.9929,POU3F2
Set 1,NEURON-04,Dopaminergic neuron,Neuron,42,BARHL1,0.550421,1.33,program_neighbor,10,0.0417,LMX1A
Set 1,NEURON-04,Dopaminergic neuron,Neuron,43,CELF3,0.550197,1.36,program_neighbor,63,0.2783,FOXA2
Set 1,NEURON-04,Dopaminergic neuron,Neuron,44,PTPRN,0.549340,1.39,program_neighbor,56,0.3198,POU3F2
Set 1,NEURON-04,Dopaminergic neuron,Neuron,45,AFF3,0.547802,1.42,program_neighbor,141,0.9859,POU3F2
Set 1,NEURON-04,Dopaminergic neuron,Neuron,46,CPEB3,0.545048,1.45,program_neighbor,73,0.3799,POU3F2
Set 1,NEURON-04,Dopaminergic neuron,Neuron,47,EMX1,0.542876,1.48,program_neighbor,10,0.0709,POU3F2
Set 1,NEURON-04,Dopaminergic neuron,Neuron,48,SOX3,0.541460,1.52,program_neighbor,12,0.0775,POU3F2
Set 1,NEURON-04,Dopaminergic neuron,Neuron,49,EPOP,0.540845,1.55,program_neighbor,12,0.0851,POU3F2
Set 1,NEURON-04,Dopaminergic neuron,Neuron,50,SOHLH1,0.540506,1.58,program_neighbor,140,0.9929,POU3F2
Set 1,NEURON-05,Motor neuron,Neuron,1,FOXG1,0.745248,0.03,known_cofactor,1,0.0071,POU3F2
Set 1,NEURON-05,Motor neuron,Neuron,2,EN2,0.731059,0.06,program_neighbor,14,0.7333,MNX1
Set 1,NEURON-05,Motor neuron,Neuron,3,NEUROD2,0.712526,0.09,known_cofactor,208,0.7452,LHX3
Set 1,NEURON-05,Motor neuron,Neuron,4,TBR1,0.692311,0.13,program_neighbor,140,0.9929,POU3F2
Set 1,NEURON-05,Motor neuron,Neuron,5,ZIC1,0.684030,0.16,program_neighbor,140,0.9929,POU3F2
Set 1,NEURON-05,Motor neuron,Neuron,6,CUX2,0.673644,0.19,program_neighbor,14,0.0406,ASCL1
Set 1,NEURON-05,Motor neuron,Neuron,7,ZIC2,0.670833,0.22,program_neighbor,141,1.0000,POU3F2
Set 1,NEURON-05,Motor neuron,Neuron,8,MYT1L,0.667171,0.25,known_factor,144,1.0000,MYT1L
Set 1,NEURON-05,Motor neuron,Neuron,9,ACTL6B,0.639438,0.28,program_neighbor,81,0.4643,MYT1L
Set 1,NEURON-05,Motor neuron,Neuron,10,MAPT,0.638611,0.32,program_neighbor,55,0.2095,ASCL1
Set 1,NEURON-05,Motor neuron,Neuron,11,PAX6,0.635729,0.35,known_cofactor,140,0.9929,POU3F2
Set 1,NEURON-05,Motor neuron,Neuron,12,POU3F3,0.633980,0.38,program_neighbor,181,0.7663,POU3F2
Set 1,NEURON-05,Motor neuron,Neuron,13,ETV1,0.624817,0.41,program_neighbor,140,0.9929,POU3F2
Set 1,NEURON-05,Motor neuron,Neuron,14,CTNND2,0.622250,0.44,program_neighbor,52,0.0799,LHX3
Set 1,NEURON-05,Motor neuron,Neuron,15,OTUD7A,0.618534,0.47,program_neighbor,10,0.8333,MNX1
Set 1,NEURON-05,Motor neuron,Neuron,16,RORB,0.615307,0.51,program_neighbor,140,0.9929,POU3F2
Set 1,NEURON-05,Motor neuron,Neuron,17,SCRT1,0.612186,0.54,program_neighbor,141,0.9859,POU3F2
Set 1,NEURON-05,Motor neuron,Neuron,18,ZBTB18,0.611296,0.57,program_neighbor,4,0.0149,LHX3
Set 1,NEURON-05,Motor neuron,Neuron,19,CHD5,0.605647,0.60,program_neighbor,122,0.6761,LHX3
Set 1,NEURON-05,Motor neuron,Neuron,20,KHDRBS3,0.602602,0.63,program_neighbor,11,0.7692,MNX1
Set 1,NEURON-05,Motor neuron,Neuron,21,DEAF1,0.593061,0.66,program_neighbor,142,0.9930,POU3F2
Set 1,NEURON-05,Motor neuron,Neuron,22,NAP1L2,0.586824,0.69,program_neighbor,1,0.0071,POU3F2
Set 1,NEURON-05,Motor neuron,Neuron,23,UNCX,0.585422,0.73,program_neighbor,14,0.4762,MNX1
Set 1,NEURON-05,Motor neuron,Neuron,24,SCRT2,0.577464,0.76,program_neighbor,141,1.0000,POU3F2
Set 1,NEURON-05,Motor neuron,Neuron,25,NEUROD1,0.576016,0.79,known_cofactor,140,0.9929,POU3F2
Set 1,NEURON-05,Motor neuron,Neuron,26,CHD7,0.574970,0.82,program_neighbor,143,0.7790,POU3F2
Set 1,NEURON-05,Motor neuron,Neuron,27,BARHL2,0.574882,0.85,program_neighbor,140,0.9929,POU3F2
Set 1,NEURON-05,Motor neuron,Neuron,28,FEZF2,0.571779,0.88,program_neighbor,141,1.0000,POU3F2
Set 1,NEURON-05,Motor neuron,Neuron,29,ZIC5,0.571463,0.92,program_neighbor,140,0.9859,POU3F2
Set 1,NEURON-05,Motor neuron,Neuron,30,ZIC3,0.571066,0.95,program_neighbor,141,0.9859,POU3F2
Set 1,NEURON-05,Motor neuron,Neuron,31,INSM2,0.570212,0.98,program_neighbor,11,0.7692,MNX1
Set 1,NEURON-05,Motor neuron,Neuron,32,VAX2,0.569932,1.01,program_neighbor,140,0.9929,POU3F2
Set 1,NEURON-05,Motor neuron,Neuron,33,PURG,0.566565,1.04,program_neighbor,10,0.8333,MNX1
Set 1,NEURON-05,Motor neuron,Neuron,34,BHLHE22,0.565394,1.07,program_neighbor,11,0.9167,MNX1
Set 1,NEURON-05,Motor neuron,Neuron,35,CRYM,0.563643,1.11,program_neighbor,42,0.2143,LHX3
Set 1,NEURON-05,Motor neuron,Neuron,36,DDN,0.562859,1.14,program_neighbor,93,0.4118,LHX3
Set 1,NEURON-05,Motor neuron,Neuron,37,VSX1,0.561671,1.17,program_neighbor,140,0.9929,POU3F2
Set 1,NEURON-05,Motor neuron,Neuron,38,BCL11A,0.560296,1.20,program_neighbor,177,0.7650,POU3F2
Set 1,NEURON-05,Motor neuron,Neuron,39,CELF4,0.558168,1.23,program_neighbor,4,0.0214,POU3F2
Set 1,NEURON-05,Motor neuron,Neuron,40,DPF3,0.552645,1.26,program_neighbor,2,0.0142,POU3F2
Set 1,NEURON-05,Motor neuron,Neuron,41,NKX6-2,0.551898,1.30,program_neighbor,140,0.9929,POU3F2
Set 1,NEURON-05,Motor neuron,Neuron,42,BARHL1,0.550421,1.33,program_neighbor,6,0.0265,MYT1L
Set 1,NEURON-05,Motor neuron,Neuron,43,CELF3,0.550197,1.36,program_neighbor,63,0.2551,ASCL1
Set 1,NEURON-05,Motor neuron,Neuron,44,PTPRN,0.549340,1.39,program_neighbor,86,0.4695,LHX3
Set 1,NEURON-05,Motor neuron,Neuron,45,AFF3,0.547802,1.42,program_neighbor,141,0.9859,POU3F2
Set 1,NEURON-05,Motor neuron,Neuron,46,CPEB3,0.545048,1.45,program_neighbor,103,0.4185,LHX3
Set 1,NEURON-05,Motor neuron,Neuron,47,EMX1,0.542876,1.48,program_neighbor,10,0.8333,MNX1
Set 1,NEURON-05,Motor neuron,Neuron,48,SOX3,0.541460,1.52,program_neighbor,11,0.8462,MNX1
Set 1,NEURON-05,Motor neuron,Neuron,49,EPOP,0.540845,1.55,program_neighbor,12,0.7143,MNX1
Set 1,NEURON-05,Motor neuron,Neuron,50,SOHLH1,0.540506,1.58,program_neighbor,140,0.9929,POU3F2
Set 1,NEURON-06,Motor neuron,Neuron,1,FOXG1,0.745248,0.03,known_cofactor,1,0.0071,NEUROD1
Set 1,NEURON-06,Motor neuron,Neuron,2,EN2,0.731059,0.06,program_neighbor,14,0.0764,POU3F2
Set 1,NEURON-06,Motor neuron,Neuron,3,NEUROD2,0.712526,0.09,known_cofactor,208,0.7452,LHX3
Set 1,NEURON-06,Motor neuron,Neuron,4,TBR1,0.692311,0.13,program_neighbor,140,1.0000,NEUROD1
Set 1,NEURON-06,Motor neuron,Neuron,5,ZIC1,0.684030,0.16,program_neighbor,140,1.0000,NEUROD1
Set 1,NEURON-06,Motor neuron,Neuron,6,CUX2,0.673644,0.19,program_neighbor,14,0.0406,ASCL1
Set 1,NEURON-06,Motor neuron,Neuron,7,ZIC2,0.670833,0.22,program_neighbor,141,1.0000,POU3F2
Set 1,NEURON-06,Motor neuron,Neuron,8,MYT1L,0.667171,0.25,known_factor,144,1.0000,MYT1L
Set 1,NEURON-06,Motor neuron,Neuron,9,ACTL6B,0.639438,0.28,program_neighbor,81,0.4667,NEUROD1
Set 1,NEURON-06,Motor neuron,Neuron,10,MAPT,0.638611,0.32,program_neighbor,55,0.2095,ASCL1
Set 1,NEURON-06,Motor neuron,Neuron,11,PAX6,0.635729,0.35,known_cofactor,140,1.0000,NEUROD1
Set 1,NEURON-06,Motor neuron,Neuron,12,POU3F3,0.633980,0.38,program_neighbor,181,0.7663,POU3F2
Set 1,NEURON-06,Motor neuron,Neuron,13,ETV1,0.624817,0.41,program_neighbor,140,1.0000,NEUROD1
Set 1,NEURON-06,Motor neuron,Neuron,14,CTNND2,0.622250,0.44,program_neighbor,52,0.0799,LHX3
Set 1,NEURON-06,Motor neuron,Neuron,15,OTUD7A,0.618534,0.47,program_neighbor,10,0.0714,NEUROD1
Set 1,NEURON-06,Motor neuron,Neuron,16,RORB,0.615307,0.51,program_neighbor,140,1.0000,NEUROD1
Set 1,NEURON-06,Motor neuron,Neuron,17,SCRT1,0.612186,0.54,program_neighbor,141,0.9929,NEUROD1
Set 1,NEURON-06,Motor neuron,Neuron,18,ZBTB18,0.611296,0.57,program_neighbor,4,0.0149,LHX3
Set 1,NEURON-06,Motor neuron,Neuron,19,CHD5,0.605647,0.60,program_neighbor,122,0.6761,LHX3
Set 1,NEURON-06,Motor neuron,Neuron,20,KHDRBS3,0.602602,0.63,program_neighbor,11,0.0786,NEUROD1
Set 1,NEURON-06,Motor neuron,Neuron,21,DEAF1,0.593061,0.66,program_neighbor,142,0.9930,POU3F2
Set 1,NEURON-06,Motor neuron,Neuron,22,NAP1L2,0.586824,0.69,program_neighbor,1,0.0071,NEUROD1
Set 1,NEURON-06,Motor neuron,Neuron,23,UNCX,0.585422,0.73,program_neighbor,14,0.0966,NEUROD1
Set 1,NEURON-06,Motor neuron,Neuron,24,SCRT2,0.577464,0.76,program_neighbor,141,1.0000,POU3F2
Set 1,NEURON-06,Motor neuron,Neuron,25,NEUROD1,0.576016,0.79,known_factor,140,1.0000,NEUROD1
Set 1,NEURON-06,Motor neuron,Neuron,26,CHD7,0.574970,0.82,program_neighbor,143,0.7790,POU3F2
Set 1,NEURON-06,Motor neuron,Neuron,27,BARHL2,0.574882,0.85,program_neighbor,140,1.0000,NEUROD1
Set 1,NEURON-06,Motor neuron,Neuron,28,FEZF2,0.571779,0.88,program_neighbor,141,1.0000,POU3F2
Set 1,NEURON-06,Motor neuron,Neuron,29,ZIC5,0.571463,0.92,program_neighbor,140,0.9929,NEUROD1
Set 1,NEURON-06,Motor neuron,Neuron,30,ZIC3,0.571066,0.95,program_neighbor,141,0.9929,NEUROD1
Set 1,NEURON-06,Motor neuron,Neuron,31,INSM2,0.570212,0.98,program_neighbor,11,0.0764,MYT1L
Set 1,NEURON-06,Motor neuron,Neuron,32,VAX2,0.569932,1.01,program_neighbor,140,1.0000,NEUROD1
Set 1,NEURON-06,Motor neuron,Neuron,33,PURG,0.566565,1.04,program_neighbor,10,0.0714,NEUROD1
Set 1,NEURON-06,Motor neuron,Neuron,34,BHLHE22,0.565394,1.07,program_neighbor,11,0.0909,NEUROG2
Set 1,NEURON-06,Motor neuron,Neuron,35,CRYM,0.563643,1.11,program_neighbor,42,0.2143,LHX3
Set 1,NEURON-06,Motor neuron,Neuron,36,DDN,0.562859,1.14,program_neighbor,93,0.4118,LHX3
Set 1,NEURON-06,Motor neuron,Neuron,37,VSX1,0.561671,1.17,program_neighbor,140,1.0000,NEUROD1
Set 1,NEURON-06,Motor neuron,Neuron,38,BCL11A,0.560296,1.20,program_neighbor,177,0.7692,NEUROD1
Set 1,NEURON-06,Motor neuron,Neuron,39,CELF4,0.558168,1.23,program_neighbor,4,0.0215,NEUROD1
Set 1,NEURON-06,Motor neuron,Neuron,40,DPF3,0.552645,1.26,program_neighbor,2,0.0143,NEUROD1
Set 1,NEURON-06,Motor neuron,Neuron,41,NKX6-2,0.551898,1.30,program_neighbor,140,1.0000,NEUROD1
Set 1,NEURON-06,Motor neuron,Neuron,42,BARHL1,0.550421,1.33,program_neighbor,6,0.0265,MYT1L
Set 1,NEURON-06,Motor neuron,Neuron,43,CELF3,0.550197,1.36,program_neighbor,63,0.2551,ASCL1
Set 1,NEURON-06,Motor neuron,Neuron,44,PTPRN,0.549340,1.39,program_neighbor,86,0.4695,LHX3
Set 1,NEURON-06,Motor neuron,Neuron,45,AFF3,0.547802,1.42,program_neighbor,141,0.9929,NEUROD1
Set 1,NEURON-06,Motor neuron,Neuron,46,CPEB3,0.545048,1.45,program_neighbor,103,0.4185,LHX3
Set 1,NEURON-06,Motor neuron,Neuron,47,EMX1,0.542876,1.48,program_neighbor,10,0.0714,NEUROD1
Set 1,NEURON-06,Motor neuron,Neuron,48,SOX3,0.541460,1.52,program_neighbor,11,0.0833,NEUROG2
Set 1,NEURON-06,Motor neuron,Neuron,49,EPOP,0.540845,1.55,program_neighbor,12,0.0857,NEUROD1
Set 1,NEURON-06,Motor neuron,Neuron,50,SOHLH1,0.540506,1.58,program_neighbor,140,1.0000,NEUROD1
Set 1,NEURON-07,Neural progenitor,Neuron,1,FOXG1,0.746678,0.03,known_factor,1,1.0000,FOXG1
Set 1,NEURON-07,Neural progenitor,Neuron,2,EN2,0.736743,0.06,program_neighbor,11,0.0764,POU3F2
Set 1,NEURON-07,Neural progenitor,Neuron,3,TBR1,0.700736,0.09,program_neighbor,140,0.9929,POU3F2
Set 1,NEURON-07,Neural progenitor,Neuron,4,NEUROD2,0.689685,0.13,known_cofactor,141,0.6779,POU3F2
Set 1,NEURON-07,Neural progenitor,Neuron,5,ZIC1,0.687872,0.16,program_neighbor,140,0.9929,POU3F2
Set 1,NEURON-07,Neural progenitor,Neuron,6,ZIC2,0.677672,0.19,program_neighbor,141,1.0000,POU3F2
Set 1,NEURON-07,Neural progenitor,Neuron,7,MYT1L,0.659193,0.22,known_cofactor,140,0.9655,POU3F2
Set 1,NEURON-07,Neural progenitor,Neuron,8,CUX2,0.647662,0.25,program_neighbor,3,0.0170,POU3F2
Set 1,NEURON-07,Neural progenitor,Neuron,9,PAX6,0.643693,0.28,known_cofactor,140,0.9929,POU3F2
Set 1,NEURON-07,Neural progenitor,Neuron,10,ACTL6B,0.632247,0.32,program_neighbor,78,0.4727,SOX2
Set 1,NEURON-07,Neural progenitor,Neuron,11,ETV1,0.625845,0.35,program_neighbor,140,0.9929,POU3F2
Set 1,NEURON-07,Neural progenitor,Neuron,12,POU3F3,0.624513,0.38,program_neighbor,141,0.7663,POU3F2
Set 1,NEURON-07,Neural progenitor,Neuron,13,RORB,0.619488,0.41,program_neighbor,140,0.9929,POU3F2
Set 1,NEURON-07,Neural progenitor,Neuron,14,OTUD7A,0.617189,0.44,program_neighbor,10,0.0709,POU3F2
Set 1,NEURON-07,Neural progenitor,Neuron,15,CTNND2,0.614029,0.47,program_neighbor,19,0.0308,POU3F2
Set 1,NEURON-07,Neural progenitor,Neuron,16,CELF3,0.608754,0.51,program_neighbor,9,0.0455,POU3F2
Set 1,NEURON-07,Neural progenitor,Neuron,17,SCRT1,0.606378,0.54,program_neighbor,140,0.9859,POU3F2
Set 1,NEURON-07,Neural progenitor,Neuron,18,ZBTB18,0.600630,0.57,program_neighbor,2,0.0106,POU3F2
Set 1,NEURON-07,Neural progenitor,Neuron,19,CHD5,0.599479,0.60,program_neighbor,90,0.4712,POU3F2
Set 1,NEURON-07,Neural progenitor,Neuron,20,KHDRBS3,0.598403,0.63,program_neighbor,11,0.0780,POU3F2
Set 1,NEURON-07,Neural progenitor,Neuron,21,SCRT2,0.588276,0.66,program_neighbor,141,1.0000,POU3F2
Set 1,NEURON-07,Neural progenitor,Neuron,22,DLX1,0.587232,0.69,known_cofactor,3,0.0160,POU3F2
Set 1,NEURON-07,Neural progenitor,Neuron,23,NAP1L2,0.586593,0.73,program_neighbor,1,0.0071,POU3F2
Set 1,NEURON-07,Neural progenitor,Neuron,24,DEAF1,0.583612,0.76,program_neighbor,141,0.9930,POU3F2
Set 1,NEURON-07,Neural progenitor,Neuron,25,MAPT,0.582511,0.79,program_neighbor,13,0.0684,POU3F2
Set 1,NEURON-07,Neural progenitor,Neuron,26,FEZF2,0.581860,0.82,program_neighbor,141,1.0000,POU3F2
Set 1,NEURON-07,Neural progenitor,Neuron,27,VAX2,0.580911,0.85,program_neighbor,140,0.9929,POU3F2
Set 1,NEURON-07,Neural progenitor,Neuron,28,BHLHE22,0.578714,0.88,program_neighbor,11,0.0780,POU3F2
Set 1,NEURON-07,Neural progenitor,Neuron,29,INSM2,0.575190,0.92,program_neighbor,10,0.0704,POU3F2
Set 1,NEURON-07,Neural progenitor,Neuron,30,UNCX,0.574698,0.95,program_neighbor,14,0.0959,POU3F2
Set 1,NEURON-07,Neural progenitor,Neuron,31,CHD7,0.574569,0.98,program_neighbor,142,0.7790,POU3F2
Set 1,NEURON-07,Neural progenitor,Neuron,32,PURG,0.573789,1.01,program_neighbor,10,0.0709,POU3F2
Set 1,NEURON-07,Neural progenitor,Neuron,33,BARHL2,0.572820,1.04,program_neighbor,140,0.9929,POU3F2
Set 1,NEURON-07,Neural progenitor,Neuron,34,NEUROD1,0.571361,1.07,known_cofactor,140,0.9929,POU3F2
Set 1,NEURON-07,Neural progenitor,Neuron,35,ZIC3,0.568598,1.11,program_neighbor,140,0.9859,POU3F2
Set 1,NEURON-07,Neural progenitor,Neuron,36,DDN,0.564874,1.14,program_neighbor,61,0.3228,POU3F2
Set 1,NEURON-07,Neural progenitor,Neuron,37,VSX1,0.564561,1.17,program_neighbor,140,0.9929,POU3F2
Set 1,NEURON-07,Neural progenitor,Neuron,38,ZIC5,0.561643,1.20,program_neighbor,140,0.9859,POU3F2
Set 1,NEURON-07,Neural progenitor,Neuron,39,NKX6-2,0.556823,1.23,program_neighbor,140,0.9929,POU3F2
Set 1,NEURON-07,Neural progenitor,Neuron,40,PTPRN,0.556603,1.26,program_neighbor,55,0.3198,POU3F2
Set 1,NEURON-07,Neural progenitor,Neuron,41,SOHLH1,0.555365,1.30,program_neighbor,140,0.9929,POU3F2
Set 1,NEURON-07,Neural progenitor,Neuron,42,BARHL1,0.555194,1.33,program_neighbor,4,0.0214,POU3F2
Set 1,NEURON-07,Neural progenitor,Neuron,43,CPEB3,0.552037,1.36,program_neighbor,68,0.3799,POU3F2
Set 1,NEURON-07,Neural progenitor,Neuron,44,AFF3,0.551531,1.39,program_neighbor,140,0.9859,POU3F2
Set 1,NEURON-07,Neural progenitor,Neuron,45,RBFOX3,0.550793,1.42,program_neighbor,52,0.2342,POU3F2
Set 1,NEURON-07,Neural progenitor,Neuron,46,EMX1,0.548573,1.45,program_neighbor,10,0.0709,POU3F2
Set 1,NEURON-07,Neural progenitor,Neuron,47,POU3F2,0.547860,1.48,known_factor,141,1.0000,POU3F2
Set 1,NEURON-07,Neural progenitor,Neuron,48,DPF3,0.545155,1.52,program_neighbor,2,0.0142,POU3F2
Set 1,NEURON-07,Neural progenitor,Neuron,49,OTX2,0.542656,1.55,program_neighbor,140,0.9929,POU3F2
Set 1,NEURON-07,Neural progenitor,Neuron,50,SATB2,0.542560,1.58,program_neighbor,140,0.9790,POU3F2
Set 1,NEURON-08,Neural progenitor,Neuron,1,FOXG1,0.746678,0.03,known_cofactor,1,0.0071,SOX2
Set 1,NEURON-08,Neural progenitor,Neuron,2,EN2,0.736743,0.06,program_neighbor,10,0.0690,SOX2
Set 1,NEURON-08,Neural progenitor,Neuron,3,TBR1,0.700736,0.09,program_neighbor,140,0.9929,SOX2
Set 1,NEURON-08,Neural progenitor,Neuron,4,NEUROD2,0.689685,0.13,known_cofactor,140,0.6699,SOX2
Set 1,NEURON-08,Neural progenitor,Neuron,5,ZIC1,0.687872,0.16,program_neighbor,140,0.9929,SOX2
Set 1,NEURON-08,Neural progenitor,Neuron,6,ZIC2,0.677672,0.19,program_neighbor,140,0.9859,SOX2
Set 1,NEURON-08,Neural progenitor,Neuron,7,MYT1L,0.659193,0.22,known_cofactor,140,0.9655,SOX2
Set 1,NEURON-08,Neural progenitor,Neuron,8,CUX2,0.647662,0.25,program_neighbor,3,0.0170,SOX2
Set 1,NEURON-08,Neural progenitor,Neuron,9,PAX6,0.643693,0.28,known_cofactor,140,0.9929,SOX2
Set 1,NEURON-08,Neural progenitor,Neuron,10,ACTL6B,0.632247,0.32,program_neighbor,78,0.4727,SOX2
Set 1,NEURON-08,Neural progenitor,Neuron,11,ETV1,0.625845,0.35,program_neighbor,140,0.9929,SOX2
Set 1,NEURON-08,Neural progenitor,Neuron,12,POU3F3,0.624513,0.38,program_neighbor,140,0.7568,SOX2
Set 1,NEURON-08,Neural progenitor,Neuron,13,RORB,0.619488,0.41,program_neighbor,140,0.9929,SOX2
Set 1,NEURON-08,Neural progenitor,Neuron,14,OTUD7A,0.617189,0.44,program_neighbor,10,0.0709,SOX2
Set 1,NEURON-08,Neural progenitor,Neuron,15,CTNND2,0.614029,0.47,program_neighbor,19,0.0308,SOX2
Set 1,NEURON-08,Neural progenitor,Neuron,16,CELF3,0.608754,0.51,program_neighbor,8,0.0402,SOX2
Set 1,NEURON-08,Neural progenitor,Neuron,17,SCRT1,0.606378,0.54,program_neighbor,140,0.9859,SOX2
Set 1,NEURON-08,Neural progenitor,Neuron,18,ZBTB18,0.600630,0.57,program_neighbor,2,0.0106,SOX2
Set 1,NEURON-08,Neural progenitor,Neuron,19,CHD5,0.599479,0.60,program_neighbor,90,0.4712,SOX2
Set 1,NEURON-08,Neural progenitor,Neuron,20,KHDRBS3,0.598403,0.63,program_neighbor,11,0.0780,SOX2
Set 1,NEURON-08,Neural progenitor,Neuron,21,SCRT2,0.588276,0.66,program_neighbor,140,0.9859,SOX2
Set 1,NEURON-08,Neural progenitor,Neuron,22,DLX1,0.587232,0.69,known_cofactor,3,0.0160,SOX2
Set 1,NEURON-08,Neural progenitor,Neuron,23,NAP1L2,0.586593,0.73,program_neighbor,1,0.0071,SOX2
Set 1,NEURON-08,Neural progenitor,Neuron,24,DEAF1,0.583612,0.76,program_neighbor,140,0.9790,SOX2
Set 1,NEURON-08,Neural progenitor,Neuron,25,MAPT,0.582511,0.79,program_neighbor,12,0.0628,SOX2
Set 1,NEURON-08,Neural progenitor,Neuron,26,FEZF2,0.581860,0.82,program_neighbor,140,0.9859,SOX2
Set 1,NEURON-08,Neural progenitor,Neuron,27,VAX2,0.580911,0.85,program_neighbor,140,0.9929,SOX2
Set 1,NEURON-08,Neural progenitor,Neuron,28,BHLHE22,0.578714,0.88,program_neighbor,10,0.0704,SOX2
Set 1,NEURON-08,Neural progenitor,Neuron,29,INSM2,0.575190,0.92,program_neighbor,10,0.0704,SOX2
Set 1,NEURON-08,Neural progenitor,Neuron,30,UNCX,0.574698,0.95,program_neighbor,14,0.0959,SOX2
Set 1,NEURON-08,Neural progenitor,Neuron,31,CHD7,0.574569,0.98,program_neighbor,141,0.7790,SOX2
Set 1,NEURON-08,Neural progenitor,Neuron,32,PURG,0.573789,1.01,program_neighbor,10,0.0709,SOX2
Set 1,NEURON-08,Neural progenitor,Neuron,33,BARHL2,0.572820,1.04,program_neighbor,140,0.9929,SOX2
Set 1,NEURON-08,Neural progenitor,Neuron,34,NEUROD1,0.571361,1.07,known_cofactor,140,0.9929,SOX2
Set 1,NEURON-08,Neural progenitor,Neuron,35,ZIC3,0.568598,1.11,program_neighbor,140,0.9859,SOX2
Set 1,NEURON-08,Neural progenitor,Neuron,36,DDN,0.564874,1.14,program_neighbor,61,0.3228,SOX2
Set 1,NEURON-08,Neural progenitor,Neuron,37,VSX1,0.564561,1.17,program_neighbor,140,0.9929,SOX2
Set 1,NEURON-08,Neural progenitor,Neuron,38,ZIC5,0.561643,1.20,program_neighbor,140,0.9859,SOX2
Set 1,NEURON-08,Neural progenitor,Neuron,39,NKX6-2,0.556823,1.23,program_neighbor,140,0.9929,SOX2
Set 1,NEURON-08,Neural progenitor,Neuron,40,PTPRN,0.556603,1.26,program_neighbor,55,0.3198,SOX2
Set 1,NEURON-08,Neural progenitor,Neuron,41,SOHLH1,0.555365,1.30,program_neighbor,140,0.9929,SOX2
Set 1,NEURON-08,Neural progenitor,Neuron,42,BARHL1,0.555194,1.33,program_neighbor,4,0.0214,SOX2
Set 1,NEURON-08,Neural progenitor,Neuron,43,CPEB3,0.552037,1.36,program_neighbor,68,0.3799,SOX2
Set 1,NEURON-08,Neural progenitor,Neuron,44,AFF3,0.551531,1.39,program_neighbor,140,0.9859,SOX2
Set 1,NEURON-08,Neural progenitor,Neuron,45,RBFOX3,0.550793,1.42,program_neighbor,51,0.2287,SOX2
Set 1,NEURON-08,Neural progenitor,Neuron,46,EMX1,0.548573,1.45,program_neighbor,10,0.0709,SOX2
Set 1,NEURON-08,Neural progenitor,Neuron,47,POU3F2,0.547860,1.48,known_cofactor,140,0.9859,SOX2
Set 1,NEURON-08,Neural progenitor,Neuron,48,DPF3,0.545155,1.52,program_neighbor,2,0.0142,SOX2
Set 1,NEURON-08,Neural progenitor,Neuron,49,OTX2,0.542656,1.55,program_neighbor,140,0.9929,SOX2
Set 1,NEURON-08,Neural progenitor,Neuron,50,SATB2,0.542560,1.58,program_neighbor,140,0.9790,SOX2
Set 1,NEURON-09,Neuron (generic),Neuron,1,FOXG1,0.746678,0.03,known_cofactor,1,0.0071,POU3F2
Set 1,NEURON-09,Neuron (generic),Neuron,2,EN2,0.736743,0.06,program_neighbor,14,0.0764,POU3F2
Set 1,NEURON-09,Neuron (generic),Neuron,3,TBR1,0.700736,0.09,program_neighbor,140,0.9929,POU3F2
Set 1,NEURON-09,Neuron (generic),Neuron,4,NEUROD2,0.689685,0.13,known_cofactor,177,0.6779,POU3F2
Set 1,NEURON-09,Neuron (generic),Neuron,5,ZIC1,0.687872,0.16,program_neighbor,140,0.9929,POU3F2
Set 1,NEURON-09,Neuron (generic),Neuron,6,ZIC2,0.677672,0.19,program_neighbor,141,1.0000,POU3F2
Set 1,NEURON-09,Neuron (generic),Neuron,7,MYT1L,0.659193,0.22,known_cofactor,141,0.9655,POU3F2
Set 1,NEURON-09,Neuron (generic),Neuron,8,CUX2,0.647662,0.25,program_neighbor,11,0.0406,ASCL1
Set 1,NEURON-09,Neuron (generic),Neuron,9,PAX6,0.643693,0.28,known_cofactor,140,0.9929,POU3F2
Set 1,NEURON-09,Neuron (generic),Neuron,10,ACTL6B,0.632247,0.32,program_neighbor,80,0.4639,POU3F2
Set 1,NEURON-09,Neuron (generic),Neuron,11,ETV1,0.625845,0.35,program_neighbor,140,0.9929,POU3F2
Set 1,NEURON-09,Neuron (generic),Neuron,12,POU3F3,0.624513,0.38,program_neighbor,181,0.7663,POU3F2
Set 1,NEURON-09,Neuron (generic),Neuron,13,RORB,0.619488,0.41,program_neighbor,140,0.9929,POU3F2
Set 1,NEURON-09,Neuron (generic),Neuron,14,OTUD7A,0.617189,0.44,program_neighbor,10,0.0709,POU3F2
Set 1,NEURON-09,Neuron (generic),Neuron,15,CTNND2,0.614029,0.47,program_neighbor,19,0.0308,POU3F2
Set 1,NEURON-09,Neuron (generic),Neuron,16,CELF3,0.608754,0.51,program_neighbor,63,0.2551,ASCL1
Set 1,NEURON-09,Neuron (generic),Neuron,17,SCRT1,0.606378,0.54,program_neighbor,140,0.9859,POU3F2
Set 1,NEURON-09,Neuron (generic),Neuron,18,ZBTB18,0.600630,0.57,program_neighbor,4,0.0138,ASCL1
Set 1,NEURON-09,Neuron (generic),Neuron,19,CHD5,0.599479,0.60,program_neighbor,90,0.4712,POU3F2
Set 1,NEURON-09,Neuron (generic),Neuron,20,KHDRBS3,0.598403,0.63,program_neighbor,11,0.0780,POU3F2
Set 1,NEURON-09,Neuron (generic),Neuron,21,SCRT2,0.588276,0.66,program_neighbor,141,1.0000,POU3F2
Set 1,NEURON-09,Neuron (generic),Neuron,22,DLX1,0.587232,0.69,known_cofactor,6,0.0208,ASCL1
Set 1,NEURON-09,Neuron (generic),Neuron,23,NAP1L2,0.586593,0.73,program_neighbor,1,0.0071,POU3F2
Set 1,NEURON-09,Neuron (generic),Neuron,24,DEAF1,0.583612,0.76,program_neighbor,142,0.9930,POU3F2
Set 1,NEURON-09,Neuron (generic),Neuron,25,MAPT,0.582511,0.79,program_neighbor,53,0.2095,ASCL1
Set 1,NEURON-09,Neuron (generic),Neuron,26,FEZF2,0.581860,0.82,program_neighbor,141,1.0000,POU3F2
Set 1,NEURON-09,Neuron (generic),Neuron,27,VAX2,0.580911,0.85,program_neighbor,140,0.9929,POU3F2
Set 1,NEURON-09,Neuron (generic),Neuron,28,BHLHE22,0.578714,0.88,program_neighbor,11,0.0909,NEUROG2
Set 1,NEURON-09,Neuron (generic),Neuron,29,INSM2,0.575190,0.92,program_neighbor,10,0.0704,POU3F2
Set 1,NEURON-09,Neuron (generic),Neuron,30,UNCX,0.574698,0.95,program_neighbor,14,0.0959,POU3F2
Set 1,NEURON-09,Neuron (generic),Neuron,31,CHD7,0.574569,0.98,program_neighbor,141,0.7790,POU3F2
Set 1,NEURON-09,Neuron (generic),Neuron,32,PURG,0.573789,1.01,program_neighbor,10,0.0709,POU3F2
Set 1,NEURON-09,Neuron (generic),Neuron,33,BARHL2,0.572820,1.04,program_neighbor,140,0.9929,POU3F2
Set 1,NEURON-09,Neuron (generic),Neuron,34,NEUROD1,0.571361,1.07,known_cofactor,140,0.9929,POU3F2
Set 1,NEURON-09,Neuron (generic),Neuron,35,ZIC3,0.568598,1.11,program_neighbor,140,0.9859,POU3F2
Set 1,NEURON-09,Neuron (generic),Neuron,36,DDN,0.564874,1.14,program_neighbor,61,0.3228,POU3F2
Set 1,NEURON-09,Neuron (generic),Neuron,37,VSX1,0.564561,1.17,program_neighbor,140,0.9929,POU3F2
Set 1,NEURON-09,Neuron (generic),Neuron,38,ZIC5,0.561643,1.20,program_neighbor,140,0.9859,POU3F2
Set 1,NEURON-09,Neuron (generic),Neuron,39,NKX6-2,0.556823,1.23,program_neighbor,140,0.9929,POU3F2
Set 1,NEURON-09,Neuron (generic),Neuron,40,PTPRN,0.556603,1.26,program_neighbor,55,0.3198,POU3F2
Set 1,NEURON-09,Neuron (generic),Neuron,41,SOHLH1,0.555365,1.30,program_neighbor,140,0.9929,POU3F2
Set 1,NEURON-09,Neuron (generic),Neuron,42,BARHL1,0.555194,1.33,program_neighbor,5,0.0214,POU3F2
Set 1,NEURON-09,Neuron (generic),Neuron,43,CPEB3,0.552037,1.36,program_neighbor,72,0.3799,POU3F2
Set 1,NEURON-09,Neuron (generic),Neuron,44,AFF3,0.551531,1.39,program_neighbor,140,0.9859,POU3F2
Set 1,NEURON-09,Neuron (generic),Neuron,45,RBFOX3,0.550793,1.42,program_neighbor,102,0.3709,ASCL1
Set 1,NEURON-09,Neuron (generic),Neuron,46,EMX1,0.548573,1.45,program_neighbor,10,0.0709,POU3F2
Set 1,NEURON-09,Neuron (generic),Neuron,47,POU3F2,0.547860,1.48,known_factor,141,1.0000,POU3F2
Set 1,NEURON-09,Neuron (generic),Neuron,48,DPF3,0.545155,1.52,program_neighbor,2,0.0142,POU3F2
Set 1,NEURON-09,Neuron (generic),Neuron,49,OTX2,0.542656,1.55,program_neighbor,140,0.9929,POU3F2
Set 1,NEURON-09,Neuron (generic),Neuron,50,SATB2,0.542560,1.58,program_neighbor,140,0.9790,POU3F2
Set 1,NEURON-10,Neuron (generic),Neuron,1,TBR1,0.729689,0.03,novel_prediction,0,0.0000,
Set 1,NEURON-10,Neuron (generic),Neuron,2,EN2,0.681461,0.06,program_neighbor,1,0.0714,NEUROG2
Set 1,NEURON-10,Neuron (generic),Neuron,3,NEUROD2,0.671368,0.09,known_cofactor,1,0.0048,NEUROG2
Set 1,NEURON-10,Neuron (generic),Neuron,4,ZIC1,0.658048,0.13,novel_prediction,0,0.0000,
Set 1,NEURON-10,Neuron (generic),Neuron,5,ZIC2,0.648038,0.16,program_neighbor,1,0.0071,NEUROG2
Set 1,NEURON-10,Neuron (generic),Neuron,6,ACTL6B,0.639923,0.19,novel_prediction,0,0.0000,
Set 1,NEURON-10,Neuron (generic),Neuron,7,MYT1L,0.633467,0.22,known_cofactor,0,0.0000,
Set 1,NEURON-10,Neuron (generic),Neuron,8,CTNND2,0.615962,0.25,novel_prediction,0,0.0000,
Set 1,NEURON-10,Neuron (generic),Neuron,9,PAX6,0.613869,0.28,known_cofactor,0,0.0000,
Set 1,NEURON-10,Neuron (generic),Neuron,10,FOXG1,0.613048,0.32,known_cofactor,0,0.0000,
Set 1,NEURON-10,Neuron (generic),Neuron,11,SCRT2,0.611015,0.35,program_neighbor,1,0.0071,NEUROG2
Set 1,NEURON-10,Neuron (generic),Neuron,12,CUX2,0.601910,0.38,novel_prediction,0,0.0000,
Set 1,NEURON-10,Neuron (generic),Neuron,13,ETV1,0.596021,0.41,novel_prediction,0,0.0000,
Set 1,NEURON-10,Neuron (generic),Neuron,14,ZBTB18,0.595922,0.44,novel_prediction,0,0.0000,
Set 1,NEURON-10,Neuron (generic),Neuron,15,CHD5,0.594722,0.47,novel_prediction,0,0.0000,
Set 1,NEURON-10,Neuron (generic),Neuron,16,RORB,0.589664,0.51,novel_prediction,0,0.0000,
Set 1,NEURON-10,Neuron (generic),Neuron,17,CELF3,0.589634,0.54,program_neighbor,1,0.0152,NEUROG2
Set 1,NEURON-10,Neuron (generic),Neuron,18,BARHL2,0.589480,0.57,novel_prediction,0,0.0000,
Set 1,NEURON-10,Neuron (generic),Neuron,19,ZIC3,0.588034,0.60,novel_prediction,0,0.0000,
Set 1,NEURON-10,Neuron (generic),Neuron,20,NEUROD1,0.585074,0.63,known_cofactor,0,0.0000,
Set 1,NEURON-10,Neuron (generic),Neuron,21,SCRT1,0.580097,0.66,novel_prediction,0,0.0000,
Set 1,NEURON-10,Neuron (generic),Neuron,22,ZIC5,0.580030,0.69,novel_prediction,0,0.0000,
Set 1,NEURON-10,Neuron (generic),Neuron,23,POU3F3,0.574044,0.73,program_neighbor,1,0.0054,NEUROG2
Set 1,NEURON-10,Neuron (generic),Neuron,24,MAPT,0.572971,0.76,program_neighbor,1,0.0161,NEUROG2
Set 1,NEURON-10,Neuron (generic),Neuron,25,OTX2,0.558140,0.79,novel_prediction,0,0.0000,
Set 1,NEURON-10,Neuron (generic),Neuron,26,DEAF1,0.556897,0.82,program_neighbor,1,0.0070,NEUROG2
Set 1,NEURON-10,Neuron (generic),Neuron,27,CHD7,0.552439,0.85,program_neighbor,1,0.0055,NEUROG2
Set 1,NEURON-10,Neuron (generic),Neuron,28,FEZF2,0.552226,0.88,program_neighbor,1,0.0071,NEUROG2
Set 1,NEURON-10,Neuron (generic),Neuron,29,VAX2,0.551087,0.92,novel_prediction,0,0.0000,
Set 1,NEURON-10,Neuron (generic),Neuron,30,BARHL1,0.549348,0.95,novel_prediction,0,0.0000,
Set 1,NEURON-10,Neuron (generic),Neuron,31,INSM2,0.545938,0.98,novel_prediction,0,0.0000,
Set 1,NEURON-10,Neuron (generic),Neuron,32,RIT2,0.543553,1.01,novel_prediction,0,0.0000,
Set 1,NEURON-10,Neuron (generic),Neuron,33,OTUD7A,0.543420,1.04,novel_prediction,0,0.0000,
Set 1,NEURON-10,Neuron (generic),Neuron,34,DLX1,0.542422,1.07,known_cofactor,0,0.0000,
Set 1,NEURON-10,Neuron (generic),Neuron,35,KHDRBS3,0.537820,1.11,novel_prediction,0,0.0000,
Set 1,NEURON-10,Neuron (generic),Neuron,36,RBFOX3,0.537656,1.14,program_neighbor,1,0.0075,NEUROG2
Set 1,NEURON-10,Neuron (generic),Neuron,37,VSX1,0.534737,1.17,novel_prediction,0,0.0000,
Set 1,NEURON-10,Neuron (generic),Neuron,38,MYT1,0.534347,1.20,novel_prediction,0,0.0000,
Set 1,NEURON-10,Neuron (generic),Neuron,39,SATB2,0.533928,1.23,novel_prediction,0,0.0000,
Set 1,NEURON-10,Neuron (generic),Neuron,40,PTPRN,0.533716,1.26,novel_prediction,0,0.0000,
Set 1,NEURON-10,Neuron (generic),Neuron,41,NKX6-3,0.533287,1.30,novel_prediction,0,0.0000,
Set 1,NEURON-10,Neuron (generic),Neuron,42,CELF4,0.532297,1.33,novel_prediction,0,0.0000,
Set 1,NEURON-10,Neuron (generic),Neuron,43,LHX1,0.531602,1.36,novel_prediction,0,0.0000,
Set 1,NEURON-10,Neuron (generic),Neuron,44,EOMES,0.531343,1.39,program_neighbor,1,0.0071,NEUROG2
Set 1,NEURON-10,Neuron (generic),Neuron,45,UNCX,0.530939,1.42,novel_prediction,0,0.0000,
Set 1,NEURON-10,Neuron (generic),Neuron,46,NKX6-2,0.526998,1.45,novel_prediction,0,0.0000,
Set 1,NEURON-10,Neuron (generic),Neuron,47,SOHLH1,0.525541,1.48,novel_prediction,0,0.0000,
Set 1,NEURON-10,Neuron (generic),Neuron,48,AFF3,0.525249,1.52,novel_prediction,0,0.0000,
Set 1,NEURON-10,Neuron (generic),Neuron,49,EGR4,0.522479,1.55,novel_prediction,0,0.0000,
Set 1,NEURON-10,Neuron (generic),Neuron,50,INSM1,0.519161,1.58,program_neighbor,1,0.0064,NEUROG2
Set 1,NEURON-11,Neuron (generic),Neuron,1,TBR1,0.729689,0.03,program_neighbor,140,1.0000,PAX6
Set 1,NEURON-11,Neuron (generic),Neuron,2,EN2,0.681461,0.06,program_neighbor,10,0.0694,PAX6
Set 1,NEURON-11,Neuron (generic),Neuron,3,NEUROD2,0.671368,0.09,known_cofactor,140,0.6731,PAX6
Set 1,NEURON-11,Neuron (generic),Neuron,4,ZIC1,0.658048,0.13,program_neighbor,140,1.0000,PAX6
Set 1,NEURON-11,Neuron (generic),Neuron,5,ZIC2,0.648038,0.16,program_neighbor,140,0.9929,PAX6
Set 1,NEURON-11,Neuron (generic),Neuron,6,ACTL6B,0.639923,0.19,program_neighbor,77,0.4667,PAX6
Set 1,NEURON-11,Neuron (generic),Neuron,7,MYT1L,0.633467,0.22,known_cofactor,140,0.9722,PAX6
Set 1,NEURON-11,Neuron (generic),Neuron,8,CTNND2,0.615962,0.25,program_neighbor,19,0.0309,PAX6
Set 1,NEURON-11,Neuron (generic),Neuron,9,PAX6,0.613869,0.28,known_factor,140,1.0000,PAX6
Set 1,NEURON-11,Neuron (generic),Neuron,10,FOXG1,0.613048,0.32,known_cofactor,1,0.0071,PAX6
Set 1,NEURON-11,Neuron (generic),Neuron,11,SCRT2,0.611015,0.35,program_neighbor,140,0.9929,PAX6
Set 1,NEURON-11,Neuron (generic),Neuron,12,CUX2,0.601910,0.38,program_neighbor,3,0.0171,PAX6
Set 1,NEURON-11,Neuron (generic),Neuron,13,ETV1,0.596021,0.41,program_neighbor,140,1.0000,PAX6
Set 1,NEURON-11,Neuron (generic),Neuron,14,ZBTB18,0.595922,0.44,program_neighbor,2,0.0106,PAX6
Set 1,NEURON-11,Neuron (generic),Neuron,15,CHD5,0.594722,0.47,program_neighbor,90,0.4737,PAX6
Set 1,NEURON-11,Neuron (generic),Neuron,16,RORB,0.589664,0.51,program_neighbor,140,1.0000,PAX6
Set 1,NEURON-11,Neuron (generic),Neuron,17,CELF3,0.589634,0.54,program_neighbor,8,0.0404,PAX6
Set 1,NEURON-11,Neuron (generic),Neuron,18,BARHL2,0.589480,0.57,program_neighbor,140,1.0000,PAX6
Set 1,NEURON-11,Neuron (generic),Neuron,19,ZIC3,0.588034,0.60,program_neighbor,140,0.9929,PAX6
Set 1,NEURON-11,Neuron (generic),Neuron,20,NEUROD1,0.585074,0.63,known_cofactor,140,1.0000,PAX6
Set 1,NEURON-11,Neuron (generic),Neuron,21,SCRT1,0.580097,0.66,program_neighbor,140,0.9929,PAX6
Set 1,NEURON-11,Neuron (generic),Neuron,22,ZIC5,0.580030,0.69,program_neighbor,140,0.9929,PAX6
Set 1,NEURON-11,Neuron (generic),Neuron,23,POU3F3,0.574044,0.73,program_neighbor,140,0.7609,PAX6
Set 1,NEURON-11,Neuron (generic),Neuron,24,MAPT,0.572971,0.76,program_neighbor,12,0.0632,PAX6
Set 1,NEURON-11,Neuron (generic),Neuron,25,OTX2,0.558140,0.79,program_neighbor,140,1.0000,PAX6
Set 1,NEURON-11,Neuron (generic),Neuron,26,DEAF1,0.556897,0.82,program_neighbor,140,0.9859,PAX6
Set 1,NEURON-11,Neuron (generic),Neuron,27,CHD7,0.552439,0.85,program_neighbor,140,0.7735,PAX6
Set 1,NEURON-11,Neuron (generic),Neuron,28,FEZF2,0.552226,0.88,program_neighbor,140,0.9929,PAX6
Set 1,NEURON-11,Neuron (generic),Neuron,29,VAX2,0.551087,0.92,program_neighbor,140,1.0000,PAX6
Set 1,NEURON-11,Neuron (generic),Neuron,30,BARHL1,0.549348,0.95,program_neighbor,4,0.0215,PAX6
Set 1,NEURON-11,Neuron (generic),Neuron,31,INSM2,0.545938,0.98,program_neighbor,10,0.0709,PAX6
Set 1,NEURON-11,Neuron (generic),Neuron,32,RIT2,0.543553,1.01,program_neighbor,17,0.0273,PAX6
Set 1,NEURON-11,Neuron (generic),Neuron,33,OTUD7A,0.543420,1.04,program_neighbor,10,0.0714,PAX6
Set 1,NEURON-11,Neuron (generic),Neuron,34,DLX1,0.542422,1.07,known_cofactor,3,0.0160,PAX6
Set 1,NEURON-11,Neuron (generic),Neuron,35,KHDRBS3,0.537820,1.11,program_neighbor,11,0.0786,PAX6
Set 1,NEURON-11,Neuron (generic),Neuron,36,RBFOX3,0.537656,1.14,program_neighbor,51,0.2297,PAX6
Set 1,NEURON-11,Neuron (generic),Neuron,37,VSX1,0.534737,1.17,program_neighbor,140,1.0000,PAX6
Set 1,NEURON-11,Neuron (generic),Neuron,38,MYT1,0.534347,1.20,program_neighbor,140,0.8140,PAX6
Set 1,NEURON-11,Neuron (generic),Neuron,39,SATB2,0.533928,1.23,program_neighbor,140,0.9859,PAX6
Set 1,NEURON-11,Neuron (generic),Neuron,40,PTPRN,0.533716,1.26,program_neighbor,55,0.3216,PAX6
Set 1,NEURON-11,Neuron (generic),Neuron,41,NKX6-3,0.533287,1.30,program_neighbor,3,0.0160,PAX6
Set 1,NEURON-11,Neuron (generic),Neuron,42,CELF4,0.532297,1.33,program_neighbor,4,0.0215,PAX6
Set 1,NEURON-11,Neuron (generic),Neuron,43,LHX1,0.531602,1.36,program_neighbor,140,1.0000,PAX6
Set 1,NEURON-11,Neuron (generic),Neuron,44,EOMES,0.531343,1.39,program_neighbor,140,0.9929,PAX6
Set 1,NEURON-11,Neuron (generic),Neuron,45,UNCX,0.530939,1.42,program_neighbor,14,0.0966,PAX6
Set 1,NEURON-11,Neuron (generic),Neuron,46,NKX6-2,0.526998,1.45,program_neighbor,140,1.0000,PAX6
Set 1,NEURON-11,Neuron (generic),Neuron,47,SOHLH1,0.525541,1.48,program_neighbor,140,1.0000,PAX6
Set 1,NEURON-11,Neuron (generic),Neuron,48,AFF3,0.525249,1.52,program_neighbor,140,0.9929,PAX6
Set 1,NEURON-11,Neuron (generic),Neuron,49,EGR4,0.522479,1.55,program_neighbor,140,0.9859,PAX6
Set 1,NEURON-11,Neuron (generic),Neuron,50,INSM1,0.519161,1.58,program_neighbor,140,0.8917,PAX6
Set 1,NEURON-12,Neuron (generic),Neuron,1,TBR1,0.729689,0.03,program_neighbor,140,0.5738,ASCL1
Set 1,NEURON-12,Neuron (generic),Neuron,2,EN2,0.681461,0.06,program_neighbor,14,0.0574,ASCL1
Set 1,NEURON-12,Neuron (generic),Neuron,3,NEUROD2,0.671368,0.09,known_cofactor,177,0.6436,ASCL1
Set 1,NEURON-12,Neuron (generic),Neuron,4,ZIC1,0.658048,0.13,program_neighbor,140,0.5738,ASCL1
Set 1,NEURON-12,Neuron (generic),Neuron,5,ZIC2,0.648038,0.16,program_neighbor,141,0.5779,ASCL1
Set 1,NEURON-12,Neuron (generic),Neuron,6,ACTL6B,0.639923,0.19,program_neighbor,80,0.3008,ASCL1
Set 1,NEURON-12,Neuron (generic),Neuron,7,MYT1L,0.633467,0.22,known_cofactor,141,0.5709,ASCL1
Set 1,NEURON-12,Neuron (generic),Neuron,8,CTNND2,0.615962,0.25,program_neighbor,19,0.0264,ASCL1
Set 1,NEURON-12,Neuron (generic),Neuron,9,PAX6,0.613869,0.28,known_cofactor,140,0.5738,ASCL1
Set 1,NEURON-12,Neuron (generic),Neuron,10,FOXG1,0.613048,0.32,known_cofactor,1,0.0041,ASCL1
Set 1,NEURON-12,Neuron (generic),Neuron,11,SCRT2,0.611015,0.35,program_neighbor,141,0.5779,ASCL1
Set 1,NEURON-12,Neuron (generic),Neuron,12,CUX2,0.601910,0.38,program_neighbor,11,0.0406,ASCL1
Set 1,NEURON-12,Neuron (generic),Neuron,13,ETV1,0.596021,0.41,program_neighbor,140,0.5738,ASCL1
Set 1,NEURON-12,Neuron (generic),Neuron,14,ZBTB18,0.595922,0.44,program_neighbor,4,0.0138,ASCL1
Set 1,NEURON-12,Neuron (generic),Neuron,15,CHD5,0.594722,0.47,program_neighbor,90,0.3061,ASCL1
Set 1,NEURON-12,Neuron (generic),Neuron,16,RORB,0.589664,0.51,program_neighbor,140,0.5738,ASCL1
Set 1,NEURON-12,Neuron (generic),Neuron,17,CELF3,0.589634,0.54,program_neighbor,63,0.2551,ASCL1
Set 1,NEURON-12,Neuron (generic),Neuron,18,BARHL2,0.589480,0.57,program_neighbor,140,0.5738,ASCL1
Set 1,NEURON-12,Neuron (generic),Neuron,19,ZIC3,0.588034,0.60,program_neighbor,140,0.5714,ASCL1
Set 1,NEURON-12,Neuron (generic),Neuron,20,NEUROD1,0.585074,0.63,known_cofactor,140,0.5738,ASCL1
Set 1,NEURON-12,Neuron (generic),Neuron,21,SCRT1,0.580097,0.66,program_neighbor,140,0.5714,ASCL1
Set 1,NEURON-12,Neuron (generic),Neuron,22,ZIC5,0.580030,0.69,program_neighbor,140,0.5714,ASCL1
Set 1,NEURON-12,Neuron (generic),Neuron,23,POU3F3,0.574044,0.73,program_neighbor,181,0.7328,ASCL1
Set 1,NEURON-12,Neuron (generic),Neuron,24,MAPT,0.572971,0.76,program_neighbor,53,0.2095,ASCL1
Set 1,NEURON-12,Neuron (generic),Neuron,25,OTX2,0.558140,0.79,program_neighbor,140,0.5738,ASCL1
Set 1,NEURON-12,Neuron (generic),Neuron,26,DEAF1,0.556897,0.82,program_neighbor,142,0.5820,ASCL1
Set 1,NEURON-12,Neuron (generic),Neuron,27,CHD7,0.552439,0.85,program_neighbor,141,0.4965,ASCL1
Set 1,NEURON-12,Neuron (generic),Neuron,28,FEZF2,0.552226,0.88,program_neighbor,141,0.5779,ASCL1
Set 1,NEURON-12,Neuron (generic),Neuron,29,VAX2,0.551087,0.92,program_neighbor,140,0.5738,ASCL1
Set 1,NEURON-12,Neuron (generic),Neuron,30,BARHL1,0.549348,0.95,program_neighbor,5,0.0173,ASCL1
Set 1,NEURON-12,Neuron (generic),Neuron,31,INSM2,0.545938,0.98,program_neighbor,10,0.0408,ASCL1
Set 1,NEURON-12,Neuron (generic),Neuron,32,RIT2,0.543553,1.01,program_neighbor,20,0.0276,ASCL1
Set 1,NEURON-12,Neuron (generic),Neuron,33,OTUD7A,0.543420,1.04,program_neighbor,10,0.0410,ASCL1
Set 1,NEURON-12,Neuron (generic),Neuron,34,DLX1,0.542422,1.07,known_cofactor,6,0.0208,ASCL1
Set 1,NEURON-12,Neuron (generic),Neuron,35,KHDRBS3,0.537820,1.11,program_neighbor,11,0.0451,ASCL1
Set 1,NEURON-12,Neuron (generic),Neuron,36,RBFOX3,0.537656,1.14,program_neighbor,102,0.3709,ASCL1
Set 1,NEURON-12,Neuron (generic),Neuron,37,VSX1,0.534737,1.17,program_neighbor,140,0.5738,ASCL1
Set 1,NEURON-12,Neuron (generic),Neuron,38,MYT1,0.534347,1.20,program_neighbor,148,0.5522,ASCL1
Set 1,NEURON-12,Neuron (generic),Neuron,39,SATB2,0.533928,1.23,program_neighbor,140,0.5691,ASCL1
Set 1,NEURON-12,Neuron (generic),Neuron,40,PTPRN,0.533716,1.26,program_neighbor,55,0.2000,ASCL1
Set 1,NEURON-12,Neuron (generic),Neuron,41,NKX6-3,0.533287,1.30,program_neighbor,5,0.0173,ASCL1
Set 1,NEURON-12,Neuron (generic),Neuron,42,CELF4,0.532297,1.33,program_neighbor,4,0.0138,ASCL1
Set 1,NEURON-12,Neuron (generic),Neuron,43,LHX1,0.531602,1.36,program_neighbor,140,0.5738,ASCL1
Set 1,NEURON-12,Neuron (generic),Neuron,44,EOMES,0.531343,1.39,program_neighbor,141,0.5779,ASCL1
Set 1,NEURON-12,Neuron (generic),Neuron,45,UNCX,0.530939,1.42,program_neighbor,14,0.0562,ASCL1
Set 1,NEURON-12,Neuron (generic),Neuron,46,NKX6-2,0.526998,1.45,program_neighbor,140,0.5738,ASCL1
Set 1,NEURON-12,Neuron (generic),Neuron,47,SOHLH1,0.525541,1.48,program_neighbor,140,0.5738,ASCL1
Set 1,NEURON-12,Neuron (generic),Neuron,48,AFF3,0.525249,1.52,program_neighbor,140,0.5714,ASCL1
Set 1,NEURON-12,Neuron (generic),Neuron,49,EGR4,0.522479,1.55,program_neighbor,140,0.5691,ASCL1
Set 1,NEURON-12,Neuron (generic),Neuron,50,INSM1,0.519161,1.58,program_neighbor,149,0.5913,ASCL1
Set 1,NEURON-13,Neuron (generic),Neuron,1,FOXG1,0.746678,0.03,known_cofactor,1,0.0071,POU3F2
Set 1,NEURON-13,Neuron (generic),Neuron,2,EN2,0.736743,0.06,program_neighbor,11,0.0764,POU3F2
Set 1,NEURON-13,Neuron (generic),Neuron,3,TBR1,0.700736,0.09,program_neighbor,140,0.9929,POU3F2
Set 1,NEURON-13,Neuron (generic),Neuron,4,NEUROD2,0.689685,0.13,known_cofactor,141,0.6779,POU3F2
Set 1,NEURON-13,Neuron (generic),Neuron,5,ZIC1,0.687872,0.16,program_neighbor,140,0.9929,POU3F2
Set 1,NEURON-13,Neuron (generic),Neuron,6,ZIC2,0.677672,0.19,program_neighbor,141,1.0000,POU3F2
Set 1,NEURON-13,Neuron (generic),Neuron,7,MYT1L,0.659193,0.22,known_factor,144,1.0000,MYT1L
Set 1,NEURON-13,Neuron (generic),Neuron,8,CUX2,0.647662,0.25,program_neighbor,4,0.0225,MYT1L
Set 1,NEURON-13,Neuron (generic),Neuron,9,PAX6,0.643693,0.28,known_cofactor,140,0.9929,POU3F2
Set 1,NEURON-13,Neuron (generic),Neuron,10,ACTL6B,0.632247,0.32,program_neighbor,78,0.4643,MYT1L
Set 1,NEURON-13,Neuron (generic),Neuron,11,ETV1,0.625845,0.35,program_neighbor,140,0.9929,POU3F2
Set 1,NEURON-13,Neuron (generic),Neuron,12,POU3F3,0.624513,0.38,program_neighbor,141,0.7663,POU3F2
Set 1,NEURON-13,Neuron (generic),Neuron,13,RORB,0.619488,0.41,program_neighbor,140,0.9929,POU3F2
Set 1,NEURON-13,Neuron (generic),Neuron,14,OTUD7A,0.617189,0.44,program_neighbor,10,0.0709,POU3F2
Set 1,NEURON-13,Neuron (generic),Neuron,15,CTNND2,0.614029,0.47,program_neighbor,21,0.0340,MYT1L
Set 1,NEURON-13,Neuron (generic),Neuron,16,CELF3,0.608754,0.51,program_neighbor,9,0.0455,POU3F2
Set 1,NEURON-13,Neuron (generic),Neuron,17,SCRT1,0.606378,0.54,program_neighbor,141,0.9859,POU3F2
Set 1,NEURON-13,Neuron (generic),Neuron,18,ZBTB18,0.600630,0.57,program_neighbor,2,0.0106,POU3F2
Set 1,NEURON-13,Neuron (generic),Neuron,19,CHD5,0.599479,0.60,program_neighbor,91,0.4715,MYT1L
Set 1,NEURON-13,Neuron (generic),Neuron,20,KHDRBS3,0.598403,0.63,program_neighbor,11,0.0780,POU3F2
Set 1,NEURON-13,Neuron (generic),Neuron,21,SCRT2,0.588276,0.66,program_neighbor,141,1.0000,POU3F2
Set 1,NEURON-13,Neuron (generic),Neuron,22,DLX1,0.587232,0.69,known_cofactor,3,0.0160,POU3F2
Set 1,NEURON-13,Neuron (generic),Neuron,23,NAP1L2,0.586593,0.73,program_neighbor,1,0.0071,POU3F2
Set 1,NEURON-13,Neuron (generic),Neuron,24,DEAF1,0.583612,0.76,program_neighbor,141,0.9930,POU3F2
Set 1,NEURON-13,Neuron (generic),Neuron,25,MAPT,0.582511,0.79,program_neighbor,15,0.0729,MYT1L
Set 1,NEURON-13,Neuron (generic),Neuron,26,FEZF2,0.581860,0.82,program_neighbor,141,1.0000,POU3F2
Set 1,NEURON-13,Neuron (generic),Neuron,27,VAX2,0.580911,0.85,program_neighbor,140,0.9929,POU3F2
Set 1,NEURON-13,Neuron (generic),Neuron,28,BHLHE22,0.578714,0.88,program_neighbor,11,0.0780,POU3F2
Set 1,NEURON-13,Neuron (generic),Neuron,29,INSM2,0.575190,0.92,program_neighbor,11,0.0764,MYT1L
Set 1,NEURON-13,Neuron (generic),Neuron,30,UNCX,0.574698,0.95,program_neighbor,14,0.0959,POU3F2
Set 1,NEURON-13,Neuron (generic),Neuron,31,CHD7,0.574569,0.98,program_neighbor,143,0.7790,POU3F2
Set 1,NEURON-13,Neuron (generic),Neuron,32,PURG,0.573789,1.01,program_neighbor,10,0.0709,POU3F2
Set 1,NEURON-13,Neuron (generic),Neuron,33,BARHL2,0.572820,1.04,program_neighbor,140,0.9929,POU3F2
Set 1,NEURON-13,Neuron (generic),Neuron,34,NEUROD1,0.571361,1.07,known_cofactor,140,0.9929,POU3F2
Set 1,NEURON-13,Neuron (generic),Neuron,35,ZIC3,0.568598,1.11,program_neighbor,141,0.9859,POU3F2
Set 1,NEURON-13,Neuron (generic),Neuron,36,DDN,0.564874,1.14,program_neighbor,62,0.3246,MYT1L
Set 1,NEURON-13,Neuron (generic),Neuron,37,VSX1,0.564561,1.17,program_neighbor,140,0.9929,POU3F2
Set 1,NEURON-13,Neuron (generic),Neuron,38,ZIC5,0.561643,1.20,program_neighbor,140,0.9859,POU3F2
Set 1,NEURON-13,Neuron (generic),Neuron,39,NKX6-2,0.556823,1.23,program_neighbor,140,0.9929,POU3F2
Set 1,NEURON-13,Neuron (generic),Neuron,40,PTPRN,0.556603,1.26,program_neighbor,55,0.3198,POU3F2
Set 1,NEURON-13,Neuron (generic),Neuron,41,SOHLH1,0.555365,1.30,program_neighbor,140,0.9929,POU3F2
Set 1,NEURON-13,Neuron (generic),Neuron,42,BARHL1,0.555194,1.33,program_neighbor,5,0.0265,MYT1L
Set 1,NEURON-13,Neuron (generic),Neuron,43,CPEB3,0.552037,1.36,program_neighbor,68,0.3799,POU3F2
Set 1,NEURON-13,Neuron (generic),Neuron,44,AFF3,0.551531,1.39,program_neighbor,141,0.9859,POU3F2
Set 1,NEURON-13,Neuron (generic),Neuron,45,RBFOX3,0.550793,1.42,program_neighbor,52,0.2342,POU3F2
Set 1,NEURON-13,Neuron (generic),Neuron,46,EMX1,0.548573,1.45,program_neighbor,10,0.0709,POU3F2
Set 1,NEURON-13,Neuron (generic),Neuron,47,POU3F2,0.547860,1.48,known_factor,141,1.0000,POU3F2
Set 1,NEURON-13,Neuron (generic),Neuron,48,DPF3,0.545155,1.52,program_neighbor,2,0.0142,POU3F2
Set 1,NEURON-13,Neuron (generic),Neuron,49,OTX2,0.542656,1.55,program_neighbor,140,0.9929,POU3F2
Set 1,NEURON-13,Neuron (generic),Neuron,50,SATB2,0.542560,1.58,program_neighbor,140,0.9790,POU3F2
Set 1,NEURON-14,Neuron (generic),Neuron,1,FOXG1,0.746678,0.03,known_cofactor,1,0.0069,MYT1L
Set 1,NEURON-14,Neuron (generic),Neuron,2,EN2,0.736743,0.06,program_neighbor,14,0.0676,MYT1L
Set 1,NEURON-14,Neuron (generic),Neuron,3,TBR1,0.700736,0.09,program_neighbor,140,0.9722,MYT1L
Set 1,NEURON-14,Neuron (generic),Neuron,4,NEUROD2,0.689685,0.13,known_factor,208,1.0000,NEUROD2
Set 1,NEURON-14,Neuron (generic),Neuron,5,ZIC1,0.687872,0.16,program_neighbor,140,0.9722,MYT1L
Set 1,NEURON-14,Neuron (generic),Neuron,6,ZIC2,0.677672,0.19,program_neighbor,141,0.9655,MYT1L
Set 1,NEURON-14,Neuron (generic),Neuron,7,MYT1L,0.659193,0.22,known_factor,144,1.0000,MYT1L
Set 1,NEURON-14,Neuron (generic),Neuron,8,CUX2,0.647662,0.25,program_neighbor,12,0.0406,ASCL1
Set 1,NEURON-14,Neuron (generic),Neuron,9,PAX6,0.643693,0.28,known_cofactor,140,0.9722,MYT1L
Set 1,NEURON-14,Neuron (generic),Neuron,10,ACTL6B,0.632247,0.32,program_neighbor,81,0.4643,MYT1L
Set 1,NEURON-14,Neuron (generic),Neuron,11,ETV1,0.625845,0.35,program_neighbor,140,0.9722,MYT1L
Set 1,NEURON-14,Neuron (generic),Neuron,12,POU3F3,0.624513,0.38,program_neighbor,181,0.8233,NEUROD2
Set 1,NEURON-14,Neuron (generic),Neuron,13,RORB,0.619488,0.41,program_neighbor,140,0.9722,MYT1L
Set 1,NEURON-14,Neuron (generic),Neuron,14,OTUD7A,0.617189,0.44,program_neighbor,10,0.0694,MYT1L
Set 1,NEURON-14,Neuron (generic),Neuron,15,CTNND2,0.614029,0.47,program_neighbor,52,0.0767,NEUROD2
Set 1,NEURON-14,Neuron (generic),Neuron,16,CELF3,0.608754,0.51,program_neighbor,63,0.2551,ASCL1
Set 1,NEURON-14,Neuron (generic),Neuron,17,SCRT1,0.606378,0.54,program_neighbor,141,0.9792,MYT1L
Set 1,NEURON-14,Neuron (generic),Neuron,18,ZBTB18,0.600630,0.57,program_neighbor,4,0.0157,NEUROD2
Set 1,NEURON-14,Neuron (generic),Neuron,19,CHD5,0.599479,0.60,program_neighbor,122,0.5330,NEUROD2
Set 1,NEURON-14,Neuron (generic),Neuron,20,KHDRBS3,0.598403,0.63,program_neighbor,11,0.0764,MYT1L
Set 1,NEURON-14,Neuron (generic),Neuron,21,SCRT2,0.588276,0.66,program_neighbor,141,0.9655,MYT1L
Set 1,NEURON-14,Neuron (generic),Neuron,22,DLX1,0.587232,0.69,known_cofactor,8,0.0238,NEUROD2
Set 1,NEURON-14,Neuron (generic),Neuron,23,NAP1L2,0.586593,0.73,program_neighbor,1,0.0069,MYT1L
Set 1,NEURON-14,Neuron (generic),Neuron,24,DEAF1,0.583612,0.76,program_neighbor,142,0.9589,MYT1L
Set 1,NEURON-14,Neuron (generic),Neuron,25,MAPT,0.582511,0.79,program_neighbor,55,0.2217,NEUROD2
Set 1,NEURON-14,Neuron (generic),Neuron,26,FEZF2,0.581860,0.82,program_neighbor,141,0.9655,MYT1L
Set 1,NEURON-14,Neuron (generic),Neuron,27,VAX2,0.580911,0.85,program_neighbor,140,0.9722,MYT1L
Set 1,NEURON-14,Neuron (generic),Neuron,28,BHLHE22,0.578714,0.88,program_neighbor,11,0.0690,MYT1L
Set 1,NEURON-14,Neuron (generic),Neuron,29,INSM2,0.575190,0.92,program_neighbor,11,0.0764,MYT1L
Set 1,NEURON-14,Neuron (generic),Neuron,30,UNCX,0.574698,0.95,program_neighbor,14,0.0940,MYT1L
Set 1,NEURON-14,Neuron (generic),Neuron,31,CHD7,0.574569,0.98,program_neighbor,143,0.7760,MYT1L
Set 1,NEURON-14,Neuron (generic),Neuron,32,PURG,0.573789,1.01,program_neighbor,10,0.0694,MYT1L
Set 1,NEURON-14,Neuron (generic),Neuron,33,BARHL2,0.572820,1.04,program_neighbor,140,0.9722,MYT1L
Set 1,NEURON-14,Neuron (generic),Neuron,34,NEUROD1,0.571361,1.07,known_cofactor,140,0.9722,MYT1L
Set 1,NEURON-14,Neuron (generic),Neuron,35,ZIC3,0.568598,1.11,program_neighbor,141,0.9792,MYT1L
Set 1,NEURON-14,Neuron (generic),Neuron,36,DDN,0.564874,1.14,program_neighbor,93,0.4089,NEUROD2
Set 1,NEURON-14,Neuron (generic),Neuron,37,VSX1,0.564561,1.17,program_neighbor,140,0.9722,MYT1L
Set 1,NEURON-14,Neuron (generic),Neuron,38,ZIC5,0.561643,1.20,program_neighbor,140,0.9655,MYT1L
Set 1,NEURON-14,Neuron (generic),Neuron,39,NKX6-2,0.556823,1.23,program_neighbor,140,0.9722,MYT1L
Set 1,NEURON-14,Neuron (generic),Neuron,40,PTPRN,0.556603,1.26,program_neighbor,86,0.4135,NEUROD2
Set 1,NEURON-14,Neuron (generic),Neuron,41,SOHLH1,0.555365,1.30,program_neighbor,140,0.9722,MYT1L
Set 1,NEURON-14,Neuron (generic),Neuron,42,BARHL1,0.555194,1.33,program_neighbor,6,0.0265,MYT1L
Set 1,NEURON-14,Neuron (generic),Neuron,43,CPEB3,0.552037,1.36,program_neighbor,103,0.4605,NEUROD2
Set 1,NEURON-14,Neuron (generic),Neuron,44,AFF3,0.551531,1.39,program_neighbor,141,0.9792,MYT1L
Set 1,NEURON-14,Neuron (generic),Neuron,45,RBFOX3,0.550793,1.42,program_neighbor,133,0.3709,ASCL1
Set 1,NEURON-14,Neuron (generic),Neuron,46,EMX1,0.548573,1.45,program_neighbor,10,0.0694,MYT1L
Set 1,NEURON-14,Neuron (generic),Neuron,47,POU3F2,0.547860,1.48,known_cofactor,141,0.9655,MYT1L
Set 1,NEURON-14,Neuron (generic),Neuron,48,DPF3,0.545155,1.52,program_neighbor,2,0.0139,MYT1L
Set 1,NEURON-14,Neuron (generic),Neuron,49,OTX2,0.542656,1.55,program_neighbor,140,0.9722,MYT1L
Set 1,NEURON-14,Neuron (generic),Neuron,50,SATB2,0.542560,1.58,program_neighbor,140,0.9589,MYT1L
Set 1,NEURON-15,Neuron (generic),Neuron,1,EN2,0.677825,0.03,program_neighbor,14,0.0764,POU3F2
Set 1,NEURON-15,Neuron (generic),Neuron,2,TBR1,0.669283,0.06,program_neighbor,140,0.9929,POU3F2
Set 1,NEURON-15,Neuron (generic),Neuron,3,NEUROD2,0.668124,0.09,known_cofactor,177,0.6779,POU3F2
Set 1,NEURON-15,Neuron (generic),Neuron,4,ZIC1,0.656418,0.13,program_neighbor,140,0.9929,POU3F2
Set 1,NEURON-15,Neuron (generic),Neuron,5,ACTL6B,0.652052,0.16,program_neighbor,81,0.4643,MYT1L
Set 1,NEURON-15,Neuron (generic),Neuron,6,ZIC2,0.645789,0.19,program_neighbor,141,1.0000,POU3F2
Set 1,NEURON-15,Neuron (generic),Neuron,7,CUX2,0.641860,0.22,program_neighbor,12,0.0406,ASCL1
Set 1,NEURON-15,Neuron (generic),Neuron,8,MYT1L,0.635314,0.25,known_factor,144,1.0000,MYT1L
Set 1,NEURON-15,Neuron (generic),Neuron,9,CTNND2,0.629387,0.28,program_neighbor,21,0.0340,MYT1L
Set 1,NEURON-15,Neuron (generic),Neuron,10,FOXG1,0.615873,0.32,known_cofactor,1,0.0071,POU3F2
Set 1,NEURON-15,Neuron (generic),Neuron,11,PAX6,0.612239,0.35,known_cofactor,140,0.9929,POU3F2
Set 1,NEURON-15,Neuron (generic),Neuron,12,CHD5,0.603357,0.38,program_neighbor,91,0.4715,MYT1L
Set 1,NEURON-15,Neuron (generic),Neuron,13,ZBTB18,0.598322,0.41,program_neighbor,4,0.0138,ASCL1
Set 1,NEURON-15,Neuron (generic),Neuron,14,ETV1,0.594392,0.44,program_neighbor,140,0.9929,POU3F2
Set 1,NEURON-15,Neuron (generic),Neuron,15,RORB,0.588034,0.47,program_neighbor,140,0.9929,POU3F2
Set 1,NEURON-15,Neuron (generic),Neuron,16,SCRT1,0.581944,0.51,program_neighbor,141,0.9859,POU3F2
Set 1,NEURON-15,Neuron (generic),Neuron,17,DLX1,0.577931,0.54,known_cofactor,6,0.0208,ASCL1
Set 1,NEURON-15,Neuron (generic),Neuron,18,MAPT,0.576994,0.57,program_neighbor,55,0.2095,ASCL1
Set 1,NEURON-15,Neuron (generic),Neuron,19,POU3F3,0.570745,0.60,program_neighbor,181,0.7663,POU3F2
Set 1,NEURON-15,Neuron (generic),Neuron,20,CHD7,0.562555,0.63,program_neighbor,143,0.7790,POU3F2
Set 1,NEURON-15,Neuron (generic),Neuron,21,SCRT2,0.556393,0.66,program_neighbor,141,1.0000,POU3F2
Set 1,NEURON-15,Neuron (generic),Neuron,22,DEAF1,0.553457,0.69,program_neighbor,142,0.9930,POU3F2
Set 1,NEURON-15,Neuron (generic),Neuron,23,DDN,0.550135,0.73,program_neighbor,62,0.3246,MYT1L
Set 1,NEURON-15,Neuron (generic),Neuron,24,FEZF2,0.549977,0.76,program_neighbor,141,1.0000,POU3F2
Set 1,NEURON-15,Neuron (generic),Neuron,25,VAX2,0.549457,0.79,program_neighbor,140,0.9929,POU3F2
Set 1,NEURON-15,Neuron (generic),Neuron,26,INSM2,0.549306,0.82,program_neighbor,11,0.0764,MYT1L
Set 1,NEURON-15,Neuron (generic),Neuron,27,NKX6-2,0.547015,0.85,program_neighbor,140,0.9929,POU3F2
Set 1,NEURON-15,Neuron (generic),Neuron,28,OTUD7A,0.546245,0.88,program_neighbor,10,0.0709,POU3F2
Set 1,NEURON-15,Neuron (generic),Neuron,29,MYT1,0.544868,0.92,program_neighbor,148,0.8092,POU3F2
Set 1,NEURON-15,Neuron (generic),Neuron,30,ZIC3,0.544164,0.95,program_neighbor,141,0.9859,POU3F2
Set 1,NEURON-15,Neuron (generic),Neuron,31,UNCX,0.543361,0.98,program_neighbor,14,0.0959,POU3F2
Set 1,NEURON-15,Neuron (generic),Neuron,32,BARHL2,0.541366,1.01,program_neighbor,140,0.9929,POU3F2
Set 1,NEURON-15,Neuron (generic),Neuron,33,KHDRBS3,0.540644,1.04,program_neighbor,11,0.0780,POU3F2
Set 1,NEURON-15,Neuron (generic),Neuron,34,NEUROD1,0.539907,1.07,known_cofactor,140,0.9929,POU3F2
Set 1,NEURON-15,Neuron (generic),Neuron,35,CELF4,0.539497,1.11,program_neighbor,4,0.0214,POU3F2
Set 1,NEURON-15,Neuron (generic),Neuron,36,ZIC5,0.535097,1.14,program_neighbor,140,0.9859,POU3F2
Set 1,NEURON-15,Neuron (generic),Neuron,37,PTPRN,0.534042,1.17,program_neighbor,55,0.3198,POU3F2
Set 1,NEURON-15,Neuron (generic),Neuron,38,VSX1,0.533107,1.20,program_neighbor,140,0.9929,POU3F2
Set 1,NEURON-15,Neuron (generic),Neuron,39,SATB2,0.532299,1.23,program_neighbor,140,0.9790,POU3F2
Set 1,NEURON-15,Neuron (generic),Neuron,40,EOMES,0.529093,1.26,program_neighbor,141,1.0000,POU3F2
Set 1,NEURON-15,Neuron (generic),Neuron,41,AFF3,0.527096,1.30,program_neighbor,141,0.9859,POU3F2
Set 1,NEURON-15,Neuron (generic),Neuron,42,CELF3,0.526443,1.33,program_neighbor,63,0.2551,ASCL1
Set 1,NEURON-15,Neuron (generic),Neuron,43,MAP3K9,0.525319,1.36,program_neighbor,56,0.1543,ASCL1
Set 1,NEURON-15,Neuron (generic),Neuron,44,ASCL1,0.524656,1.39,known_factor,244,1.0000,ASCL1
Set 1,NEURON-15,Neuron (generic),Neuron,45,SOHLH1,0.523911,1.42,program_neighbor,140,0.9929,POU3F2
Set 1,NEURON-15,Neuron (generic),Neuron,46,TFAP2E,0.520241,1.45,program_neighbor,4,0.0160,POU3F2
Set 1,NEURON-15,Neuron (generic),Neuron,47,BCL11A,0.519722,1.48,program_neighbor,177,0.7650,POU3F2
Set 1,NEURON-15,Neuron (generic),Neuron,48,CRYM,0.519305,1.52,program_neighbor,42,0.1627,ASCL1
Set 1,NEURON-15,Neuron (generic),Neuron,49,LHX2,0.519189,1.55,program_neighbor,1,0.0069,MYT1L
Set 1,NEURON-15,Neuron (generic),Neuron,50,CPEB3,0.518707,1.58,program_neighbor,72,0.3799,POU3F2
Set 1,NEURON-18,Neuron (in vivo),Neuron,1,TBR1,0.729689,0.03,novel_prediction,0,0.0000,
Set 1,NEURON-18,Neuron (in vivo),Neuron,2,EN2,0.681461,0.06,program_neighbor,1,0.0714,NEUROG2
Set 1,NEURON-18,Neuron (in vivo),Neuron,3,NEUROD2,0.671368,0.09,known_cofactor,1,0.0048,NEUROG2
Set 1,NEURON-18,Neuron (in vivo),Neuron,4,ZIC1,0.658048,0.13,novel_prediction,0,0.0000,
Set 1,NEURON-18,Neuron (in vivo),Neuron,5,ZIC2,0.648038,0.16,program_neighbor,1,0.0071,NEUROG2
Set 1,NEURON-18,Neuron (in vivo),Neuron,6,ACTL6B,0.639923,0.19,novel_prediction,0,0.0000,
Set 1,NEURON-18,Neuron (in vivo),Neuron,7,MYT1L,0.633467,0.22,known_cofactor,0,0.0000,
Set 1,NEURON-18,Neuron (in vivo),Neuron,8,CTNND2,0.615962,0.25,novel_prediction,0,0.0000,
Set 1,NEURON-18,Neuron (in vivo),Neuron,9,PAX6,0.613869,0.28,known_cofactor,0,0.0000,
Set 1,NEURON-18,Neuron (in vivo),Neuron,10,FOXG1,0.613048,0.32,known_cofactor,0,0.0000,
Set 1,NEURON-18,Neuron (in vivo),Neuron,11,SCRT2,0.611015,0.35,program_neighbor,1,0.0071,NEUROG2
Set 1,NEURON-18,Neuron (in vivo),Neuron,12,CUX2,0.601910,0.38,novel_prediction,0,0.0000,
Set 1,NEURON-18,Neuron (in vivo),Neuron,13,ETV1,0.596021,0.41,novel_prediction,0,0.0000,
Set 1,NEURON-18,Neuron (in vivo),Neuron,14,ZBTB18,0.595922,0.44,novel_prediction,0,0.0000,
Set 1,NEURON-18,Neuron (in vivo),Neuron,15,CHD5,0.594722,0.47,novel_prediction,0,0.0000,
Set 1,NEURON-18,Neuron (in vivo),Neuron,16,RORB,0.589664,0.51,novel_prediction,0,0.0000,
Set 1,NEURON-18,Neuron (in vivo),Neuron,17,CELF3,0.589634,0.54,program_neighbor,1,0.0152,NEUROG2
Set 1,NEURON-18,Neuron (in vivo),Neuron,18,BARHL2,0.589480,0.57,novel_prediction,0,0.0000,
Set 1,NEURON-18,Neuron (in vivo),Neuron,19,ZIC3,0.588034,0.60,novel_prediction,0,0.0000,
Set 1,NEURON-18,Neuron (in vivo),Neuron,20,NEUROD1,0.585074,0.63,known_cofactor,0,0.0000,
Set 1,NEURON-18,Neuron (in vivo),Neuron,21,SCRT1,0.580097,0.66,novel_prediction,0,0.0000,
Set 1,NEURON-18,Neuron (in vivo),Neuron,22,ZIC5,0.580030,0.69,novel_prediction,0,0.0000,
Set 1,NEURON-18,Neuron (in vivo),Neuron,23,POU3F3,0.574044,0.73,program_neighbor,1,0.0054,NEUROG2
Set 1,NEURON-18,Neuron (in vivo),Neuron,24,MAPT,0.572971,0.76,program_neighbor,1,0.0161,NEUROG2
Set 1,NEURON-18,Neuron (in vivo),Neuron,25,OTX2,0.558140,0.79,novel_prediction,0,0.0000,
Set 1,NEURON-18,Neuron (in vivo),Neuron,26,DEAF1,0.556897,0.82,program_neighbor,1,0.0070,NEUROG2
Set 1,NEURON-18,Neuron (in vivo),Neuron,27,CHD7,0.552439,0.85,program_neighbor,1,0.0055,NEUROG2
Set 1,NEURON-18,Neuron (in vivo),Neuron,28,FEZF2,0.552226,0.88,program_neighbor,1,0.0071,NEUROG2
Set 1,NEURON-18,Neuron (in vivo),Neuron,29,VAX2,0.551087,0.92,novel_prediction,0,0.0000,
Set 1,NEURON-18,Neuron (in vivo),Neuron,30,BARHL1,0.549348,0.95,novel_prediction,0,0.0000,
Set 1,NEURON-18,Neuron (in vivo),Neuron,31,INSM2,0.545938,0.98,novel_prediction,0,0.0000,
Set 1,NEURON-18,Neuron (in vivo),Neuron,32,RIT2,0.543553,1.01,novel_prediction,0,0.0000,
Set 1,NEURON-18,Neuron (in vivo),Neuron,33,OTUD7A,0.543420,1.04,novel_prediction,0,0.0000,
Set 1,NEURON-18,Neuron (in vivo),Neuron,34,DLX1,0.542422,1.07,known_cofactor,0,0.0000,
Set 1,NEURON-18,Neuron (in vivo),Neuron,35,KHDRBS3,0.537820,1.11,novel_prediction,0,0.0000,
Set 1,NEURON-18,Neuron (in vivo),Neuron,36,RBFOX3,0.537656,1.14,program_neighbor,1,0.0075,NEUROG2
Set 1,NEURON-18,Neuron (in vivo),Neuron,37,VSX1,0.534737,1.17,novel_prediction,0,0.0000,
Set 1,NEURON-18,Neuron (in vivo),Neuron,38,MYT1,0.534347,1.20,novel_prediction,0,0.0000,
Set 1,NEURON-18,Neuron (in vivo),Neuron,39,SATB2,0.533928,1.23,novel_prediction,0,0.0000,
Set 1,NEURON-18,Neuron (in vivo),Neuron,40,PTPRN,0.533716,1.26,novel_prediction,0,0.0000,
Set 1,NEURON-18,Neuron (in vivo),Neuron,41,NKX6-3,0.533287,1.30,novel_prediction,0,0.0000,
Set 1,NEURON-18,Neuron (in vivo),Neuron,42,CELF4,0.532297,1.33,novel_prediction,0,0.0000,
Set 1,NEURON-18,Neuron (in vivo),Neuron,43,LHX1,0.531602,1.36,novel_prediction,0,0.0000,
Set 1,NEURON-18,Neuron (in vivo),Neuron,44,EOMES,0.531343,1.39,program_neighbor,1,0.0071,NEUROG2
Set 1,NEURON-18,Neuron (in vivo),Neuron,45,UNCX,0.530939,1.42,novel_prediction,0,0.0000,
Set 1,NEURON-18,Neuron (in vivo),Neuron,46,NKX6-2,0.526998,1.45,novel_prediction,0,0.0000,
Set 1,NEURON-18,Neuron (in vivo),Neuron,47,SOHLH1,0.525541,1.48,novel_prediction,0,0.0000,
Set 1,NEURON-18,Neuron (in vivo),Neuron,48,AFF3,0.525249,1.52,novel_prediction,0,0.0000,
Set 1,NEURON-18,Neuron (in vivo),Neuron,49,EGR4,0.522479,1.55,novel_prediction,0,0.0000,
Set 1,NEURON-18,Neuron (in vivo),Neuron,50,INSM1,0.519161,1.58,program_neighbor,1,0.0064,NEUROG2
Set 1,NEURON-19,GABAergic neuron,Neuron,1,EN2,0.711017,0.03,program_neighbor,14,0.0764,DLX2
Set 1,NEURON-19,GABAergic neuron,Neuron,2,FOXG1,0.701394,0.06,known_cofactor,1,0.0071,DLX2
Set 1,NEURON-19,GABAergic neuron,Neuron,3,TBR1,0.693769,0.09,program_neighbor,140,0.9929,DLX2
Set 1,NEURON-19,GABAergic neuron,Neuron,4,ZIC2,0.676308,0.13,program_neighbor,141,1.0000,DLX2
Set 1,NEURON-19,GABAergic neuron,Neuron,5,ZIC1,0.666974,0.16,program_neighbor,140,0.9929,DLX2
Set 1,NEURON-19,GABAergic neuron,Neuron,6,NEUROD2,0.663863,0.19,known_cofactor,177,0.6779,DLX2
Set 1,NEURON-19,GABAergic neuron,Neuron,7,MYT1L,0.653252,0.22,known_cofactor,141,0.9655,DLX2
Set 1,NEURON-19,GABAergic neuron,Neuron,8,DLX1,0.631927,0.25,known_cofactor,6,0.0208,ASCL1
Set 1,NEURON-19,GABAergic neuron,Neuron,9,RORB,0.615711,0.28,program_neighbor,140,0.9929,DLX2
Set 1,NEURON-19,GABAergic neuron,Neuron,10,OTUD7A,0.615032,0.32,program_neighbor,10,0.0709,DLX2
Set 1,NEURON-19,GABAergic neuron,Neuron,11,ACTL6B,0.608512,0.35,program_neighbor,80,0.4639,DLX2
Set 1,NEURON-19,GABAergic neuron,Neuron,12,POU3F3,0.606339,0.38,program_neighbor,181,0.7663,DLX2
Set 1,NEURON-19,GABAergic neuron,Neuron,13,ETV1,0.602547,0.41,program_neighbor,140,0.9929,DLX2
Set 1,NEURON-19,GABAergic neuron,Neuron,14,PAX6,0.601543,0.44,known_cofactor,140,0.9929,DLX2
Set 1,NEURON-19,GABAergic neuron,Neuron,15,BHLHE22,0.596386,0.47,program_neighbor,11,0.0780,DLX2
Set 1,NEURON-19,GABAergic neuron,Neuron,16,FEZF2,0.594978,0.51,program_neighbor,141,1.0000,DLX2
Set 1,NEURON-19,GABAergic neuron,Neuron,17,CHD5,0.590222,0.54,program_neighbor,90,0.4712,DLX2
Set 1,NEURON-19,GABAergic neuron,Neuron,18,SCRT2,0.581318,0.57,program_neighbor,141,1.0000,DLX2
Set 1,NEURON-19,GABAergic neuron,Neuron,19,SCRT1,0.575819,0.60,program_neighbor,140,0.9859,DLX2
Set 1,NEURON-19,GABAergic neuron,Neuron,20,SOHLH1,0.575468,0.63,program_neighbor,140,0.9929,DLX2
Set 1,NEURON-19,GABAergic neuron,Neuron,21,NAP1L2,0.571946,0.66,program_neighbor,1,0.0071,DLX2
Set 1,NEURON-19,GABAergic neuron,Neuron,22,OTX2,0.570393,0.69,program_neighbor,140,0.9929,DLX2
Set 1,NEURON-19,GABAergic neuron,Neuron,23,VSX1,0.568793,0.73,program_neighbor,140,0.9929,DLX2
Set 1,NEURON-19,GABAergic neuron,Neuron,24,PTPRN,0.564924,0.76,program_neighbor,55,0.3198,DLX2
Set 1,NEURON-19,GABAergic neuron,Neuron,25,NEUROD1,0.560598,0.79,known_cofactor,140,0.9929,DLX2
Set 1,NEURON-19,GABAergic neuron,Neuron,26,CELF3,0.559070,0.82,program_neighbor,63,0.2551,ASCL1
Set 1,NEURON-19,GABAergic neuron,Neuron,27,MAPT,0.558980,0.85,program_neighbor,53,0.2095,ASCL1
Set 1,NEURON-19,GABAergic neuron,Neuron,28,NKX6-2,0.558491,0.88,program_neighbor,140,0.9929,DLX2
Set 1,NEURON-19,GABAergic neuron,Neuron,29,PURG,0.557283,0.92,program_neighbor,10,0.0709,DLX2
Set 1,NEURON-19,GABAergic neuron,Neuron,30,DEAF1,0.553720,0.95,program_neighbor,142,0.9930,DLX2
Set 1,NEURON-19,GABAergic neuron,Neuron,31,INSM2,0.552085,0.98,program_neighbor,10,0.0704,DLX2
Set 1,NEURON-19,GABAergic neuron,Neuron,32,AFF3,0.550934,1.01,program_neighbor,140,0.9859,DLX2
Set 1,NEURON-19,GABAergic neuron,Neuron,33,CUX2,0.550482,1.04,program_neighbor,11,0.0406,ASCL1
Set 1,NEURON-19,GABAergic neuron,Neuron,34,DPF3,0.546248,1.07,program_neighbor,2,0.0142,DLX2
Set 1,NEURON-19,GABAergic neuron,Neuron,35,DDN,0.545948,1.11,program_neighbor,61,0.3228,DLX2
Set 1,NEURON-19,GABAergic neuron,Neuron,36,VAX2,0.545624,1.14,program_neighbor,140,0.9929,DLX2
Set 1,NEURON-19,GABAergic neuron,Neuron,37,KHDRBS3,0.540956,1.17,program_neighbor,11,0.0780,DLX2
Set 1,NEURON-19,GABAergic neuron,Neuron,38,CRYM,0.536802,1.20,program_neighbor,41,0.1627,ASCL1
Set 1,NEURON-19,GABAergic neuron,Neuron,39,EMX1,0.536772,1.23,program_neighbor,10,0.0709,DLX2
Set 1,NEURON-19,GABAergic neuron,Neuron,40,PRDM13,0.533921,1.26,program_neighbor,11,0.0780,DLX2
Set 1,NEURON-19,GABAergic neuron,Neuron,41,CRTC1,0.529860,1.30,program_neighbor,52,0.3023,DLX2
Set 1,NEURON-19,GABAergic neuron,Neuron,42,POU3F2,0.528786,1.33,known_cofactor,141,1.0000,DLX2
Set 1,NEURON-19,GABAergic neuron,Neuron,43,BARHL2,0.527021,1.36,program_neighbor,140,0.9929,DLX2
Set 1,NEURON-19,GABAergic neuron,Neuron,44,SATB2,0.525676,1.39,program_neighbor,140,0.9790,DLX2
Set 1,NEURON-19,GABAergic neuron,Neuron,45,ZNF711,0.525375,1.42,program_neighbor,141,0.9859,DLX2
Set 1,NEURON-19,GABAergic neuron,Neuron,46,ZIC5,0.525178,1.45,program_neighbor,140,0.9859,DLX2
Set 1,NEURON-19,GABAergic neuron,Neuron,47,ZBTB18,0.524515,1.48,program_neighbor,4,0.0138,ASCL1
Set 1,NEURON-19,GABAergic neuron,Neuron,48,PRDM8,0.523322,1.52,program_neighbor,141,1.0000,DLX2
Set 1,NEURON-19,GABAergic neuron,Neuron,49,RBFOX3,0.521498,1.55,program_neighbor,102,0.3709,ASCL1
Set 1,NEURON-19,GABAergic neuron,Neuron,50,SOX11,0.520240,1.58,program_neighbor,141,0.9860,DLX2
Set 1,NEURON-20,Serotonergic neuron,Neuron,1,FOXG1,0.745248,0.03,known_cofactor,1,0.0071,GATA2
Set 1,NEURON-20,Serotonergic neuron,Neuron,2,EN2,0.731059,0.06,program_neighbor,14,0.0694,GATA2
Set 1,NEURON-20,Serotonergic neuron,Neuron,3,NEUROD2,0.712526,0.09,known_cofactor,177,0.6731,GATA2
Set 1,NEURON-20,Serotonergic neuron,Neuron,4,TBR1,0.692311,0.13,program_neighbor,140,1.0000,GATA2
Set 1,NEURON-20,Serotonergic neuron,Neuron,5,ZIC1,0.684030,0.16,program_neighbor,140,1.0000,GATA2
Set 1,NEURON-20,Serotonergic neuron,Neuron,6,CUX2,0.673644,0.19,program_neighbor,12,0.0406,ASCL1
Set 1,NEURON-20,Serotonergic neuron,Neuron,7,ZIC2,0.670833,0.22,program_neighbor,141,0.9929,GATA2
Set 1,NEURON-20,Serotonergic neuron,Neuron,8,MYT1L,0.667171,0.25,known_cofactor,142,0.9792,NKX2-2
Set 1,NEURON-20,Serotonergic neuron,Neuron,9,ACTL6B,0.639438,0.28,program_neighbor,81,0.4727,NKX2-2
Set 1,NEURON-20,Serotonergic neuron,Neuron,10,MAPT,0.638611,0.32,program_neighbor,54,0.2095,ASCL1
Set 1,NEURON-20,Serotonergic neuron,Neuron,11,PAX6,0.635729,0.35,known_cofactor,140,1.0000,GATA2
Set 1,NEURON-20,Serotonergic neuron,Neuron,12,POU3F3,0.633980,0.38,program_neighbor,181,0.7609,GATA2
Set 1,NEURON-20,Serotonergic neuron,Neuron,13,ETV1,0.624817,0.41,program_neighbor,140,1.0000,GATA2
Set 1,NEURON-20,Serotonergic neuron,Neuron,14,CTNND2,0.622250,0.44,program_neighbor,20,0.0325,NKX2-2
Set 1,NEURON-20,Serotonergic neuron,Neuron,15,OTUD7A,0.618534,0.47,program_neighbor,10,0.0714,GATA2
Set 1,NEURON-20,Serotonergic neuron,Neuron,16,RORB,0.615307,0.51,program_neighbor,140,1.0000,GATA2
Set 1,NEURON-20,Serotonergic neuron,Neuron,17,SCRT1,0.612186,0.54,program_neighbor,141,1.0000,NKX2-2
Set 1,NEURON-20,Serotonergic neuron,Neuron,18,ZBTB18,0.611296,0.57,program_neighbor,4,0.0138,ASCL1
Set 1,NEURON-20,Serotonergic neuron,Neuron,19,CHD5,0.605647,0.60,program_neighbor,91,0.4789,NKX2-2
Set 1,NEURON-20,Serotonergic neuron,Neuron,20,KHDRBS3,0.602602,0.63,program_neighbor,11,0.0786,GATA2
Set 1,NEURON-20,Serotonergic neuron,Neuron,21,DEAF1,0.593061,0.66,program_neighbor,142,0.9859,GATA2
Set 1,NEURON-20,Serotonergic neuron,Neuron,22,NAP1L2,0.586824,0.69,program_neighbor,1,0.0071,GATA2
Set 1,NEURON-20,Serotonergic neuron,Neuron,23,UNCX,0.585422,0.73,program_neighbor,14,0.0966,GATA2
Set 1,NEURON-20,Serotonergic neuron,Neuron,24,SCRT2,0.577464,0.76,program_neighbor,141,0.9929,GATA2
Set 1,NEURON-20,Serotonergic neuron,Neuron,25,NEUROD1,0.576016,0.79,known_cofactor,140,1.0000,GATA2
Set 1,NEURON-20,Serotonergic neuron,Neuron,26,CHD7,0.574970,0.82,program_neighbor,142,0.7790,NKX2-2
Set 1,NEURON-20,Serotonergic neuron,Neuron,27,BARHL2,0.574882,0.85,program_neighbor,140,1.0000,GATA2
Set 1,NEURON-20,Serotonergic neuron,Neuron,28,FEZF2,0.571779,0.88,program_neighbor,141,0.9929,GATA2
Set 1,NEURON-20,Serotonergic neuron,Neuron,29,ZIC5,0.571463,0.92,program_neighbor,140,0.9929,GATA2
Set 1,NEURON-20,Serotonergic neuron,Neuron,30,ZIC3,0.571066,0.95,program_neighbor,141,1.0000,NKX2-2
Set 1,NEURON-20,Serotonergic neuron,Neuron,31,INSM2,0.570212,0.98,program_neighbor,10,0.0709,GATA2
Set 1,NEURON-20,Serotonergic neuron,Neuron,32,VAX2,0.569932,1.01,program_neighbor,140,1.0000,GATA2
Set 1,NEURON-20,Serotonergic neuron,Neuron,33,PURG,0.566565,1.04,program_neighbor,10,0.0714,GATA2
Set 1,NEURON-20,Serotonergic neuron,Neuron,34,BHLHE22,0.565394,1.07,program_neighbor,11,0.0709,GATA2
Set 1,NEURON-20,Serotonergic neuron,Neuron,35,CRYM,0.563643,1.11,program_neighbor,41,0.1627,ASCL1
Set 1,NEURON-20,Serotonergic neuron,Neuron,36,DDN,0.562859,1.14,program_neighbor,61,0.3245,GATA2
Set 1,NEURON-20,Serotonergic neuron,Neuron,37,VSX1,0.561671,1.17,program_neighbor,140,1.0000,GATA2
Set 1,NEURON-20,Serotonergic neuron,Neuron,38,BCL11A,0.560296,1.20,program_neighbor,176,0.7692,GATA2
Set 1,NEURON-20,Serotonergic neuron,Neuron,39,CELF4,0.558168,1.23,program_neighbor,4,0.0215,GATA2
Set 1,NEURON-20,Serotonergic neuron,Neuron,40,DPF3,0.552645,1.26,program_neighbor,2,0.0143,GATA2
Set 1,NEURON-20,Serotonergic neuron,Neuron,41,NKX6-2,0.551898,1.30,program_neighbor,140,1.0000,GATA2
Set 1,NEURON-20,Serotonergic neuron,Neuron,42,BARHL1,0.550421,1.33,program_neighbor,5,0.0215,GATA2
Set 1,NEURON-20,Serotonergic neuron,Neuron,43,CELF3,0.550197,1.36,program_neighbor,63,0.2551,ASCL1
Set 1,NEURON-20,Serotonergic neuron,Neuron,44,PTPRN,0.549340,1.39,program_neighbor,55,0.3216,GATA2
Set 1,NEURON-20,Serotonergic neuron,Neuron,45,AFF3,0.547802,1.42,program_neighbor,141,1.0000,NKX2-2
Set 1,NEURON-20,Serotonergic neuron,Neuron,46,CPEB3,0.545048,1.45,program_neighbor,72,0.3820,GATA2
Set 1,NEURON-20,Serotonergic neuron,Neuron,47,EMX1,0.542876,1.48,program_neighbor,10,0.0714,GATA2
Set 1,NEURON-20,Serotonergic neuron,Neuron,48,SOX3,0.541460,1.52,program_neighbor,11,0.0704,GATA2
Set 1,NEURON-20,Serotonergic neuron,Neuron,49,EPOP,0.540845,1.55,program_neighbor,12,0.0857,GATA2
Set 1,NEURON-20,Serotonergic neuron,Neuron,50,SOHLH1,0.540506,1.58,program_neighbor,140,1.0000,GATA2
Set 1,CARDIO-01,Cardiomyocyte,Cardiac,1,ACTN2,0.776582,0.03,program_neighbor,1,0.0050,GATA4
Set 1,CARDIO-01,Cardiomyocyte,Cardiac,2,CSRP3,0.764290,0.06,program_neighbor,83,0.1677,TBX5
Set 1,CARDIO-01,Cardiomyocyte,Cardiac,3,TBX5,0.756333,0.09,known_factor,140,1.0000,TBX5
Set 1,CARDIO-01,Cardiomyocyte,Cardiac,4,NKX2-5,0.735010,0.13,program_neighbor,176,1.0000,MEF2C
Set 1,CARDIO-01,Cardiomyocyte,Cardiac,5,TBX20,0.718899,0.16,known_cofactor,140,0.9929,TBX5
Set 1,CARDIO-01,Cardiomyocyte,Cardiac,6,ANKRD1,0.650798,0.19,program_neighbor,6,0.0269,MEF2C
Set 1,CARDIO-01,Cardiomyocyte,Cardiac,7,MLIP,0.648868,0.22,program_neighbor,1,0.0056,GATA4
Set 1,CARDIO-01,Cardiomyocyte,Cardiac,8,HAND1,0.643927,0.25,program_neighbor,6,0.0326,TBX5
Set 1,CARDIO-01,Cardiomyocyte,Cardiac,9,PERM1,0.638425,0.28,program_neighbor,140,0.8434,TBX5
Set 1,CARDIO-01,Cardiomyocyte,Cardiac,10,GATA4,0.635944,0.32,known_factor,177,1.0000,GATA4
Set 1,CARDIO-01,Cardiomyocyte,Cardiac,11,DPF3,0.628249,0.35,program_neighbor,2,0.0143,TBX5
Set 1,CARDIO-01,Cardiomyocyte,Cardiac,12,PKP2,0.598680,0.38,program_neighbor,37,0.1832,MEF2C
Set 1,CARDIO-01,Cardiomyocyte,Cardiac,13,TENM2,0.575139,0.41,program_neighbor,29,0.0294,GATA4
Set 1,CARDIO-01,Cardiomyocyte,Cardiac,14,IRX4,0.568218,0.44,program_neighbor,10,0.0704,TBX5
Set 1,CARDIO-01,Cardiomyocyte,Cardiac,15,TCF15,0.562883,0.47,program_neighbor,140,0.9929,TBX5
Set 1,CARDIO-01,Cardiomyocyte,Cardiac,16,ABRA,0.548095,0.51,program_neighbor,84,0.3860,TBX5
Set 1,CARDIO-01,Cardiomyocyte,Cardiac,17,HEYL,0.540498,0.54,program_neighbor,140,1.0000,TBX5
Set 1,CARDIO-01,Cardiomyocyte,Cardiac,18,MLF1,0.524253,0.57,program_neighbor,140,1.0000,TBX5
Set 1,CARDIO-01,Cardiomyocyte,Cardiac,19,GATA6,0.507454,0.60,program_neighbor,176,1.0000,MEF2C
Set 1,CARDIO-01,Cardiomyocyte,Cardiac,20,EYA4,0.504730,0.63,program_neighbor,87,0.4624,TBX5
Set 1,CARDIO-01,Cardiomyocyte,Cardiac,21,NKX2-6,0.497305,0.66,program_neighbor,176,1.0000,MEF2C
Set 1,CARDIO-01,Cardiomyocyte,Cardiac,22,HEY2,0.495997,0.69,program_neighbor,140,1.0000,TBX5
Set 1,CARDIO-01,Cardiomyocyte,Cardiac,23,FHL2,0.494099,0.73,program_neighbor,36,0.2045,MEF2C
Set 1,CARDIO-01,Cardiomyocyte,Cardiac,24,HAND2,0.487604,0.76,known_cofactor,176,1.0000,MEF2C
Set 1,CARDIO-01,Cardiomyocyte,Cardiac,25,RAG2,0.482706,0.79,program_neighbor,4,0.0286,TBX5
Set 1,CARDIO-01,Cardiomyocyte,Cardiac,26,PROX1,0.481476,0.82,program_neighbor,140,0.9929,TBX5
Set 1,CARDIO-01,Cardiomyocyte,Cardiac,27,PPARGC1A,0.481324,0.85,program_neighbor,176,0.7333,MEF2C
Set 1,CARDIO-01,Cardiomyocyte,Cardiac,28,MESP2,0.475327,0.88,program_neighbor,141,0.9722,TBX5
Set 1,CARDIO-01,Cardiomyocyte,Cardiac,29,ESRRB,0.474167,0.92,program_neighbor,140,1.0000,TBX5
Set 1,CARDIO-01,Cardiomyocyte,Cardiac,30,WNT4,0.472263,0.95,program_neighbor,10,0.0714,TBX5
Set 1,CARDIO-01,Cardiomyocyte,Cardiac,31,GATA5,0.468945,0.98,program_neighbor,140,1.0000,TBX5
Set 1,CARDIO-01,Cardiomyocyte,Cardiac,32,FOXG1,0.465690,1.01,program_neighbor,1,0.0071,TBX5
Set 1,CARDIO-01,Cardiomyocyte,Cardiac,33,SRF,0.463270,1.04,known_cofactor,141,0.9929,TBX5
Set 1,CARDIO-01,Cardiomyocyte,Cardiac,34,PPP1R13L,0.460786,1.07,program_neighbor,109,0.5117,GATA4
Set 1,CARDIO-01,Cardiomyocyte,Cardiac,35,MESP1,0.460442,1.11,known_cofactor,140,1.0000,TBX5
Set 1,CARDIO-01,Cardiomyocyte,Cardiac,36,KHDRBS3,0.457922,1.14,program_neighbor,11,0.0786,TBX5
Set 1,CARDIO-01,Cardiomyocyte,Cardiac,37,DBP,0.457812,1.17,program_neighbor,140,1.0000,TBX5
Set 1,CARDIO-01,Cardiomyocyte,Cardiac,38,NKX1-2,0.457161,1.20,program_neighbor,10,0.0709,TBX5
Set 1,CARDIO-01,Cardiomyocyte,Cardiac,39,PRDM6,0.456653,1.23,program_neighbor,11,0.0780,TBX5
Set 1,CARDIO-01,Cardiomyocyte,Cardiac,40,RAX,0.454283,1.26,program_neighbor,10,0.0714,TBX5
Set 1,CARDIO-01,Cardiomyocyte,Cardiac,41,TBX1,0.452837,1.30,program_neighbor,140,1.0000,TBX5
Set 1,CARDIO-01,Cardiomyocyte,Cardiac,42,PRDM13,0.449699,1.33,program_neighbor,10,0.0709,TBX5
Set 1,CARDIO-01,Cardiomyocyte,Cardiac,43,COLEC11,0.448044,1.36,program_neighbor,36,0.2045,MEF2C
Set 1,CARDIO-01,Cardiomyocyte,Cardiac,44,MEOX1,0.447373,1.39,program_neighbor,140,1.0000,TBX5
Set 1,CARDIO-01,Cardiomyocyte,Cardiac,45,NTN1,0.447193,1.42,program_neighbor,37,0.1850,GATA4
Set 1,CARDIO-01,Cardiomyocyte,Cardiac,46,MYOCD,0.447147,1.45,known_cofactor,78,0.4843,TBX5
Set 1,CARDIO-01,Cardiomyocyte,Cardiac,47,FOXF1,0.444886,1.48,program_neighbor,11,0.0704,TBX5
Set 1,CARDIO-01,Cardiomyocyte,Cardiac,48,CRYM,0.444726,1.52,program_neighbor,37,0.1968,MEF2C
Set 1,CARDIO-01,Cardiomyocyte,Cardiac,49,PAX1,0.444454,1.55,program_neighbor,140,1.0000,TBX5
Set 1,CARDIO-01,Cardiomyocyte,Cardiac,50,ESRRG,0.443961,1.58,known_cofactor,140,1.0000,TBX5
Set 1,CARDIO-02,Cardiomyocyte,Cardiac,1,ACTN2,0.776582,0.03,program_neighbor,1,0.0050,GATA4
Set 1,CARDIO-02,Cardiomyocyte,Cardiac,2,CSRP3,0.764290,0.06,program_neighbor,83,0.1677,TBX5
Set 1,CARDIO-02,Cardiomyocyte,Cardiac,3,TBX5,0.756333,0.09,known_factor,140,1.0000,TBX5
Set 1,CARDIO-02,Cardiomyocyte,Cardiac,4,NKX2-5,0.735010,0.13,program_neighbor,176,1.0000,HAND2
Set 1,CARDIO-02,Cardiomyocyte,Cardiac,5,TBX20,0.718899,0.16,known_cofactor,140,0.9929,TBX5
Set 1,CARDIO-02,Cardiomyocyte,Cardiac,6,ANKRD1,0.650798,0.19,program_neighbor,6,0.0269,HAND2
Set 1,CARDIO-02,Cardiomyocyte,Cardiac,7,MLIP,0.648868,0.22,program_neighbor,1,0.0056,GATA4
Set 1,CARDIO-02,Cardiomyocyte,Cardiac,8,HAND1,0.643927,0.25,program_neighbor,6,0.0326,TBX5
Set 1,CARDIO-02,Cardiomyocyte,Cardiac,9,PERM1,0.638425,0.28,program_neighbor,140,0.8434,TBX5
Set 1,CARDIO-02,Cardiomyocyte,Cardiac,10,GATA4,0.635944,0.32,known_factor,177,1.0000,GATA4
Set 1,CARDIO-02,Cardiomyocyte,Cardiac,11,DPF3,0.628249,0.35,program_neighbor,2,0.0143,TBX5
Set 1,CARDIO-02,Cardiomyocyte,Cardiac,12,PKP2,0.598680,0.38,program_neighbor,37,0.1832,HAND2
Set 1,CARDIO-02,Cardiomyocyte,Cardiac,13,TENM2,0.575139,0.41,program_neighbor,29,0.0294,GATA4
Set 1,CARDIO-02,Cardiomyocyte,Cardiac,14,IRX4,0.568218,0.44,program_neighbor,10,0.0704,TBX5
Set 1,CARDIO-02,Cardiomyocyte,Cardiac,15,TCF15,0.562883,0.47,program_neighbor,140,0.9929,TBX5
Set 1,CARDIO-02,Cardiomyocyte,Cardiac,16,ABRA,0.548095,0.51,program_neighbor,84,0.3860,TBX5
Set 1,CARDIO-02,Cardiomyocyte,Cardiac,17,HEYL,0.540498,0.54,program_neighbor,140,1.0000,TBX5
Set 1,CARDIO-02,Cardiomyocyte,Cardiac,18,MLF1,0.524253,0.57,program_neighbor,140,1.0000,TBX5
Set 1,CARDIO-02,Cardiomyocyte,Cardiac,19,GATA6,0.507454,0.60,program_neighbor,176,1.0000,HAND2
Set 1,CARDIO-02,Cardiomyocyte,Cardiac,20,EYA4,0.504730,0.63,program_neighbor,87,0.4624,TBX5
Set 1,CARDIO-02,Cardiomyocyte,Cardiac,21,NKX2-6,0.497305,0.66,program_neighbor,176,1.0000,HAND2
Set 1,CARDIO-02,Cardiomyocyte,Cardiac,22,HEY2,0.495997,0.69,program_neighbor,140,1.0000,TBX5
Set 1,CARDIO-02,Cardiomyocyte,Cardiac,23,FHL2,0.494099,0.73,program_neighbor,36,0.2045,HAND2
Set 1,CARDIO-02,Cardiomyocyte,Cardiac,24,HAND2,0.487604,0.76,known_factor,176,1.0000,HAND2
Set 1,CARDIO-02,Cardiomyocyte,Cardiac,25,RAG2,0.482706,0.79,program_neighbor,4,0.0286,TBX5
Set 1,CARDIO-02,Cardiomyocyte,Cardiac,26,PROX1,0.481476,0.82,program_neighbor,140,0.9929,TBX5
Set 1,CARDIO-02,Cardiomyocyte,Cardiac,27,PPARGC1A,0.481324,0.85,program_neighbor,176,0.7333,HAND2
Set 1,CARDIO-02,Cardiomyocyte,Cardiac,28,MESP2,0.475327,0.88,program_neighbor,141,0.9722,TBX5
Set 1,CARDIO-02,Cardiomyocyte,Cardiac,29,ESRRB,0.474167,0.92,program_neighbor,140,1.0000,TBX5
Set 1,CARDIO-02,Cardiomyocyte,Cardiac,30,WNT4,0.472263,0.95,program_neighbor,10,0.0714,TBX5
Set 1,CARDIO-02,Cardiomyocyte,Cardiac,31,GATA5,0.468945,0.98,program_neighbor,140,1.0000,TBX5
Set 1,CARDIO-02,Cardiomyocyte,Cardiac,32,FOXG1,0.465690,1.01,program_neighbor,1,0.0071,TBX5
Set 1,CARDIO-02,Cardiomyocyte,Cardiac,33,SRF,0.463270,1.04,known_cofactor,141,0.9929,TBX5
Set 1,CARDIO-02,Cardiomyocyte,Cardiac,34,PPP1R13L,0.460786,1.07,program_neighbor,109,0.5117,GATA4
Set 1,CARDIO-02,Cardiomyocyte,Cardiac,35,MESP1,0.460442,1.11,known_cofactor,140,1.0000,TBX5
Set 1,CARDIO-02,Cardiomyocyte,Cardiac,36,KHDRBS3,0.457922,1.14,program_neighbor,11,0.0786,TBX5
Set 1,CARDIO-02,Cardiomyocyte,Cardiac,37,DBP,0.457812,1.17,program_neighbor,140,1.0000,TBX5
Set 1,CARDIO-02,Cardiomyocyte,Cardiac,38,NKX1-2,0.457161,1.20,program_neighbor,10,0.0709,TBX5
Set 1,CARDIO-02,Cardiomyocyte,Cardiac,39,PRDM6,0.456653,1.23,program_neighbor,11,0.0780,TBX5
Set 1,CARDIO-02,Cardiomyocyte,Cardiac,40,RAX,0.454283,1.26,program_neighbor,10,0.0714,TBX5
Set 1,CARDIO-02,Cardiomyocyte,Cardiac,41,TBX1,0.452837,1.30,program_neighbor,140,1.0000,TBX5
Set 1,CARDIO-02,Cardiomyocyte,Cardiac,42,PRDM13,0.449699,1.33,program_neighbor,10,0.0709,TBX5
Set 1,CARDIO-02,Cardiomyocyte,Cardiac,43,COLEC11,0.448044,1.36,program_neighbor,36,0.2045,HAND2
Set 1,CARDIO-02,Cardiomyocyte,Cardiac,44,MEOX1,0.447373,1.39,program_neighbor,140,1.0000,TBX5
Set 1,CARDIO-02,Cardiomyocyte,Cardiac,45,NTN1,0.447193,1.42,program_neighbor,37,0.1850,GATA4
Set 1,CARDIO-02,Cardiomyocyte,Cardiac,46,MYOCD,0.447147,1.45,known_cofactor,78,0.4843,TBX5
Set 1,CARDIO-02,Cardiomyocyte,Cardiac,47,FOXF1,0.444886,1.48,program_neighbor,11,0.0704,TBX5
Set 1,CARDIO-02,Cardiomyocyte,Cardiac,48,CRYM,0.444726,1.52,program_neighbor,37,0.1968,HAND2
Set 1,CARDIO-02,Cardiomyocyte,Cardiac,49,PAX1,0.444454,1.55,program_neighbor,140,1.0000,TBX5
Set 1,CARDIO-02,Cardiomyocyte,Cardiac,50,ESRRG,0.443961,1.58,known_cofactor,140,1.0000,TBX5
Set 1,CARDIO-03,Cardiomyocyte,Cardiac,1,ACTN2,0.776582,0.03,program_neighbor,2,0.0168,MYOCD
Set 1,CARDIO-03,Cardiomyocyte,Cardiac,2,CSRP3,0.764290,0.06,program_neighbor,83,0.1677,TBX5
Set 1,CARDIO-03,Cardiomyocyte,Cardiac,3,TBX5,0.756333,0.09,known_factor,140,1.0000,TBX5
Set 1,CARDIO-03,Cardiomyocyte,Cardiac,4,NKX2-5,0.735010,0.13,program_neighbor,176,1.0000,MEF2C
Set 1,CARDIO-03,Cardiomyocyte,Cardiac,5,TBX20,0.718899,0.16,known_cofactor,140,0.9929,TBX5
Set 1,CARDIO-03,Cardiomyocyte,Cardiac,6,ANKRD1,0.650798,0.19,program_neighbor,9,0.0269,MEF2C
Set 1,CARDIO-03,Cardiomyocyte,Cardiac,7,MLIP,0.648868,0.22,program_neighbor,1,0.0102,MYOCD
Set 1,CARDIO-03,Cardiomyocyte,Cardiac,8,HAND1,0.643927,0.25,program_neighbor,7,0.0326,TBX5
Set 1,CARDIO-03,Cardiomyocyte,Cardiac,9,PERM1,0.638425,0.28,program_neighbor,140,0.8434,TBX5
Set 1,CARDIO-03,Cardiomyocyte,Cardiac,10,GATA4,0.635944,0.32,known_cofactor,177,0.9944,MEF2C
Set 1,CARDIO-03,Cardiomyocyte,Cardiac,11,DPF3,0.628249,0.35,program_neighbor,2,0.0208,MYOCD
Set 1,CARDIO-03,Cardiomyocyte,Cardiac,12,PKP2,0.598680,0.38,program_neighbor,37,0.1832,MEF2C
Set 1,CARDIO-03,Cardiomyocyte,Cardiac,13,TENM2,0.575139,0.41,program_neighbor,46,0.0309,MYOCD
Set 1,CARDIO-03,Cardiomyocyte,Cardiac,14,IRX4,0.568218,0.44,program_neighbor,10,0.1020,MYOCD
Set 1,CARDIO-03,Cardiomyocyte,Cardiac,15,TCF15,0.562883,0.47,program_neighbor,140,0.9929,TBX5
Set 1,CARDIO-03,Cardiomyocyte,Cardiac,16,ABRA,0.548095,0.51,program_neighbor,84,0.3860,TBX5
Set 1,CARDIO-03,Cardiomyocyte,Cardiac,17,HEYL,0.540498,0.54,program_neighbor,140,1.0000,TBX5
Set 1,CARDIO-03,Cardiomyocyte,Cardiac,18,MLF1,0.524253,0.57,program_neighbor,140,1.0000,TBX5
Set 1,CARDIO-03,Cardiomyocyte,Cardiac,19,GATA6,0.507454,0.60,program_neighbor,176,1.0000,MEF2C
Set 1,CARDIO-03,Cardiomyocyte,Cardiac,20,EYA4,0.504730,0.63,program_neighbor,88,0.5302,MYOCD
Set 1,CARDIO-03,Cardiomyocyte,Cardiac,21,NKX2-6,0.497305,0.66,program_neighbor,176,1.0000,MEF2C
Set 1,CARDIO-03,Cardiomyocyte,Cardiac,22,HEY2,0.495997,0.69,program_neighbor,140,1.0000,TBX5
Set 1,CARDIO-03,Cardiomyocyte,Cardiac,23,FHL2,0.494099,0.73,program_neighbor,36,0.2045,MEF2C
Set 1,CARDIO-03,Cardiomyocyte,Cardiac,24,HAND2,0.487604,0.76,known_cofactor,176,1.0000,MEF2C
Set 1,CARDIO-03,Cardiomyocyte,Cardiac,25,RAG2,0.482706,0.79,program_neighbor,4,0.0417,MYOCD
Set 1,CARDIO-03,Cardiomyocyte,Cardiac,26,PROX1,0.481476,0.82,program_neighbor,140,0.9929,TBX5
Set 1,CARDIO-03,Cardiomyocyte,Cardiac,27,PPARGC1A,0.481324,0.85,program_neighbor,176,0.7333,MEF2C
Set 1,CARDIO-03,Cardiomyocyte,Cardiac,28,MESP2,0.475327,0.88,program_neighbor,142,0.9722,TBX5
Set 1,CARDIO-03,Cardiomyocyte,Cardiac,29,ESRRB,0.474167,0.92,program_neighbor,140,1.0000,TBX5
Set 1,CARDIO-03,Cardiomyocyte,Cardiac,30,WNT4,0.472263,0.95,program_neighbor,10,0.1042,MYOCD
Set 1,CARDIO-03,Cardiomyocyte,Cardiac,31,GATA5,0.468945,0.98,program_neighbor,140,1.0000,TBX5
Set 1,CARDIO-03,Cardiomyocyte,Cardiac,32,FOXG1,0.465690,1.01,program_neighbor,1,0.0104,MYOCD
Set 1,CARDIO-03,Cardiomyocyte,Cardiac,33,SRF,0.463270,1.04,known_cofactor,141,0.9929,TBX5
Set 1,CARDIO-03,Cardiomyocyte,Cardiac,34,PPP1R13L,0.460786,1.07,program_neighbor,110,0.5070,MEF2C
Set 1,CARDIO-03,Cardiomyocyte,Cardiac,35,MESP1,0.460442,1.11,known_cofactor,140,1.0000,TBX5
Set 1,CARDIO-03,Cardiomyocyte,Cardiac,36,KHDRBS3,0.457922,1.14,program_neighbor,11,0.1146,MYOCD
Set 1,CARDIO-03,Cardiomyocyte,Cardiac,37,DBP,0.457812,1.17,program_neighbor,140,1.0000,TBX5
Set 1,CARDIO-03,Cardiomyocyte,Cardiac,38,NKX1-2,0.457161,1.20,program_neighbor,10,0.1031,MYOCD
Set 1,CARDIO-03,Cardiomyocyte,Cardiac,39,PRDM6,0.456653,1.23,program_neighbor,11,0.1134,MYOCD
Set 1,CARDIO-03,Cardiomyocyte,Cardiac,40,RAX,0.454283,1.26,program_neighbor,10,0.1042,MYOCD
Set 1,CARDIO-03,Cardiomyocyte,Cardiac,41,TBX1,0.452837,1.30,program_neighbor,140,1.0000,TBX5
Set 1,CARDIO-03,Cardiomyocyte,Cardiac,42,PRDM13,0.449699,1.33,program_neighbor,10,0.1031,MYOCD
Set 1,CARDIO-03,Cardiomyocyte,Cardiac,43,COLEC11,0.448044,1.36,program_neighbor,36,0.2045,MEF2C
Set 1,CARDIO-03,Cardiomyocyte,Cardiac,44,MEOX1,0.447373,1.39,program_neighbor,140,1.0000,TBX5
Set 1,CARDIO-03,Cardiomyocyte,Cardiac,45,NTN1,0.447193,1.42,program_neighbor,37,0.1800,MEF2C
Set 1,CARDIO-03,Cardiomyocyte,Cardiac,46,MYOCD,0.447147,1.45,known_factor,96,1.0000,MYOCD
Set 1,CARDIO-03,Cardiomyocyte,Cardiac,47,FOXF1,0.444886,1.48,program_neighbor,11,0.1134,MYOCD
Set 1,CARDIO-03,Cardiomyocyte,Cardiac,48,CRYM,0.444726,1.52,program_neighbor,37,0.1968,MEF2C
Set 1,CARDIO-03,Cardiomyocyte,Cardiac,49,PAX1,0.444454,1.55,program_neighbor,140,1.0000,TBX5
Set 1,CARDIO-03,Cardiomyocyte,Cardiac,50,ESRRG,0.443961,1.58,known_cofactor,140,1.0000,TBX5
Set 1,CARDIO-04,Cardiomyocyte,Cardiac,1,ACTN2,0.776582,0.03,program_neighbor,2,0.0168,MYOCD
Set 1,CARDIO-04,Cardiomyocyte,Cardiac,2,CSRP3,0.764290,0.06,program_neighbor,83,0.1677,MESP1
Set 1,CARDIO-04,Cardiomyocyte,Cardiac,3,TBX5,0.756333,0.09,known_factor,140,1.0000,MESP1
Set 1,CARDIO-04,Cardiomyocyte,Cardiac,4,NKX2-5,0.735010,0.13,program_neighbor,176,1.0000,MEF2C
Set 1,CARDIO-04,Cardiomyocyte,Cardiac,5,TBX20,0.718899,0.16,known_cofactor,140,0.9929,MESP1
Set 1,CARDIO-04,Cardiomyocyte,Cardiac,6,ANKRD1,0.650798,0.19,program_neighbor,9,0.0269,MEF2C
Set 1,CARDIO-04,Cardiomyocyte,Cardiac,7,MLIP,0.648868,0.22,program_neighbor,1,0.0102,MYOCD
Set 1,CARDIO-04,Cardiomyocyte,Cardiac,8,HAND1,0.643927,0.25,program_neighbor,7,0.0326,MESP1
Set 1,CARDIO-04,Cardiomyocyte,Cardiac,9,PERM1,0.638425,0.28,program_neighbor,140,0.8434,MESP1
Set 1,CARDIO-04,Cardiomyocyte,Cardiac,10,GATA4,0.635944,0.32,known_factor,177,1.0000,GATA4
Set 1,CARDIO-04,Cardiomyocyte,Cardiac,11,DPF3,0.628249,0.35,program_neighbor,2,0.0208,MYOCD
Set 1,CARDIO-04,Cardiomyocyte,Cardiac,12,PKP2,0.598680,0.38,program_neighbor,37,0.1832,MEF2C
Set 1,CARDIO-04,Cardiomyocyte,Cardiac,13,TENM2,0.575139,0.41,program_neighbor,46,0.0309,MYOCD
Set 1,CARDIO-04,Cardiomyocyte,Cardiac,14,IRX4,0.568218,0.44,program_neighbor,10,0.1020,MYOCD
Set 1,CARDIO-04,Cardiomyocyte,Cardiac,15,TCF15,0.562883,0.47,program_neighbor,140,0.9929,MESP1
Set 1,CARDIO-04,Cardiomyocyte,Cardiac,16,ABRA,0.548095,0.51,program_neighbor,84,0.3860,MESP1
Set 1,CARDIO-04,Cardiomyocyte,Cardiac,17,HEYL,0.540498,0.54,program_neighbor,140,1.0000,MESP1
Set 1,CARDIO-04,Cardiomyocyte,Cardiac,18,MLF1,0.524253,0.57,program_neighbor,140,1.0000,MESP1
Set 1,CARDIO-04,Cardiomyocyte,Cardiac,19,GATA6,0.507454,0.60,program_neighbor,176,1.0000,MEF2C
Set 1,CARDIO-04,Cardiomyocyte,Cardiac,20,EYA4,0.504730,0.63,program_neighbor,88,0.5302,MYOCD
Set 1,CARDIO-04,Cardiomyocyte,Cardiac,21,NKX2-6,0.497305,0.66,program_neighbor,176,1.0000,MEF2C
Set 1,CARDIO-04,Cardiomyocyte,Cardiac,22,HEY2,0.495997,0.69,program_neighbor,140,1.0000,MESP1
Set 1,CARDIO-04,Cardiomyocyte,Cardiac,23,FHL2,0.494099,0.73,program_neighbor,36,0.2045,MEF2C
Set 1,CARDIO-04,Cardiomyocyte,Cardiac,24,HAND2,0.487604,0.76,known_cofactor,176,1.0000,MEF2C
Set 1,CARDIO-04,Cardiomyocyte,Cardiac,25,RAG2,0.482706,0.79,program_neighbor,4,0.0417,MYOCD
Set 1,CARDIO-04,Cardiomyocyte,Cardiac,26,PROX1,0.481476,0.82,program_neighbor,140,0.9929,MESP1
Set 1,CARDIO-04,Cardiomyocyte,Cardiac,27,PPARGC1A,0.481324,0.85,program_neighbor,176,0.7333,MEF2C
Set 1,CARDIO-04,Cardiomyocyte,Cardiac,28,MESP2,0.475327,0.88,program_neighbor,142,0.9722,MESP1
Set 1,CARDIO-04,Cardiomyocyte,Cardiac,29,ESRRB,0.474167,0.92,program_neighbor,140,1.0000,MESP1
Set 1,CARDIO-04,Cardiomyocyte,Cardiac,30,WNT4,0.472263,0.95,program_neighbor,10,0.1042,MYOCD
Set 1,CARDIO-04,Cardiomyocyte,Cardiac,31,GATA5,0.468945,0.98,program_neighbor,140,1.0000,MESP1
Set 1,CARDIO-04,Cardiomyocyte,Cardiac,32,FOXG1,0.465690,1.01,program_neighbor,1,0.0104,MYOCD
Set 1,CARDIO-04,Cardiomyocyte,Cardiac,33,SRF,0.463270,1.04,known_cofactor,141,0.9929,MESP1
Set 1,CARDIO-04,Cardiomyocyte,Cardiac,34,PPP1R13L,0.460786,1.07,program_neighbor,110,0.5117,GATA4
Set 1,CARDIO-04,Cardiomyocyte,Cardiac,35,MESP1,0.460442,1.11,known_factor,140,1.0000,MESP1
Set 1,CARDIO-04,Cardiomyocyte,Cardiac,36,KHDRBS3,0.457922,1.14,program_neighbor,11,0.1146,MYOCD
Set 1,CARDIO-04,Cardiomyocyte,Cardiac,37,DBP,0.457812,1.17,program_neighbor,140,1.0000,MESP1
Set 1,CARDIO-04,Cardiomyocyte,Cardiac,38,NKX1-2,0.457161,1.20,program_neighbor,10,0.1031,MYOCD
Set 1,CARDIO-04,Cardiomyocyte,Cardiac,39,PRDM6,0.456653,1.23,program_neighbor,11,0.1134,MYOCD
Set 1,CARDIO-04,Cardiomyocyte,Cardiac,40,RAX,0.454283,1.26,program_neighbor,10,0.1042,MYOCD
Set 1,CARDIO-04,Cardiomyocyte,Cardiac,41,TBX1,0.452837,1.30,program_neighbor,140,1.0000,MESP1
Set 1,CARDIO-04,Cardiomyocyte,Cardiac,42,PRDM13,0.449699,1.33,program_neighbor,10,0.1031,MYOCD
Set 1,CARDIO-04,Cardiomyocyte,Cardiac,43,COLEC11,0.448044,1.36,program_neighbor,36,0.2045,MEF2C
Set 1,CARDIO-04,Cardiomyocyte,Cardiac,44,MEOX1,0.447373,1.39,program_neighbor,140,1.0000,MESP1
Set 1,CARDIO-04,Cardiomyocyte,Cardiac,45,NTN1,0.447193,1.42,program_neighbor,37,0.1850,GATA4
Set 1,CARDIO-04,Cardiomyocyte,Cardiac,46,MYOCD,0.447147,1.45,known_factor,96,1.0000,MYOCD
Set 1,CARDIO-04,Cardiomyocyte,Cardiac,47,FOXF1,0.444886,1.48,program_neighbor,11,0.1134,MYOCD
Set 1,CARDIO-04,Cardiomyocyte,Cardiac,48,CRYM,0.444726,1.52,program_neighbor,37,0.1968,MEF2C
Set 1,CARDIO-04,Cardiomyocyte,Cardiac,49,PAX1,0.444454,1.55,program_neighbor,140,1.0000,MESP1
Set 1,CARDIO-04,Cardiomyocyte,Cardiac,50,ESRRG,0.443961,1.58,known_cofactor,140,1.0000,MESP1
Set 1,CARDIO-05,Cardiomyocyte,Cardiac,1,ACTN2,0.776582,0.03,program_neighbor,2,0.0168,MYOCD
Set 1,CARDIO-05,Cardiomyocyte,Cardiac,2,CSRP3,0.764290,0.06,program_neighbor,83,0.1677,TBX5
Set 1,CARDIO-05,Cardiomyocyte,Cardiac,3,TBX5,0.756333,0.09,known_factor,140,1.0000,TBX5
Set 1,CARDIO-05,Cardiomyocyte,Cardiac,4,NKX2-5,0.735010,0.13,program_neighbor,176,1.0000,HAND2
Set 1,CARDIO-05,Cardiomyocyte,Cardiac,5,TBX20,0.718899,0.16,known_cofactor,140,0.9929,TBX5
Set 1,CARDIO-05,Cardiomyocyte,Cardiac,6,ANKRD1,0.650798,0.19,program_neighbor,9,0.0269,HAND2
Set 1,CARDIO-05,Cardiomyocyte,Cardiac,7,MLIP,0.648868,0.22,program_neighbor,1,0.0102,MYOCD
Set 1,CARDIO-05,Cardiomyocyte,Cardiac,8,HAND1,0.643927,0.25,program_neighbor,7,0.0326,TBX5
Set 1,CARDIO-05,Cardiomyocyte,Cardiac,9,PERM1,0.638425,0.28,program_neighbor,140,0.8434,TBX5
Set 1,CARDIO-05,Cardiomyocyte,Cardiac,10,GATA4,0.635944,0.32,known_factor,177,1.0000,GATA4
Set 1,CARDIO-05,Cardiomyocyte,Cardiac,11,DPF3,0.628249,0.35,program_neighbor,2,0.0208,MYOCD
Set 1,CARDIO-05,Cardiomyocyte,Cardiac,12,PKP2,0.598680,0.38,program_neighbor,37,0.1832,HAND2
Set 1,CARDIO-05,Cardiomyocyte,Cardiac,13,TENM2,0.575139,0.41,program_neighbor,46,0.0309,MYOCD
Set 1,CARDIO-05,Cardiomyocyte,Cardiac,14,IRX4,0.568218,0.44,program_neighbor,10,0.1020,MYOCD
Set 1,CARDIO-05,Cardiomyocyte,Cardiac,15,TCF15,0.562883,0.47,program_neighbor,140,0.9929,TBX5
Set 1,CARDIO-05,Cardiomyocyte,Cardiac,16,ABRA,0.548095,0.51,program_neighbor,84,0.3860,TBX5
Set 1,CARDIO-05,Cardiomyocyte,Cardiac,17,HEYL,0.540498,0.54,program_neighbor,140,1.0000,TBX5
Set 1,CARDIO-05,Cardiomyocyte,Cardiac,18,MLF1,0.524253,0.57,program_neighbor,140,1.0000,TBX5
Set 1,CARDIO-05,Cardiomyocyte,Cardiac,19,GATA6,0.507454,0.60,program_neighbor,176,1.0000,HAND2
Set 1,CARDIO-05,Cardiomyocyte,Cardiac,20,EYA4,0.504730,0.63,program_neighbor,88,0.5302,MYOCD
Set 1,CARDIO-05,Cardiomyocyte,Cardiac,21,NKX2-6,0.497305,0.66,program_neighbor,176,1.0000,HAND2
Set 1,CARDIO-05,Cardiomyocyte,Cardiac,22,HEY2,0.495997,0.69,program_neighbor,140,1.0000,TBX5
Set 1,CARDIO-05,Cardiomyocyte,Cardiac,23,FHL2,0.494099,0.73,program_neighbor,36,0.2045,HAND2
Set 1,CARDIO-05,Cardiomyocyte,Cardiac,24,HAND2,0.487604,0.76,known_factor,176,1.0000,HAND2
Set 1,CARDIO-05,Cardiomyocyte,Cardiac,25,RAG2,0.482706,0.79,program_neighbor,4,0.0417,MYOCD
Set 1,CARDIO-05,Cardiomyocyte,Cardiac,26,PROX1,0.481476,0.82,program_neighbor,140,0.9929,TBX5
Set 1,CARDIO-05,Cardiomyocyte,Cardiac,27,PPARGC1A,0.481324,0.85,program_neighbor,176,0.7333,HAND2
Set 1,CARDIO-05,Cardiomyocyte,Cardiac,28,MESP2,0.475327,0.88,program_neighbor,142,0.9722,TBX5
Set 1,CARDIO-05,Cardiomyocyte,Cardiac,29,ESRRB,0.474167,0.92,program_neighbor,140,1.0000,TBX5
Set 1,CARDIO-05,Cardiomyocyte,Cardiac,30,WNT4,0.472263,0.95,program_neighbor,10,0.1042,MYOCD
Set 1,CARDIO-05,Cardiomyocyte,Cardiac,31,GATA5,0.468945,0.98,program_neighbor,140,1.0000,TBX5
Set 1,CARDIO-05,Cardiomyocyte,Cardiac,32,FOXG1,0.465690,1.01,program_neighbor,1,0.0104,MYOCD
Set 1,CARDIO-05,Cardiomyocyte,Cardiac,33,SRF,0.463270,1.04,known_cofactor,141,0.9929,TBX5
Set 1,CARDIO-05,Cardiomyocyte,Cardiac,34,PPP1R13L,0.460786,1.07,program_neighbor,110,0.5117,GATA4
Set 1,CARDIO-05,Cardiomyocyte,Cardiac,35,MESP1,0.460442,1.11,known_cofactor,140,1.0000,TBX5
Set 1,CARDIO-05,Cardiomyocyte,Cardiac,36,KHDRBS3,0.457922,1.14,program_neighbor,11,0.1146,MYOCD
Set 1,CARDIO-05,Cardiomyocyte,Cardiac,37,DBP,0.457812,1.17,program_neighbor,140,1.0000,TBX5
Set 1,CARDIO-05,Cardiomyocyte,Cardiac,38,NKX1-2,0.457161,1.20,program_neighbor,10,0.1031,MYOCD
Set 1,CARDIO-05,Cardiomyocyte,Cardiac,39,PRDM6,0.456653,1.23,program_neighbor,11,0.1134,MYOCD
Set 1,CARDIO-05,Cardiomyocyte,Cardiac,40,RAX,0.454283,1.26,program_neighbor,10,0.1042,MYOCD
Set 1,CARDIO-05,Cardiomyocyte,Cardiac,41,TBX1,0.452837,1.30,program_neighbor,140,1.0000,TBX5
Set 1,CARDIO-05,Cardiomyocyte,Cardiac,42,PRDM13,0.449699,1.33,program_neighbor,10,0.1031,MYOCD
Set 1,CARDIO-05,Cardiomyocyte,Cardiac,43,COLEC11,0.448044,1.36,program_neighbor,36,0.2045,HAND2
Set 1,CARDIO-05,Cardiomyocyte,Cardiac,44,MEOX1,0.447373,1.39,program_neighbor,140,1.0000,TBX5
Set 1,CARDIO-05,Cardiomyocyte,Cardiac,45,NTN1,0.447193,1.42,program_neighbor,37,0.1850,GATA4
Set 1,CARDIO-05,Cardiomyocyte,Cardiac,46,MYOCD,0.447147,1.45,known_factor,96,1.0000,MYOCD
Set 1,CARDIO-05,Cardiomyocyte,Cardiac,47,FOXF1,0.444886,1.48,program_neighbor,11,0.1134,MYOCD
Set 1,CARDIO-05,Cardiomyocyte,Cardiac,48,CRYM,0.444726,1.52,program_neighbor,37,0.1968,HAND2
Set 1,CARDIO-05,Cardiomyocyte,Cardiac,49,PAX1,0.444454,1.55,program_neighbor,140,1.0000,TBX5
Set 1,CARDIO-05,Cardiomyocyte,Cardiac,50,ESRRG,0.443961,1.58,known_cofactor,140,1.0000,TBX5
Set 1,CARDIO-07,Cardiomyocyte (in vivo),Cardiac,1,ACTN2,0.776582,0.03,program_neighbor,1,0.0050,GATA4
Set 1,CARDIO-07,Cardiomyocyte (in vivo),Cardiac,2,CSRP3,0.764290,0.06,program_neighbor,83,0.1677,TBX5
Set 1,CARDIO-07,Cardiomyocyte (in vivo),Cardiac,3,TBX5,0.756333,0.09,known_factor,140,1.0000,TBX5
Set 1,CARDIO-07,Cardiomyocyte (in vivo),Cardiac,4,NKX2-5,0.735010,0.13,program_neighbor,176,1.0000,MEF2C
Set 1,CARDIO-07,Cardiomyocyte (in vivo),Cardiac,5,TBX20,0.718899,0.16,known_cofactor,140,0.9929,TBX5
Set 1,CARDIO-07,Cardiomyocyte (in vivo),Cardiac,6,ANKRD1,0.650798,0.19,program_neighbor,6,0.0269,MEF2C
Set 1,CARDIO-07,Cardiomyocyte (in vivo),Cardiac,7,MLIP,0.648868,0.22,program_neighbor,1,0.0056,GATA4
Set 1,CARDIO-07,Cardiomyocyte (in vivo),Cardiac,8,HAND1,0.643927,0.25,program_neighbor,6,0.0326,TBX5
Set 1,CARDIO-07,Cardiomyocyte (in vivo),Cardiac,9,PERM1,0.638425,0.28,program_neighbor,140,0.8434,TBX5
Set 1,CARDIO-07,Cardiomyocyte (in vivo),Cardiac,10,GATA4,0.635944,0.32,known_factor,177,1.0000,GATA4
Set 1,CARDIO-07,Cardiomyocyte (in vivo),Cardiac,11,DPF3,0.628249,0.35,program_neighbor,2,0.0143,TBX5
Set 1,CARDIO-07,Cardiomyocyte (in vivo),Cardiac,12,PKP2,0.598680,0.38,program_neighbor,37,0.1832,MEF2C
Set 1,CARDIO-07,Cardiomyocyte (in vivo),Cardiac,13,TENM2,0.575139,0.41,program_neighbor,29,0.0294,GATA4
Set 1,CARDIO-07,Cardiomyocyte (in vivo),Cardiac,14,IRX4,0.568218,0.44,program_neighbor,10,0.0704,TBX5
Set 1,CARDIO-07,Cardiomyocyte (in vivo),Cardiac,15,TCF15,0.562883,0.47,program_neighbor,140,0.9929,TBX5
Set 1,CARDIO-07,Cardiomyocyte (in vivo),Cardiac,16,ABRA,0.548095,0.51,program_neighbor,84,0.3860,TBX5
Set 1,CARDIO-07,Cardiomyocyte (in vivo),Cardiac,17,HEYL,0.540498,0.54,program_neighbor,140,1.0000,TBX5
Set 1,CARDIO-07,Cardiomyocyte (in vivo),Cardiac,18,MLF1,0.524253,0.57,program_neighbor,140,1.0000,TBX5
Set 1,CARDIO-07,Cardiomyocyte (in vivo),Cardiac,19,GATA6,0.507454,0.60,program_neighbor,176,1.0000,MEF2C
Set 1,CARDIO-07,Cardiomyocyte (in vivo),Cardiac,20,EYA4,0.504730,0.63,program_neighbor,87,0.4624,TBX5
Set 1,CARDIO-07,Cardiomyocyte (in vivo),Cardiac,21,NKX2-6,0.497305,0.66,program_neighbor,176,1.0000,MEF2C
Set 1,CARDIO-07,Cardiomyocyte (in vivo),Cardiac,22,HEY2,0.495997,0.69,program_neighbor,140,1.0000,TBX5
Set 1,CARDIO-07,Cardiomyocyte (in vivo),Cardiac,23,FHL2,0.494099,0.73,program_neighbor,36,0.2045,MEF2C
Set 1,CARDIO-07,Cardiomyocyte (in vivo),Cardiac,24,HAND2,0.487604,0.76,known_cofactor,176,1.0000,MEF2C
Set 1,CARDIO-07,Cardiomyocyte (in vivo),Cardiac,25,RAG2,0.482706,0.79,program_neighbor,4,0.0286,TBX5
Set 1,CARDIO-07,Cardiomyocyte (in vivo),Cardiac,26,PROX1,0.481476,0.82,program_neighbor,140,0.9929,TBX5
Set 1,CARDIO-07,Cardiomyocyte (in vivo),Cardiac,27,PPARGC1A,0.481324,0.85,program_neighbor,176,0.7333,MEF2C
Set 1,CARDIO-07,Cardiomyocyte (in vivo),Cardiac,28,MESP2,0.475327,0.88,program_neighbor,141,0.9722,TBX5
Set 1,CARDIO-07,Cardiomyocyte (in vivo),Cardiac,29,ESRRB,0.474167,0.92,program_neighbor,140,1.0000,TBX5
Set 1,CARDIO-07,Cardiomyocyte (in vivo),Cardiac,30,WNT4,0.472263,0.95,program_neighbor,10,0.0714,TBX5
Set 1,CARDIO-07,Cardiomyocyte (in vivo),Cardiac,31,GATA5,0.468945,0.98,program_neighbor,140,1.0000,TBX5
Set 1,CARDIO-07,Cardiomyocyte (in vivo),Cardiac,32,FOXG1,0.465690,1.01,program_neighbor,1,0.0071,TBX5
Set 1,CARDIO-07,Cardiomyocyte (in vivo),Cardiac,33,SRF,0.463270,1.04,known_cofactor,141,0.9929,TBX5
Set 1,CARDIO-07,Cardiomyocyte (in vivo),Cardiac,34,PPP1R13L,0.460786,1.07,program_neighbor,109,0.5117,GATA4
Set 1,CARDIO-07,Cardiomyocyte (in vivo),Cardiac,35,MESP1,0.460442,1.11,known_cofactor,140,1.0000,TBX5
Set 1,CARDIO-07,Cardiomyocyte (in vivo),Cardiac,36,KHDRBS3,0.457922,1.14,program_neighbor,11,0.0786,TBX5
Set 1,CARDIO-07,Cardiomyocyte (in vivo),Cardiac,37,DBP,0.457812,1.17,program_neighbor,140,1.0000,TBX5
Set 1,CARDIO-07,Cardiomyocyte (in vivo),Cardiac,38,NKX1-2,0.457161,1.20,program_neighbor,10,0.0709,TBX5
Set 1,CARDIO-07,Cardiomyocyte (in vivo),Cardiac,39,PRDM6,0.456653,1.23,program_neighbor,11,0.0780,TBX5
Set 1,CARDIO-07,Cardiomyocyte (in vivo),Cardiac,40,RAX,0.454283,1.26,program_neighbor,10,0.0714,TBX5
Set 1,CARDIO-07,Cardiomyocyte (in vivo),Cardiac,41,TBX1,0.452837,1.30,program_neighbor,140,1.0000,TBX5
Set 1,CARDIO-07,Cardiomyocyte (in vivo),Cardiac,42,PRDM13,0.449699,1.33,program_neighbor,10,0.0709,TBX5
Set 1,CARDIO-07,Cardiomyocyte (in vivo),Cardiac,43,COLEC11,0.448044,1.36,program_neighbor,36,0.2045,MEF2C
Set 1,CARDIO-07,Cardiomyocyte (in vivo),Cardiac,44,MEOX1,0.447373,1.39,program_neighbor,140,1.0000,TBX5
Set 1,CARDIO-07,Cardiomyocyte (in vivo),Cardiac,45,NTN1,0.447193,1.42,program_neighbor,37,0.1850,GATA4
Set 1,CARDIO-07,Cardiomyocyte (in vivo),Cardiac,46,MYOCD,0.447147,1.45,known_cofactor,78,0.4843,TBX5
Set 1,CARDIO-07,Cardiomyocyte (in vivo),Cardiac,47,FOXF1,0.444886,1.48,program_neighbor,11,0.0704,TBX5
Set 1,CARDIO-07,Cardiomyocyte (in vivo),Cardiac,48,CRYM,0.444726,1.52,program_neighbor,37,0.1968,MEF2C
Set 1,CARDIO-07,Cardiomyocyte (in vivo),Cardiac,49,PAX1,0.444454,1.55,program_neighbor,140,1.0000,TBX5
Set 1,CARDIO-07,Cardiomyocyte (in vivo),Cardiac,50,ESRRG,0.443961,1.58,known_cofactor,140,1.0000,TBX5
Set 1,CARDIO-08,Cardiomyocyte,Cardiac,1,ACTN2,0.776582,0.03,program_neighbor,2,0.0168,MYOCD
Set 1,CARDIO-08,Cardiomyocyte,Cardiac,2,CSRP3,0.764290,0.06,program_neighbor,438,0.9031,SMAD6
Set 1,CARDIO-08,Cardiomyocyte,Cardiac,3,TBX5,0.756333,0.09,known_cofactor,140,0.9929,TBX20
Set 1,CARDIO-08,Cardiomyocyte,Cardiac,4,NKX2-5,0.735010,0.13,program_neighbor,176,0.7910,TBX20
Set 1,CARDIO-08,Cardiomyocyte,Cardiac,5,TBX20,0.718899,0.16,known_factor,141,1.0000,TBX20
Set 1,CARDIO-08,Cardiomyocyte,Cardiac,6,ANKRD1,0.650798,0.19,program_neighbor,16,0.0248,SMAD6
Set 1,CARDIO-08,Cardiomyocyte,Cardiac,7,MLIP,0.648868,0.22,program_neighbor,3,0.0102,MYOCD
Set 1,CARDIO-08,Cardiomyocyte,Cardiac,8,HAND1,0.643927,0.25,program_neighbor,17,0.0324,TBX20
Set 1,CARDIO-08,Cardiomyocyte,Cardiac,9,PERM1,0.638425,0.28,program_neighbor,140,0.8383,TBX20
Set 1,CARDIO-08,Cardiomyocyte,Cardiac,10,GATA4,0.635944,0.32,known_cofactor,177,0.7865,TBX20
Set 1,CARDIO-08,Cardiomyocyte,Cardiac,11,DPF3,0.628249,0.35,program_neighbor,2,0.0208,MYOCD
Set 1,CARDIO-08,Cardiomyocyte,Cardiac,12,PKP2,0.598680,0.38,program_neighbor,37,0.0703,SMAD6
Set 1,CARDIO-08,Cardiomyocyte,Cardiac,13,TENM2,0.575139,0.41,program_neighbor,402,0.3937,SMAD6
Set 1,CARDIO-08,Cardiomyocyte,Cardiac,14,IRX4,0.568218,0.44,program_neighbor,11,0.1020,MYOCD
Set 1,CARDIO-08,Cardiomyocyte,Cardiac,15,TCF15,0.562883,0.47,program_neighbor,141,0.9859,TBX20
Set 1,CARDIO-08,Cardiomyocyte,Cardiac,16,ABRA,0.548095,0.51,program_neighbor,85,0.3843,TBX20
Set 1,CARDIO-08,Cardiomyocyte,Cardiac,17,HEYL,0.540498,0.54,program_neighbor,140,0.9929,TBX20
Set 1,CARDIO-08,Cardiomyocyte,Cardiac,18,MLF1,0.524253,0.57,program_neighbor,140,0.9929,TBX20
Set 1,CARDIO-08,Cardiomyocyte,Cardiac,19,GATA6,0.507454,0.60,program_neighbor,176,0.7910,TBX20
Set 1,CARDIO-08,Cardiomyocyte,Cardiac,20,EYA4,0.504730,0.63,program_neighbor,88,0.5302,MYOCD
Set 1,CARDIO-08,Cardiomyocyte,Cardiac,21,NKX2-6,0.497305,0.66,program_neighbor,176,0.7910,TBX20
Set 1,CARDIO-08,Cardiomyocyte,Cardiac,22,HEY2,0.495997,0.69,program_neighbor,140,0.9929,TBX20
Set 1,CARDIO-08,Cardiomyocyte,Cardiac,23,FHL2,0.494099,0.73,program_neighbor,36,0.0742,SMAD6
Set 1,CARDIO-08,Cardiomyocyte,Cardiac,24,HAND2,0.487604,0.76,known_cofactor,176,0.7910,TBX20
Set 1,CARDIO-08,Cardiomyocyte,Cardiac,25,RAG2,0.482706,0.79,program_neighbor,4,0.0417,MYOCD
Set 1,CARDIO-08,Cardiomyocyte,Cardiac,26,PROX1,0.481476,0.82,program_neighbor,140,0.9859,TBX20
Set 1,CARDIO-08,Cardiomyocyte,Cardiac,27,PPARGC1A,0.481324,0.85,program_neighbor,178,0.5875,TBX20
Set 1,CARDIO-08,Cardiomyocyte,Cardiac,28,MESP2,0.475327,0.88,program_neighbor,142,0.9655,TBX20
Set 1,CARDIO-08,Cardiomyocyte,Cardiac,29,ESRRB,0.474167,0.92,program_neighbor,140,0.9929,TBX20
Set 1,CARDIO-08,Cardiomyocyte,Cardiac,30,WNT4,0.472263,0.95,program_neighbor,10,0.1042,MYOCD
Set 1,CARDIO-08,Cardiomyocyte,Cardiac,31,GATA5,0.468945,0.98,program_neighbor,140,0.9929,TBX20
Set 1,CARDIO-08,Cardiomyocyte,Cardiac,32,FOXG1,0.465690,1.01,program_neighbor,1,0.0104,MYOCD
Set 1,CARDIO-08,Cardiomyocyte,Cardiac,33,SRF,0.463270,1.04,known_cofactor,141,0.9859,TBX20
Set 1,CARDIO-08,Cardiomyocyte,Cardiac,34,PPP1R13L,0.460786,1.07,program_neighbor,110,0.3364,TBX20
Set 1,CARDIO-08,Cardiomyocyte,Cardiac,35,MESP1,0.460442,1.11,known_cofactor,140,0.9929,TBX20
Set 1,CARDIO-08,Cardiomyocyte,Cardiac,36,KHDRBS3,0.457922,1.14,program_neighbor,11,0.1146,MYOCD
Set 1,CARDIO-08,Cardiomyocyte,Cardiac,37,DBP,0.457812,1.17,program_neighbor,140,0.9929,TBX20
Set 1,CARDIO-08,Cardiomyocyte,Cardiac,38,NKX1-2,0.457161,1.20,program_neighbor,11,0.1031,MYOCD
Set 1,CARDIO-08,Cardiomyocyte,Cardiac,39,PRDM6,0.456653,1.23,program_neighbor,12,0.1134,MYOCD
Set 1,CARDIO-08,Cardiomyocyte,Cardiac,40,RAX,0.454283,1.26,program_neighbor,10,0.1042,MYOCD
Set 1,CARDIO-08,Cardiomyocyte,Cardiac,41,TBX1,0.452837,1.30,program_neighbor,140,0.9929,TBX20
Set 1,CARDIO-08,Cardiomyocyte,Cardiac,42,PRDM13,0.449699,1.33,program_neighbor,11,0.1031,MYOCD
Set 1,CARDIO-08,Cardiomyocyte,Cardiac,43,COLEC11,0.448044,1.36,program_neighbor,36,0.0742,SMAD6
Set 1,CARDIO-08,Cardiomyocyte,Cardiac,44,MEOX1,0.447373,1.39,program_neighbor,140,0.9929,TBX20
Set 1,CARDIO-08,Cardiomyocyte,Cardiac,45,NTN1,0.447193,1.42,program_neighbor,37,0.0707,SMAD6
Set 1,CARDIO-08,Cardiomyocyte,Cardiac,46,MYOCD,0.447147,1.45,known_factor,96,1.0000,MYOCD
Set 1,CARDIO-08,Cardiomyocyte,Cardiac,47,FOXF1,0.444886,1.48,program_neighbor,12,0.1134,MYOCD
Set 1,CARDIO-08,Cardiomyocyte,Cardiac,48,CRYM,0.444726,1.52,program_neighbor,37,0.0723,SMAD6
Set 1,CARDIO-08,Cardiomyocyte,Cardiac,49,PAX1,0.444454,1.55,program_neighbor,140,0.9929,TBX20
Set 1,CARDIO-08,Cardiomyocyte,Cardiac,50,ESRRG,0.443961,1.58,known_cofactor,140,0.9929,TBX20
Set 1,CARDIO-10,Cardiomyocyte,Cardiac,1,ACTN2,0.776582,0.03,program_neighbor,1,0.0050,GATA4
Set 1,CARDIO-10,Cardiomyocyte,Cardiac,2,CSRP3,0.764290,0.06,program_neighbor,83,0.1677,TBX5
Set 1,CARDIO-10,Cardiomyocyte,Cardiac,3,TBX5,0.756333,0.09,known_factor,140,1.0000,TBX5
Set 1,CARDIO-10,Cardiomyocyte,Cardiac,4,NKX2-5,0.735010,0.13,program_neighbor,176,1.0000,MEF2C
Set 1,CARDIO-10,Cardiomyocyte,Cardiac,5,TBX20,0.718899,0.16,known_cofactor,140,0.9929,TBX5
Set 1,CARDIO-10,Cardiomyocyte,Cardiac,6,ANKRD1,0.650798,0.19,program_neighbor,6,0.0269,MEF2C
Set 1,CARDIO-10,Cardiomyocyte,Cardiac,7,MLIP,0.648868,0.22,program_neighbor,1,0.0056,GATA4
Set 1,CARDIO-10,Cardiomyocyte,Cardiac,8,HAND1,0.643927,0.25,program_neighbor,6,0.0326,TBX5
Set 1,CARDIO-10,Cardiomyocyte,Cardiac,9,PERM1,0.638425,0.28,program_neighbor,140,0.8434,TBX5
Set 1,CARDIO-10,Cardiomyocyte,Cardiac,10,GATA4,0.635944,0.32,known_factor,177,1.0000,GATA4
Set 1,CARDIO-10,Cardiomyocyte,Cardiac,11,DPF3,0.628249,0.35,program_neighbor,2,0.0143,TBX5
Set 1,CARDIO-10,Cardiomyocyte,Cardiac,12,PKP2,0.598680,0.38,program_neighbor,37,0.1832,MEF2C
Set 1,CARDIO-10,Cardiomyocyte,Cardiac,13,TENM2,0.575139,0.41,program_neighbor,29,0.0294,GATA4
Set 1,CARDIO-10,Cardiomyocyte,Cardiac,14,IRX4,0.568218,0.44,program_neighbor,10,0.0704,TBX5
Set 1,CARDIO-10,Cardiomyocyte,Cardiac,15,TCF15,0.562883,0.47,program_neighbor,140,0.9929,TBX5
Set 1,CARDIO-10,Cardiomyocyte,Cardiac,16,ABRA,0.548095,0.51,program_neighbor,84,0.3860,TBX5
Set 1,CARDIO-10,Cardiomyocyte,Cardiac,17,HEYL,0.540498,0.54,program_neighbor,140,1.0000,TBX5
Set 1,CARDIO-10,Cardiomyocyte,Cardiac,18,MLF1,0.524253,0.57,program_neighbor,140,1.0000,TBX5
Set 1,CARDIO-10,Cardiomyocyte,Cardiac,19,GATA6,0.507454,0.60,program_neighbor,176,1.0000,MEF2C
Set 1,CARDIO-10,Cardiomyocyte,Cardiac,20,EYA4,0.504730,0.63,program_neighbor,87,0.4624,TBX5
Set 1,CARDIO-10,Cardiomyocyte,Cardiac,21,NKX2-6,0.497305,0.66,program_neighbor,176,1.0000,MEF2C
Set 1,CARDIO-10,Cardiomyocyte,Cardiac,22,HEY2,0.495997,0.69,program_neighbor,140,1.0000,TBX5
Set 1,CARDIO-10,Cardiomyocyte,Cardiac,23,FHL2,0.494099,0.73,program_neighbor,36,0.2045,MEF2C
Set 1,CARDIO-10,Cardiomyocyte,Cardiac,24,HAND2,0.487604,0.76,known_cofactor,176,1.0000,MEF2C
Set 1,CARDIO-10,Cardiomyocyte,Cardiac,25,RAG2,0.482706,0.79,program_neighbor,4,0.0286,TBX5
Set 1,CARDIO-10,Cardiomyocyte,Cardiac,26,PROX1,0.481476,0.82,program_neighbor,140,0.9929,TBX5
Set 1,CARDIO-10,Cardiomyocyte,Cardiac,27,PPARGC1A,0.481324,0.85,program_neighbor,176,0.7333,MEF2C
Set 1,CARDIO-10,Cardiomyocyte,Cardiac,28,MESP2,0.475327,0.88,program_neighbor,141,0.9722,TBX5
Set 1,CARDIO-10,Cardiomyocyte,Cardiac,29,ESRRB,0.474167,0.92,program_neighbor,140,1.0000,TBX5
Set 1,CARDIO-10,Cardiomyocyte,Cardiac,30,WNT4,0.472263,0.95,program_neighbor,10,0.0714,TBX5
Set 1,CARDIO-10,Cardiomyocyte,Cardiac,31,GATA5,0.468945,0.98,program_neighbor,140,1.0000,TBX5
Set 1,CARDIO-10,Cardiomyocyte,Cardiac,32,FOXG1,0.465690,1.01,program_neighbor,1,0.0071,TBX5
Set 1,CARDIO-10,Cardiomyocyte,Cardiac,33,SRF,0.463270,1.04,known_cofactor,141,0.9929,TBX5
Set 1,CARDIO-10,Cardiomyocyte,Cardiac,34,PPP1R13L,0.460786,1.07,program_neighbor,109,0.5117,GATA4
Set 1,CARDIO-10,Cardiomyocyte,Cardiac,35,MESP1,0.460442,1.11,known_cofactor,140,1.0000,TBX5
Set 1,CARDIO-10,Cardiomyocyte,Cardiac,36,KHDRBS3,0.457922,1.14,program_neighbor,11,0.0786,TBX5
Set 1,CARDIO-10,Cardiomyocyte,Cardiac,37,DBP,0.457812,1.17,program_neighbor,140,1.0000,TBX5
Set 1,CARDIO-10,Cardiomyocyte,Cardiac,38,NKX1-2,0.457161,1.20,program_neighbor,10,0.0709,TBX5
Set 1,CARDIO-10,Cardiomyocyte,Cardiac,39,PRDM6,0.456653,1.23,program_neighbor,11,0.0780,TBX5
Set 1,CARDIO-10,Cardiomyocyte,Cardiac,40,RAX,0.454283,1.26,program_neighbor,10,0.0714,TBX5
Set 1,CARDIO-10,Cardiomyocyte,Cardiac,41,TBX1,0.452837,1.30,program_neighbor,140,1.0000,TBX5
Set 1,CARDIO-10,Cardiomyocyte,Cardiac,42,PRDM13,0.449699,1.33,program_neighbor,10,0.0709,TBX5
Set 1,CARDIO-10,Cardiomyocyte,Cardiac,43,COLEC11,0.448044,1.36,program_neighbor,36,0.2045,MEF2C
Set 1,CARDIO-10,Cardiomyocyte,Cardiac,44,MEOX1,0.447373,1.39,program_neighbor,140,1.0000,TBX5
Set 1,CARDIO-10,Cardiomyocyte,Cardiac,45,NTN1,0.447193,1.42,program_neighbor,37,0.1850,GATA4
Set 1,CARDIO-10,Cardiomyocyte,Cardiac,46,MYOCD,0.447147,1.45,known_cofactor,78,0.4843,TBX5
Set 1,CARDIO-10,Cardiomyocyte,Cardiac,47,FOXF1,0.444886,1.48,program_neighbor,11,0.0704,TBX5
Set 1,CARDIO-10,Cardiomyocyte,Cardiac,48,CRYM,0.444726,1.52,program_neighbor,37,0.1968,MEF2C
Set 1,CARDIO-10,Cardiomyocyte,Cardiac,49,PAX1,0.444454,1.55,program_neighbor,140,1.0000,TBX5
Set 1,CARDIO-10,Cardiomyocyte,Cardiac,50,ESRRG,0.443961,1.58,known_cofactor,140,1.0000,TBX5
Set 1,HEPATO-01,Hepatocyte,Hepatic,1,ALB,0.852810,0.03,program_neighbor,4,0.0286,FOXA1
Set 1,HEPATO-01,Hepatocyte,Hepatic,2,THRSP,0.800932,0.06,program_neighbor,16,0.1032,HNF4A
Set 1,HEPATO-01,Hepatocyte,Hepatic,3,FABP1,0.763423,0.09,program_neighbor,99,0.1941,HNF4A
Set 1,HEPATO-01,Hepatocyte,Hepatic,4,CREB3L3,0.760282,0.13,program_neighbor,6,0.0326,FOXA1
Set 1,HEPATO-01,Hepatocyte,Hepatic,5,HNF4A,0.747239,0.16,known_factor,155,1.0000,HNF4A
Set 1,HEPATO-01,Hepatocyte,Hepatic,6,KDM8,0.740655,0.19,novel_prediction,0,0.0000,
Set 1,HEPATO-01,Hepatocyte,Hepatic,7,ONECUT1,0.714212,0.22,known_cofactor,140,0.9929,FOXA1
Set 1,HEPATO-01,Hepatocyte,Hepatic,8,HNF1A,0.714133,0.25,known_cofactor,140,0.7865,FOXA1
Set 1,HEPATO-01,Hepatocyte,Hepatic,9,ONECUT2,0.711415,0.28,program_neighbor,140,0.8485,FOXA1
Set 1,HEPATO-01,Hepatocyte,Hepatic,10,ATF5,0.711322,0.32,known_cofactor,140,0.6278,FOXA1
Set 1,HEPATO-01,Hepatocyte,Hepatic,11,NR1H4,0.710731,0.35,program_neighbor,140,0.2637,FOXA1
Set 1,HEPATO-01,Hepatocyte,Hepatic,12,FOXA3,0.689704,0.38,known_cofactor,140,0.8485,FOXA1
Set 1,HEPATO-01,Hepatocyte,Hepatic,13,MLXIPL,0.678759,0.41,program_neighbor,140,0.9859,FOXA1
Set 1,HEPATO-01,Hepatocyte,Hepatic,14,SERPINA3,0.677740,0.44,program_neighbor,83,0.1677,FOXA1
Set 1,HEPATO-01,Hepatocyte,Hepatic,15,NR1I2,0.666958,0.47,program_neighbor,140,0.5738,FOXA1
Set 1,HEPATO-01,Hepatocyte,Hepatic,16,SEC14L2,0.666454,0.51,novel_prediction,0,0.0000,
Set 1,HEPATO-01,Hepatocyte,Hepatic,17,ANG,0.660313,0.54,program_neighbor,90,0.1366,FOXA1
Set 1,HEPATO-01,Hepatocyte,Hepatic,18,PROX1,0.658210,0.57,known_cofactor,140,0.9929,FOXA1
Set 1,HEPATO-01,Hepatocyte,Hepatic,19,NR1I3,0.653737,0.60,program_neighbor,140,0.5738,FOXA1
Set 1,HEPATO-01,Hepatocyte,Hepatic,20,RORC,0.639154,0.63,program_neighbor,140,1.0000,FOXA1
Set 1,HEPATO-01,Hepatocyte,Hepatic,21,NR0B2,0.634604,0.66,program_neighbor,7,0.0354,HNF4A
Set 1,HEPATO-01,Hepatocyte,Hepatic,22,FOXA2,0.623100,0.69,known_cofactor,140,0.6829,FOXA1
Set 1,HEPATO-01,Hepatocyte,Hepatic,23,COLEC11,0.622745,0.73,novel_prediction,0,0.0000,
Set 1,HEPATO-01,Hepatocyte,Hepatic,24,NR5A2,0.600504,0.76,program_neighbor,141,0.9929,FOXA1
Set 1,HEPATO-01,Hepatocyte,Hepatic,25,ARID3C,0.595797,0.79,program_neighbor,14,0.0903,HNF4A
Set 1,HEPATO-01,Hepatocyte,Hepatic,26,PPARA,0.589568,0.82,program_neighbor,155,0.7990,HNF4A
Set 1,HEPATO-01,Hepatocyte,Hepatic,27,CEBPA,0.587324,0.85,known_cofactor,140,1.0000,FOXA1
Set 1,HEPATO-01,Hepatocyte,Hepatic,28,TRIM15,0.579419,0.88,program_neighbor,83,0.1677,FOXA1
Set 1,HEPATO-01,Hepatocyte,Hepatic,29,FOXA1,0.564470,0.92,known_factor,140,1.0000,FOXA1
Set 1,HEPATO-01,Hepatocyte,Hepatic,30,HNF4G,0.555032,0.95,program_neighbor,140,1.0000,FOXA1
Set 1,HEPATO-01,Hepatocyte,Hepatic,31,XBP1,0.553287,0.98,program_neighbor,155,0.2839,HNF4A
Set 1,HEPATO-01,Hepatocyte,Hepatic,32,OASL,0.552321,1.01,program_neighbor,83,0.1677,FOXA1
Set 1,HEPATO-01,Hepatocyte,Hepatic,33,TRIB3,0.538248,1.04,novel_prediction,0,0.0000,
Set 1,HEPATO-01,Hepatocyte,Hepatic,34,MPO,0.521936,1.07,program_neighbor,96,0.1758,HNF4A
Set 1,HEPATO-01,Hepatocyte,Hepatic,35,LBX2,0.519033,1.11,program_neighbor,1,0.0053,FOXA1
Set 1,HEPATO-01,Hepatocyte,Hepatic,36,HHEX,0.515028,1.14,program_neighbor,140,0.5738,FOXA1
Set 1,HEPATO-01,Hepatocyte,Hepatic,37,SREBF1,0.514782,1.17,program_neighbor,155,0.8333,HNF4A
Set 1,HEPATO-01,Hepatocyte,Hepatic,38,MACC1,0.502567,1.20,program_neighbor,13,0.0681,HNF4A
Set 1,HEPATO-01,Hepatocyte,Hepatic,39,PPARGC1A,0.497961,1.23,program_neighbor,152,0.6255,HNF4A
Set 1,HEPATO-01,Hepatocyte,Hepatic,40,DMRTA1,0.497456,1.26,program_neighbor,6,0.0302,HNF4A
Set 1,HEPATO-01,Hepatocyte,Hepatic,41,NLRP3,0.491865,1.30,program_neighbor,152,0.2335,HNF4A
Set 1,HEPATO-01,Hepatocyte,Hepatic,42,GATA4,0.487011,1.33,known_cofactor,140,0.7910,FOXA1
Set 1,HEPATO-01,Hepatocyte,Hepatic,43,NR1H3,0.482145,1.36,program_neighbor,155,0.9873,HNF4A
Set 1,HEPATO-01,Hepatocyte,Hepatic,44,DDX60,0.478608,1.39,program_neighbor,87,0.1758,FOXA1
Set 1,HEPATO-01,Hepatocyte,Hepatic,45,MOV10,0.476075,1.42,novel_prediction,0,0.0000,
Set 1,HEPATO-01,Hepatocyte,Hepatic,46,CUX2,0.469359,1.45,program_neighbor,3,0.0171,FOXA1
Set 1,HEPATO-01,Hepatocyte,Hepatic,47,POLR2F,0.468986,1.48,program_neighbor,140,1.0000,FOXA1
Set 1,HEPATO-01,Hepatocyte,Hepatic,48,EGR1,0.468823,1.52,program_neighbor,140,0.9859,FOXA1
Set 1,HEPATO-01,Hepatocyte,Hepatic,49,SHMT2,0.468379,1.55,program_neighbor,13,0.0681,HNF4A
Set 1,HEPATO-01,Hepatocyte,Hepatic,50,VDR,0.466837,1.58,program_neighbor,140,0.9929,FOXA1
Set 1,HEPATO-02,Hepatocyte,Hepatic,1,ALB,0.852810,0.03,program_neighbor,4,0.0242,FOXA3
Set 1,HEPATO-02,Hepatocyte,Hepatic,2,THRSP,0.800932,0.06,program_neighbor,1,0.0056,FOXA3
Set 1,HEPATO-02,Hepatocyte,Hepatic,3,FABP1,0.763423,0.09,program_neighbor,84,0.1570,FOXA3
Set 1,HEPATO-02,Hepatocyte,Hepatic,4,CREB3L3,0.760282,0.13,program_neighbor,9,0.0386,FOXA3
Set 1,HEPATO-02,Hepatocyte,Hepatic,5,HNF4A,0.747239,0.16,known_cofactor,140,0.7778,FOXA3
Set 1,HEPATO-02,Hepatocyte,Hepatic,6,KDM8,0.740655,0.19,program_neighbor,36,0.2034,GATA4
Set 1,HEPATO-02,Hepatocyte,Hepatic,7,ONECUT1,0.714212,0.22,known_cofactor,141,0.8545,FOXA3
Set 1,HEPATO-02,Hepatocyte,Hepatic,8,HNF1A,0.714133,0.25,known_factor,178,1.0000,HNF1A
Set 1,HEPATO-02,Hepatocyte,Hepatic,9,ONECUT2,0.711415,0.28,program_neighbor,164,0.9880,FOXA3
Set 1,HEPATO-02,Hepatocyte,Hepatic,10,ATF5,0.711322,0.32,known_cofactor,177,0.7857,GATA4
Set 1,HEPATO-02,Hepatocyte,Hepatic,11,NR1H4,0.710731,0.35,program_neighbor,176,0.3308,GATA4
Set 1,HEPATO-02,Hepatocyte,Hepatic,12,FOXA3,0.689704,0.38,known_factor,165,1.0000,FOXA3
Set 1,HEPATO-02,Hepatocyte,Hepatic,13,MLXIPL,0.678759,0.41,program_neighbor,142,0.8606,FOXA3
Set 1,HEPATO-02,Hepatocyte,Hepatic,14,SERPINA3,0.677740,0.44,program_neighbor,83,0.1596,FOXA3
Set 1,HEPATO-02,Hepatocyte,Hepatic,15,NR1I2,0.666958,0.47,program_neighbor,140,0.5204,FOXA3
Set 1,HEPATO-02,Hepatocyte,Hepatic,16,SEC14L2,0.666454,0.51,program_neighbor,24,0.0462,FOXA3
Set 1,HEPATO-02,Hepatocyte,Hepatic,17,ANG,0.660313,0.54,program_neighbor,150,0.1927,GATA4
Set 1,HEPATO-02,Hepatocyte,Hepatic,18,PROX1,0.658210,0.57,known_cofactor,141,0.8434,FOXA3
Set 1,HEPATO-02,Hepatocyte,Hepatic,19,NR1I3,0.653737,0.60,program_neighbor,140,0.5204,FOXA3
Set 1,HEPATO-02,Hepatocyte,Hepatic,20,RORC,0.639154,0.63,program_neighbor,140,0.8485,FOXA3
Set 1,HEPATO-02,Hepatocyte,Hepatic,21,NR0B2,0.634604,0.66,program_neighbor,7,0.0337,FOXA3
Set 1,HEPATO-02,Hepatocyte,Hepatic,22,FOXA2,0.623100,0.69,known_cofactor,145,0.6372,FOXA3
Set 1,HEPATO-02,Hepatocyte,Hepatic,23,COLEC11,0.622745,0.73,program_neighbor,36,0.2034,GATA4
Set 1,HEPATO-02,Hepatocyte,Hepatic,24,NR5A2,0.600504,0.76,program_neighbor,140,0.8434,FOXA3
Set 1,HEPATO-02,Hepatocyte,Hepatic,25,ARID3C,0.595797,0.79,program_neighbor,7,0.0407,FOXA3
Set 1,HEPATO-02,Hepatocyte,Hepatic,26,PPARA,0.589568,0.82,program_neighbor,176,0.9026,GATA4
Set 1,HEPATO-02,Hepatocyte,Hepatic,27,CEBPA,0.587324,0.85,known_cofactor,140,0.8485,FOXA3
Set 1,HEPATO-02,Hepatocyte,Hepatic,28,TRIM15,0.579419,0.88,program_neighbor,83,0.1596,FOXA3
Set 1,HEPATO-02,Hepatocyte,Hepatic,29,FOXA1,0.564470,0.92,known_cofactor,140,0.8485,FOXA3
Set 1,HEPATO-02,Hepatocyte,Hepatic,30,HNF4G,0.555032,0.95,program_neighbor,140,0.8485,FOXA3
Set 1,HEPATO-02,Hepatocyte,Hepatic,31,XBP1,0.553287,0.98,program_neighbor,176,0.3218,GATA4
Set 1,HEPATO-02,Hepatocyte,Hepatic,32,OASL,0.552321,1.01,program_neighbor,83,0.1596,FOXA3
Set 1,HEPATO-02,Hepatocyte,Hepatic,33,TRIB3,0.538248,1.04,program_neighbor,36,0.1885,GATA4
Set 1,HEPATO-02,Hepatocyte,Hepatic,34,MPO,0.521936,1.07,program_neighbor,120,0.2206,GATA4
Set 1,HEPATO-02,Hepatocyte,Hepatic,35,LBX2,0.519033,1.11,program_neighbor,5,0.0142,FOXA3
Set 1,HEPATO-02,Hepatocyte,Hepatic,36,HHEX,0.515028,1.14,program_neighbor,140,0.5204,FOXA3
Set 1,HEPATO-02,Hepatocyte,Hepatic,37,SREBF1,0.514782,1.17,program_neighbor,140,0.6635,FOXA3
Set 1,HEPATO-02,Hepatocyte,Hepatic,38,MACC1,0.502567,1.20,program_neighbor,37,0.1958,GATA4
Set 1,HEPATO-02,Hepatocyte,Hepatic,39,PPARGC1A,0.497961,1.23,program_neighbor,177,0.7344,HNF1A
Set 1,HEPATO-02,Hepatocyte,Hepatic,40,DMRTA1,0.497456,1.26,program_neighbor,7,0.0287,FOXA3
Set 1,HEPATO-02,Hepatocyte,Hepatic,41,NLRP3,0.491865,1.30,program_neighbor,176,0.2712,GATA4
Set 1,HEPATO-02,Hepatocyte,Hepatic,42,GATA4,0.487011,1.33,known_factor,177,1.0000,GATA4
Set 1,HEPATO-02,Hepatocyte,Hepatic,43,NR1H3,0.482145,1.36,program_neighbor,140,0.7692,FOXA3
Set 1,HEPATO-02,Hepatocyte,Hepatic,44,DDX60,0.478608,1.39,program_neighbor,87,0.1673,FOXA3
Set 1,HEPATO-02,Hepatocyte,Hepatic,45,MOV10,0.476075,1.42,program_neighbor,1,0.0056,HNF1A
Set 1,HEPATO-02,Hepatocyte,Hepatic,46,CUX2,0.469359,1.45,program_neighbor,26,0.1469,FOXA3
Set 1,HEPATO-02,Hepatocyte,Hepatic,47,POLR2F,0.468986,1.48,program_neighbor,140,0.8485,FOXA3
Set 1,HEPATO-02,Hepatocyte,Hepatic,48,EGR1,0.468823,1.52,program_neighbor,141,0.8494,FOXA3
Set 1,HEPATO-02,Hepatocyte,Hepatic,49,SHMT2,0.468379,1.55,program_neighbor,37,0.1958,GATA4
Set 1,HEPATO-02,Hepatocyte,Hepatic,50,VDR,0.466837,1.58,program_neighbor,140,0.8434,FOXA3
Set 1,HEPATO-03,Hepatocyte,Hepatic,1,ALB,0.852810,0.03,program_neighbor,4,0.0286,CEBPA
Set 1,HEPATO-03,Hepatocyte,Hepatic,2,THRSP,0.800932,0.06,program_neighbor,16,0.1032,HNF4A
Set 1,HEPATO-03,Hepatocyte,Hepatic,3,FABP1,0.763423,0.09,program_neighbor,99,0.1941,HNF4A
Set 1,HEPATO-03,Hepatocyte,Hepatic,4,CREB3L3,0.760282,0.13,program_neighbor,7,0.0326,CEBPA
Set 1,HEPATO-03,Hepatocyte,Hepatic,5,HNF4A,0.747239,0.16,known_factor,155,1.0000,HNF4A
Set 1,HEPATO-03,Hepatocyte,Hepatic,6,KDM8,0.740655,0.19,program_neighbor,36,0.2022,HNF1A
Set 1,HEPATO-03,Hepatocyte,Hepatic,7,ONECUT1,0.714212,0.22,known_factor,141,1.0000,ONECUT1
Set 1,HEPATO-03,Hepatocyte,Hepatic,8,HNF1A,0.714133,0.25,known_factor,178,1.0000,HNF1A
Set 1,HEPATO-03,Hepatocyte,Hepatic,9,ONECUT2,0.711415,0.28,program_neighbor,141,0.8545,ONECUT1
Set 1,HEPATO-03,Hepatocyte,Hepatic,10,ATF5,0.711322,0.32,known_factor,223,1.0000,ATF5
Set 1,HEPATO-03,Hepatocyte,Hepatic,11,NR1H4,0.710731,0.35,program_neighbor,176,0.3302,HNF1A
Set 1,HEPATO-03,Hepatocyte,Hepatic,12,FOXA3,0.689704,0.38,known_cofactor,142,0.8545,ONECUT1
Set 1,HEPATO-03,Hepatocyte,Hepatic,13,MLXIPL,0.678759,0.41,program_neighbor,142,0.9930,ONECUT1
Set 1,HEPATO-03,Hepatocyte,Hepatic,14,SERPINA3,0.677740,0.44,program_neighbor,83,0.1677,CEBPA
Set 1,HEPATO-03,Hepatocyte,Hepatic,15,NR1I2,0.666958,0.47,program_neighbor,186,0.6619,ATF5
Set 1,HEPATO-03,Hepatocyte,Hepatic,16,SEC14L2,0.666454,0.51,program_neighbor,1,0.0019,ONECUT1
Set 1,HEPATO-03,Hepatocyte,Hepatic,17,ANG,0.660313,0.54,program_neighbor,173,0.2606,ATF5
Set 1,HEPATO-03,Hepatocyte,Hepatic,18,PROX1,0.658210,0.57,known_factor,141,1.0000,PROX1
Set 1,HEPATO-03,Hepatocyte,Hepatic,19,NR1I3,0.653737,0.60,program_neighbor,186,0.6619,ATF5
Set 1,HEPATO-03,Hepatocyte,Hepatic,20,RORC,0.639154,0.63,program_neighbor,140,1.0000,CEBPA
Set 1,HEPATO-03,Hepatocyte,Hepatic,21,NR0B2,0.634604,0.66,program_neighbor,7,0.0354,HNF4A
Set 1,HEPATO-03,Hepatocyte,Hepatic,22,FOXA2,0.623100,0.69,known_cofactor,142,0.6878,PROX1
Set 1,HEPATO-03,Hepatocyte,Hepatic,23,COLEC11,0.622745,0.73,program_neighbor,36,0.2022,HNF1A
Set 1,HEPATO-03,Hepatocyte,Hepatic,24,NR5A2,0.600504,0.76,program_neighbor,141,0.9929,CEBPA
Set 1,HEPATO-03,Hepatocyte,Hepatic,25,ARID3C,0.595797,0.79,program_neighbor,14,0.0903,HNF4A
Set 1,HEPATO-03,Hepatocyte,Hepatic,26,PPARA,0.589568,0.82,program_neighbor,191,0.8980,HNF1A
Set 1,HEPATO-03,Hepatocyte,Hepatic,27,CEBPA,0.587324,0.85,known_factor,140,1.0000,CEBPA
Set 1,HEPATO-03,Hepatocyte,Hepatic,28,TRIM15,0.579419,0.88,program_neighbor,83,0.1677,CEBPA
Set 1,HEPATO-03,Hepatocyte,Hepatic,29,FOXA1,0.564470,0.92,known_cofactor,140,1.0000,CEBPA
Set 1,HEPATO-03,Hepatocyte,Hepatic,30,HNF4G,0.555032,0.95,program_neighbor,140,1.0000,CEBPA
Set 1,HEPATO-03,Hepatocyte,Hepatic,31,XBP1,0.553287,0.98,program_neighbor,191,0.3212,HNF1A
Set 1,HEPATO-03,Hepatocyte,Hepatic,32,OASL,0.552321,1.01,program_neighbor,83,0.1677,CEBPA
Set 1,HEPATO-03,Hepatocyte,Hepatic,33,TRIB3,0.538248,1.04,program_neighbor,36,0.1875,HNF1A
Set 1,HEPATO-03,Hepatocyte,Hepatic,34,MPO,0.521936,1.07,program_neighbor,132,0.2202,HNF1A
Set 1,HEPATO-03,Hepatocyte,Hepatic,35,LBX2,0.519033,1.11,program_neighbor,4,0.0149,ATF5
Set 1,HEPATO-03,Hepatocyte,Hepatic,36,HHEX,0.515028,1.14,program_neighbor,186,0.6619,ATF5
Set 1,HEPATO-03,Hepatocyte,Hepatic,37,SREBF1,0.514782,1.17,program_neighbor,186,0.8333,HNF4A
Set 1,HEPATO-03,Hepatocyte,Hepatic,38,MACC1,0.502567,1.20,program_neighbor,49,0.1947,HNF1A
Set 1,HEPATO-03,Hepatocyte,Hepatic,39,PPARGC1A,0.497961,1.23,program_neighbor,189,0.7344,HNF1A
Set 1,HEPATO-03,Hepatocyte,Hepatic,40,DMRTA1,0.497456,1.26,program_neighbor,7,0.0302,HNF4A
Set 1,HEPATO-03,Hepatocyte,Hepatic,41,NLRP3,0.491865,1.30,program_neighbor,234,0.3421,ATF5
Set 1,HEPATO-03,Hepatocyte,Hepatic,42,GATA4,0.487011,1.33,known_cofactor,177,0.9944,HNF1A
Set 1,HEPATO-03,Hepatocyte,Hepatic,43,NR1H3,0.482145,1.36,program_neighbor,155,0.9873,HNF4A
Set 1,HEPATO-03,Hepatocyte,Hepatic,44,DDX60,0.478608,1.39,program_neighbor,87,0.1758,CEBPA
Set 1,HEPATO-03,Hepatocyte,Hepatic,45,MOV10,0.476075,1.42,program_neighbor,1,0.0071,PROX1
Set 1,HEPATO-03,Hepatocyte,Hepatic,46,CUX2,0.469359,1.45,program_neighbor,4,0.0229,ONECUT1
Set 1,HEPATO-03,Hepatocyte,Hepatic,47,POLR2F,0.468986,1.48,program_neighbor,140,1.0000,CEBPA
Set 1,HEPATO-03,Hepatocyte,Hepatic,48,EGR1,0.468823,1.52,program_neighbor,141,0.9930,ONECUT1
Set 1,HEPATO-03,Hepatocyte,Hepatic,49,SHMT2,0.468379,1.55,program_neighbor,49,0.1947,HNF1A
Set 1,HEPATO-03,Hepatocyte,Hepatic,50,VDR,0.466837,1.58,program_neighbor,140,0.9929,CEBPA
Set 1,HEPATO-04,Hepatocyte,Hepatic,1,ALB,0.852810,0.03,program_neighbor,4,0.0286,FOXA1
Set 1,HEPATO-04,Hepatocyte,Hepatic,2,THRSP,0.800932,0.06,program_neighbor,1,0.0065,FOXA1
Set 1,HEPATO-04,Hepatocyte,Hepatic,3,FABP1,0.763423,0.09,program_neighbor,84,0.1647,FOXA1
Set 1,HEPATO-04,Hepatocyte,Hepatic,4,CREB3L3,0.760282,0.13,program_neighbor,10,0.0408,FOXA2
Set 1,HEPATO-04,Hepatocyte,Hepatic,5,HNF4A,0.747239,0.16,known_cofactor,140,0.9032,FOXA1
Set 1,HEPATO-04,Hepatocyte,Hepatic,6,KDM8,0.740655,0.19,novel_prediction,0,0.0000,
Set 1,HEPATO-04,Hepatocyte,Hepatic,7,ONECUT1,0.714212,0.22,known_cofactor,140,0.9929,FOXA1
Set 1,HEPATO-04,Hepatocyte,Hepatic,8,HNF1A,0.714133,0.25,known_cofactor,141,0.7865,FOXA1
Set 1,HEPATO-04,Hepatocyte,Hepatic,9,ONECUT2,0.711415,0.28,program_neighbor,144,0.8485,FOXA1
Set 1,HEPATO-04,Hepatocyte,Hepatic,10,ATF5,0.711322,0.32,known_cofactor,141,0.6278,FOXA1
Set 1,HEPATO-04,Hepatocyte,Hepatic,11,NR1H4,0.710731,0.35,program_neighbor,140,0.2637,FOXA1
Set 1,HEPATO-04,Hepatocyte,Hepatic,12,FOXA3,0.689704,0.38,known_cofactor,144,0.8485,FOXA1
Set 1,HEPATO-04,Hepatocyte,Hepatic,13,MLXIPL,0.678759,0.41,program_neighbor,141,0.9859,FOXA1
Set 1,HEPATO-04,Hepatocyte,Hepatic,14,SERPINA3,0.677740,0.44,program_neighbor,83,0.1677,FOXA1
Set 1,HEPATO-04,Hepatocyte,Hepatic,15,NR1I2,0.666958,0.47,program_neighbor,140,0.5738,FOXA1
Set 1,HEPATO-04,Hepatocyte,Hepatic,16,SEC14L2,0.666454,0.51,program_neighbor,3,0.0052,FOXA2
Set 1,HEPATO-04,Hepatocyte,Hepatic,17,ANG,0.660313,0.54,program_neighbor,93,0.1366,FOXA1
Set 1,HEPATO-04,Hepatocyte,Hepatic,18,PROX1,0.658210,0.57,known_cofactor,141,0.9929,FOXA1
Set 1,HEPATO-04,Hepatocyte,Hepatic,19,NR1I3,0.653737,0.60,program_neighbor,140,0.5738,FOXA1
Set 1,HEPATO-04,Hepatocyte,Hepatic,20,RORC,0.639154,0.63,program_neighbor,140,1.0000,FOXA1
Set 1,HEPATO-04,Hepatocyte,Hepatic,21,NR0B2,0.634604,0.66,program_neighbor,9,0.0366,FOXA2
Set 1,HEPATO-04,Hepatocyte,Hepatic,22,FOXA2,0.623100,0.69,known_factor,205,1.0000,FOXA2
Set 1,HEPATO-04,Hepatocyte,Hepatic,23,COLEC11,0.622745,0.73,novel_prediction,0,0.0000,
Set 1,HEPATO-04,Hepatocyte,Hepatic,24,NR5A2,0.600504,0.76,program_neighbor,140,0.9929,FOXA1
Set 1,HEPATO-04,Hepatocyte,Hepatic,25,ARID3C,0.595797,0.79,program_neighbor,7,0.0476,FOXA1
Set 1,HEPATO-04,Hepatocyte,Hepatic,26,PPARA,0.589568,0.82,program_neighbor,140,0.7216,FOXA1
Set 1,HEPATO-04,Hepatocyte,Hepatic,27,CEBPA,0.587324,0.85,known_cofactor,140,1.0000,FOXA1
Set 1,HEPATO-04,Hepatocyte,Hepatic,28,TRIM15,0.579419,0.88,program_neighbor,83,0.1677,FOXA1
Set 1,HEPATO-04,Hepatocyte,Hepatic,29,FOXA1,0.564470,0.92,known_factor,140,1.0000,FOXA1
Set 1,HEPATO-04,Hepatocyte,Hepatic,30,HNF4G,0.555032,0.95,program_neighbor,140,1.0000,FOXA1
Set 1,HEPATO-04,Hepatocyte,Hepatic,31,XBP1,0.553287,0.98,program_neighbor,140,0.2564,FOXA1
Set 1,HEPATO-04,Hepatocyte,Hepatic,32,OASL,0.552321,1.01,program_neighbor,83,0.1677,FOXA1
Set 1,HEPATO-04,Hepatocyte,Hepatic,33,TRIB3,0.538248,1.04,novel_prediction,0,0.0000,
Set 1,HEPATO-04,Hepatocyte,Hepatic,34,MPO,0.521936,1.07,program_neighbor,84,0.1547,FOXA1
Set 1,HEPATO-04,Hepatocyte,Hepatic,35,LBX2,0.519033,1.11,program_neighbor,2,0.0079,FOXA2
Set 1,HEPATO-04,Hepatocyte,Hepatic,36,HHEX,0.515028,1.14,program_neighbor,140,0.5738,FOXA1
Set 1,HEPATO-04,Hepatocyte,Hepatic,37,SREBF1,0.514782,1.17,program_neighbor,140,0.7527,FOXA1
Set 1,HEPATO-04,Hepatocyte,Hepatic,38,MACC1,0.502567,1.20,program_neighbor,1,0.0053,FOXA1
Set 1,HEPATO-04,Hepatocyte,Hepatic,39,PPARGC1A,0.497961,1.23,program_neighbor,191,0.7520,FOXA2
Set 1,HEPATO-04,Hepatocyte,Hepatic,40,DMRTA1,0.497456,1.26,program_neighbor,5,0.0270,FOXA1
Set 1,HEPATO-04,Hepatocyte,Hepatic,41,NLRP3,0.491865,1.30,program_neighbor,141,0.2160,FOXA1
Set 1,HEPATO-04,Hepatocyte,Hepatic,42,GATA4,0.487011,1.33,known_cofactor,140,0.7910,FOXA1
Set 1,HEPATO-04,Hepatocyte,Hepatic,43,NR1H3,0.482145,1.36,program_neighbor,140,0.8917,FOXA1
Set 1,HEPATO-04,Hepatocyte,Hepatic,44,DDX60,0.478608,1.39,program_neighbor,87,0.1758,FOXA1
Set 1,HEPATO-04,Hepatocyte,Hepatic,45,MOV10,0.476075,1.42,program_neighbor,1,0.0049,FOXA2
Set 1,HEPATO-04,Hepatocyte,Hepatic,46,CUX2,0.469359,1.45,program_neighbor,11,0.0474,FOXA2
Set 1,HEPATO-04,Hepatocyte,Hepatic,47,POLR2F,0.468986,1.48,program_neighbor,140,1.0000,FOXA1
Set 1,HEPATO-04,Hepatocyte,Hepatic,48,EGR1,0.468823,1.52,program_neighbor,141,0.9859,FOXA1
Set 1,HEPATO-04,Hepatocyte,Hepatic,49,SHMT2,0.468379,1.55,program_neighbor,1,0.0053,FOXA1
Set 1,HEPATO-04,Hepatocyte,Hepatic,50,VDR,0.466837,1.58,program_neighbor,140,0.9929,FOXA1
Set 1,HEPATO-05,Hepatocyte (in vivo),Hepatic,1,ALB,0.852810,0.03,program_neighbor,4,0.0258,HNF4A
Set 1,HEPATO-05,Hepatocyte (in vivo),Hepatic,2,THRSP,0.800932,0.06,program_neighbor,16,0.1032,HNF4A
Set 1,HEPATO-05,Hepatocyte (in vivo),Hepatic,3,FABP1,0.763423,0.09,program_neighbor,99,0.1941,HNF4A
Set 1,HEPATO-05,Hepatocyte (in vivo),Hepatic,4,CREB3L3,0.760282,0.13,program_neighbor,9,0.0386,FOXA3
Set 1,HEPATO-05,Hepatocyte (in vivo),Hepatic,5,HNF4A,0.747239,0.16,known_factor,155,1.0000,HNF4A
Set 1,HEPATO-05,Hepatocyte (in vivo),Hepatic,6,KDM8,0.740655,0.19,program_neighbor,36,0.2022,HNF1A
Set 1,HEPATO-05,Hepatocyte (in vivo),Hepatic,7,ONECUT1,0.714212,0.22,known_cofactor,141,0.8974,HNF4A
Set 1,HEPATO-05,Hepatocyte (in vivo),Hepatic,8,HNF1A,0.714133,0.25,known_factor,178,1.0000,HNF1A
Set 1,HEPATO-05,Hepatocyte (in vivo),Hepatic,9,ONECUT2,0.711415,0.28,program_neighbor,164,0.9880,FOXA3
Set 1,HEPATO-05,Hepatocyte (in vivo),Hepatic,10,ATF5,0.711322,0.32,known_cofactor,177,0.7822,HNF1A
Set 1,HEPATO-05,Hepatocyte (in vivo),Hepatic,11,NR1H4,0.710731,0.35,program_neighbor,176,0.3302,HNF1A
Set 1,HEPATO-05,Hepatocyte (in vivo),Hepatic,12,FOXA3,0.689704,0.38,known_factor,165,1.0000,FOXA3
Set 1,HEPATO-05,Hepatocyte (in vivo),Hepatic,13,MLXIPL,0.678759,0.41,program_neighbor,142,0.8917,HNF4A
Set 1,HEPATO-05,Hepatocyte (in vivo),Hepatic,14,SERPINA3,0.677740,0.44,program_neighbor,83,0.1627,HNF4A
Set 1,HEPATO-05,Hepatocyte (in vivo),Hepatic,15,NR1I2,0.666958,0.47,program_neighbor,140,0.5405,HNF4A
Set 1,HEPATO-05,Hepatocyte (in vivo),Hepatic,16,SEC14L2,0.666454,0.51,program_neighbor,24,0.0462,FOXA3
Set 1,HEPATO-05,Hepatocyte (in vivo),Hepatic,17,ANG,0.660313,0.54,program_neighbor,150,0.1924,HNF1A
Set 1,HEPATO-05,Hepatocyte (in vivo),Hepatic,18,PROX1,0.658210,0.57,known_cofactor,141,0.8974,HNF4A
Set 1,HEPATO-05,Hepatocyte (in vivo),Hepatic,19,NR1I3,0.653737,0.60,program_neighbor,140,0.5405,HNF4A
Set 1,HEPATO-05,Hepatocyte (in vivo),Hepatic,20,RORC,0.639154,0.63,program_neighbor,140,0.9032,HNF4A
Set 1,HEPATO-05,Hepatocyte (in vivo),Hepatic,21,NR0B2,0.634604,0.66,program_neighbor,8,0.0354,HNF4A
Set 1,HEPATO-05,Hepatocyte (in vivo),Hepatic,22,FOXA2,0.623100,0.69,known_cofactor,145,0.6372,FOXA3
Set 1,HEPATO-05,Hepatocyte (in vivo),Hepatic,23,COLEC11,0.622745,0.73,program_neighbor,36,0.2022,HNF1A
Set 1,HEPATO-05,Hepatocyte (in vivo),Hepatic,24,NR5A2,0.600504,0.76,program_neighbor,141,0.9097,HNF4A
Set 1,HEPATO-05,Hepatocyte (in vivo),Hepatic,25,ARID3C,0.595797,0.79,program_neighbor,14,0.0903,HNF4A
Set 1,HEPATO-05,Hepatocyte (in vivo),Hepatic,26,PPARA,0.589568,0.82,program_neighbor,191,0.8980,HNF1A
Set 1,HEPATO-05,Hepatocyte (in vivo),Hepatic,27,CEBPA,0.587324,0.85,known_cofactor,140,0.9032,HNF4A
Set 1,HEPATO-05,Hepatocyte (in vivo),Hepatic,28,TRIM15,0.579419,0.88,program_neighbor,83,0.1627,HNF4A
Set 1,HEPATO-05,Hepatocyte (in vivo),Hepatic,29,FOXA1,0.564470,0.92,known_cofactor,140,0.9032,HNF4A
Set 1,HEPATO-05,Hepatocyte (in vivo),Hepatic,30,HNF4G,0.555032,0.95,program_neighbor,140,0.9032,HNF4A
Set 1,HEPATO-05,Hepatocyte (in vivo),Hepatic,31,XBP1,0.553287,0.98,program_neighbor,191,0.3212,HNF1A
Set 1,HEPATO-05,Hepatocyte (in vivo),Hepatic,32,OASL,0.552321,1.01,program_neighbor,83,0.1627,HNF4A
Set 1,HEPATO-05,Hepatocyte (in vivo),Hepatic,33,TRIB3,0.538248,1.04,program_neighbor,36,0.1875,HNF1A
Set 1,HEPATO-05,Hepatocyte (in vivo),Hepatic,34,MPO,0.521936,1.07,program_neighbor,132,0.2202,HNF1A
Set 1,HEPATO-05,Hepatocyte (in vivo),Hepatic,35,LBX2,0.519033,1.11,program_neighbor,5,0.0142,FOXA3
Set 1,HEPATO-05,Hepatocyte (in vivo),Hepatic,36,HHEX,0.515028,1.14,program_neighbor,140,0.5405,HNF4A
Set 1,HEPATO-05,Hepatocyte (in vivo),Hepatic,37,SREBF1,0.514782,1.17,program_neighbor,155,0.8333,HNF4A
Set 1,HEPATO-05,Hepatocyte (in vivo),Hepatic,38,MACC1,0.502567,1.20,program_neighbor,49,0.1947,HNF1A
Set 1,HEPATO-05,Hepatocyte (in vivo),Hepatic,39,PPARGC1A,0.497961,1.23,program_neighbor,189,0.7344,HNF1A
Set 1,HEPATO-05,Hepatocyte (in vivo),Hepatic,40,DMRTA1,0.497456,1.26,program_neighbor,8,0.0302,HNF4A
Set 1,HEPATO-05,Hepatocyte (in vivo),Hepatic,41,NLRP3,0.491865,1.30,program_neighbor,188,0.2708,HNF1A
Set 1,HEPATO-05,Hepatocyte (in vivo),Hepatic,42,GATA4,0.487011,1.33,known_cofactor,177,0.9944,HNF1A
Set 1,HEPATO-05,Hepatocyte (in vivo),Hepatic,43,NR1H3,0.482145,1.36,program_neighbor,155,0.9873,HNF4A
Set 1,HEPATO-05,Hepatocyte (in vivo),Hepatic,44,DDX60,0.478608,1.39,program_neighbor,87,0.1706,HNF4A
Set 1,HEPATO-05,Hepatocyte (in vivo),Hepatic,45,MOV10,0.476075,1.42,program_neighbor,1,0.0056,HNF1A
Set 1,HEPATO-05,Hepatocyte (in vivo),Hepatic,46,CUX2,0.469359,1.45,program_neighbor,26,0.1469,FOXA3
Set 1,HEPATO-05,Hepatocyte (in vivo),Hepatic,47,POLR2F,0.468986,1.48,program_neighbor,140,0.9032,HNF4A
Set 1,HEPATO-05,Hepatocyte (in vivo),Hepatic,48,EGR1,0.468823,1.52,program_neighbor,141,0.8917,HNF4A
Set 1,HEPATO-05,Hepatocyte (in vivo),Hepatic,49,SHMT2,0.468379,1.55,program_neighbor,49,0.1947,HNF1A
Set 1,HEPATO-05,Hepatocyte (in vivo),Hepatic,50,VDR,0.466837,1.58,program_neighbor,140,0.8974,HNF4A
Set 1,BETA-02,Pancreatic beta cell,Endocrine,1,PDX1,0.773861,0.03,known_factor,188,1.0000,PDX1
Set 1,BETA-02,Pancreatic beta cell,Endocrine,2,PTF1A,0.736913,0.06,program_neighbor,140,0.7407,PDX1
Set 1,BETA-02,Pancreatic beta cell,Endocrine,3,ONECUT1,0.716883,0.09,program_neighbor,140,0.7407,PDX1
Set 1,BETA-02,Pancreatic beta cell,Endocrine,4,MNX1,0.688273,0.13,program_neighbor,10,0.0526,PDX1
Set 1,BETA-02,Pancreatic beta cell,Endocrine,5,NR5A2,0.683125,0.16,program_neighbor,141,0.7500,PDX1
Set 1,BETA-02,Pancreatic beta cell,Endocrine,6,HNF1B,0.647887,0.19,program_neighbor,176,0.9362,PDX1
Set 1,BETA-02,Pancreatic beta cell,Endocrine,7,RBPJL,0.645977,0.22,program_neighbor,140,0.4762,PDX1
Set 1,BETA-02,Pancreatic beta cell,Endocrine,8,FOXA3,0.623272,0.25,program_neighbor,140,0.6573,PDX1
Set 1,BETA-02,Pancreatic beta cell,Endocrine,9,MAFA,0.607532,0.28,known_cofactor,143,0.7566,PDX1
Set 1,BETA-02,Pancreatic beta cell,Endocrine,10,FOXA2,0.604050,0.32,program_neighbor,140,0.5534,PDX1
Set 1,BETA-02,Pancreatic beta cell,Endocrine,11,HNF1A,0.591958,0.35,program_neighbor,176,0.9263,PDX1
Set 1,BETA-02,Pancreatic beta cell,Endocrine,12,BHLHA15,0.577375,0.38,program_neighbor,140,0.2513,PDX1
Set 1,BETA-02,Pancreatic beta cell,Endocrine,13,GFI1,0.575063,0.41,program_neighbor,140,0.7447,PDX1
Set 1,BETA-02,Pancreatic beta cell,Endocrine,14,ONECUT2,0.550491,0.44,program_neighbor,140,0.6573,PDX1
Set 1,BETA-02,Pancreatic beta cell,Endocrine,15,GATA4,0.524449,0.47,program_neighbor,176,0.9312,PDX1
Set 1,BETA-02,Pancreatic beta cell,Endocrine,16,XBP1,0.517011,0.51,program_neighbor,188,0.3443,PDX1
Set 1,BETA-02,Pancreatic beta cell,Endocrine,17,CREB3L1,0.510159,0.54,program_neighbor,140,0.7447,PDX1
Set 1,BETA-02,Pancreatic beta cell,Endocrine,18,ASCL5,0.506213,0.57,program_neighbor,10,0.0529,PDX1
Set 1,BETA-02,Pancreatic beta cell,Endocrine,19,ZFP57,0.505908,0.60,program_neighbor,140,0.7447,PDX1
Set 1,BETA-02,Pancreatic beta cell,Endocrine,20,HNF4A,0.497456,0.63,program_neighbor,152,0.7958,PDX1
Set 1,BETA-02,Pancreatic beta cell,Endocrine,21,PAX6,0.497092,0.66,program_neighbor,140,0.7447,PDX1
Set 1,BETA-02,Pancreatic beta cell,Endocrine,22,RORC,0.496521,0.69,program_neighbor,140,0.7447,PDX1
Set 1,BETA-02,Pancreatic beta cell,Endocrine,23,SERPINA3,0.494689,0.73,program_neighbor,83,0.1529,PDX1
Set 1,BETA-02,Pancreatic beta cell,Endocrine,24,NKX6-1,0.491406,0.76,program_neighbor,140,0.7447,PDX1
Set 1,BETA-02,Pancreatic beta cell,Endocrine,25,PAX4,0.487709,0.79,known_cofactor,176,0.9362,PDX1
Set 1,BETA-02,Pancreatic beta cell,Endocrine,26,ZNF98,0.485098,0.82,program_neighbor,140,0.7447,PDX1
Set 1,BETA-02,Pancreatic beta cell,Endocrine,27,NKX2-2,0.483265,0.85,program_neighbor,140,0.7407,PDX1
Set 1,BETA-02,Pancreatic beta cell,Endocrine,28,GLIS3,0.468055,0.88,program_neighbor,140,0.7447,PDX1
Set 1,BETA-02,Pancreatic beta cell,Endocrine,29,MYCL,0.462390,0.92,program_neighbor,140,0.7447,PDX1
Set 1,BETA-02,Pancreatic beta cell,Endocrine,30,NR0B2,0.461267,0.95,program_neighbor,6,0.0259,PDX1
Set 1,BETA-02,Pancreatic beta cell,Endocrine,31,SALL4,0.460406,0.98,program_neighbor,141,0.6912,PDX1
Set 1,BETA-02,Pancreatic beta cell,Endocrine,32,HNF4G,0.457944,1.01,program_neighbor,140,0.7447,PDX1
Set 1,BETA-02,Pancreatic beta cell,Endocrine,33,POU4F1,0.454043,1.04,program_neighbor,176,0.9312,PDX1
Set 1,BETA-02,Pancreatic beta cell,Endocrine,34,FOXF1,0.453077,1.07,program_neighbor,10,0.0526,PDX1
Set 1,BETA-02,Pancreatic beta cell,Endocrine,35,MUC1,0.446648,1.11,program_neighbor,89,0.4064,PDX1
Set 1,BETA-02,Pancreatic beta cell,Endocrine,36,TCF15,0.446066,1.14,program_neighbor,140,0.7407,PDX1
Set 1,BETA-02,Pancreatic beta cell,Endocrine,37,FEZF2,0.445202,1.17,program_neighbor,140,0.7407,PDX1
Set 1,BETA-02,Pancreatic beta cell,Endocrine,38,HEYL,0.444039,1.20,program_neighbor,140,0.7447,PDX1
Set 1,BETA-02,Pancreatic beta cell,Endocrine,39,GRHL1,0.443348,1.23,program_neighbor,140,0.7407,PDX1
Set 1,BETA-02,Pancreatic beta cell,Endocrine,40,POU4F2,0.443262,1.26,program_neighbor,176,0.9312,PDX1
Set 1,BETA-02,Pancreatic beta cell,Endocrine,41,TRIB3,0.443188,1.30,program_neighbor,36,0.1782,PDX1
Set 1,BETA-02,Pancreatic beta cell,Endocrine,42,TWIST1,0.443129,1.33,program_neighbor,176,0.9312,PDX1
Set 1,BETA-02,Pancreatic beta cell,Endocrine,43,MLXIPL,0.440012,1.36,program_neighbor,140,0.7368,PDX1
Set 1,BETA-02,Pancreatic beta cell,Endocrine,44,MLXIP,0.439263,1.39,program_neighbor,140,0.7368,PDX1
Set 1,BETA-02,Pancreatic beta cell,Endocrine,45,PLAGL1,0.438574,1.42,program_neighbor,36,0.1915,PDX1
Set 1,BETA-02,Pancreatic beta cell,Endocrine,46,ALB,0.437884,1.45,program_neighbor,4,0.0213,PDX1
Set 1,BETA-02,Pancreatic beta cell,Endocrine,47,MAFB,0.436893,1.48,program_neighbor,140,0.7447,PDX1
Set 1,BETA-02,Pancreatic beta cell,Endocrine,48,TFAP2A,0.436360,1.52,program_neighbor,176,0.9362,PDX1
Set 1,BETA-02,Pancreatic beta cell,Endocrine,49,FOXC1,0.435884,1.55,program_neighbor,143,0.7448,PDX1
Set 1,BETA-02,Pancreatic beta cell,Endocrine,50,ZIC2,0.435395,1.58,program_neighbor,140,0.7407,PDX1
Set 1,BETA-03,Pancreatic beta cell,Endocrine,1,PDX1,0.771471,0.03,known_factor,188,1.0000,PDX1
Set 1,BETA-03,Pancreatic beta cell,Endocrine,2,PTF1A,0.736804,0.06,program_neighbor,141,0.9792,MAFA
Set 1,BETA-03,Pancreatic beta cell,Endocrine,3,ONECUT1,0.665279,0.09,program_neighbor,140,0.9655,MAFA
Set 1,BETA-03,Pancreatic beta cell,Endocrine,4,RBPJL,0.638348,0.13,program_neighbor,141,0.5663,MAFA
Set 1,BETA-03,Pancreatic beta cell,Endocrine,5,MNX1,0.619687,0.16,program_neighbor,11,0.0759,MAFA
Set 1,BETA-03,Pancreatic beta cell,Endocrine,6,NR5A2,0.618460,0.19,program_neighbor,141,0.9655,MAFA
Set 1,BETA-03,Pancreatic beta cell,Endocrine,7,FOXA3,0.615069,0.22,program_neighbor,140,0.8284,MAFA
Set 1,BETA-03,Pancreatic beta cell,Endocrine,8,HNF1B,0.608532,0.25,program_neighbor,176,0.9362,PDX1
Set 1,BETA-03,Pancreatic beta cell,Endocrine,9,FOXA2,0.602662,0.28,program_neighbor,141,0.6779,MAFA
Set 1,BETA-03,Pancreatic beta cell,Endocrine,10,MAFA,0.589835,0.32,known_factor,144,1.0000,MAFA
Set 1,BETA-03,Pancreatic beta cell,Endocrine,11,HNF1A,0.589567,0.35,program_neighbor,176,0.9263,PDX1
Set 1,BETA-03,Pancreatic beta cell,Endocrine,12,BHLHA15,0.578461,0.38,program_neighbor,140,0.2729,MAFA
Set 1,BETA-03,Pancreatic beta cell,Endocrine,13,ONECUT2,0.542288,0.41,program_neighbor,141,0.8393,MAFA
Set 1,BETA-03,Pancreatic beta cell,Endocrine,14,GFI1,0.539539,0.44,program_neighbor,140,0.9722,MAFA
Set 1,BETA-03,Pancreatic beta cell,Endocrine,15,ZFP57,0.505799,0.47,program_neighbor,140,0.9722,MAFA
Set 1,BETA-03,Pancreatic beta cell,Endocrine,16,PAX6,0.496983,0.51,program_neighbor,140,0.9722,MAFA
Set 1,BETA-03,Pancreatic beta cell,Endocrine,17,RORC,0.496412,0.54,program_neighbor,140,0.9722,MAFA
Set 1,BETA-03,Pancreatic beta cell,Endocrine,18,GATA4,0.496067,0.57,program_neighbor,176,0.9312,PDX1
Set 1,BETA-03,Pancreatic beta cell,Endocrine,19,HNF4A,0.495609,0.60,program_neighbor,152,0.8805,MAFA
Set 1,BETA-03,Pancreatic beta cell,Endocrine,20,SERPINA3,0.491539,0.63,program_neighbor,83,0.1663,MAFA
Set 1,BETA-03,Pancreatic beta cell,Endocrine,21,NKX6-1,0.491297,0.66,program_neighbor,140,0.9722,MAFA
Set 1,BETA-03,Pancreatic beta cell,Endocrine,22,CREB3L1,0.491156,0.69,program_neighbor,140,0.9722,MAFA
Set 1,BETA-03,Pancreatic beta cell,Endocrine,23,PAX4,0.485319,0.73,known_cofactor,176,0.9362,PDX1
Set 1,BETA-03,Pancreatic beta cell,Endocrine,24,ZNF98,0.484989,0.76,program_neighbor,140,0.9722,MAFA
Set 1,BETA-03,Pancreatic beta cell,Endocrine,25,NKX2-2,0.481418,0.79,program_neighbor,140,0.9655,MAFA
Set 1,BETA-03,Pancreatic beta cell,Endocrine,26,XBP1,0.475294,0.82,program_neighbor,188,0.3443,PDX1
Set 1,BETA-03,Pancreatic beta cell,Endocrine,27,GLIS3,0.464178,0.85,program_neighbor,140,0.9722,MAFA
Set 1,BETA-03,Pancreatic beta cell,Endocrine,28,ASCL5,0.460137,0.88,program_neighbor,10,0.0690,MAFA
Set 1,BETA-03,Pancreatic beta cell,Endocrine,29,HNF4G,0.457836,0.92,program_neighbor,140,0.9722,MAFA
Set 1,BETA-03,Pancreatic beta cell,Endocrine,30,NR0B2,0.457563,0.95,program_neighbor,6,0.0319,MAFA
Set 1,BETA-03,Pancreatic beta cell,Endocrine,31,POU4F1,0.451653,0.98,program_neighbor,177,0.9312,PDX1
Set 1,BETA-03,Pancreatic beta cell,Endocrine,32,TCF15,0.445957,1.01,program_neighbor,141,0.9792,MAFA
Set 1,BETA-03,Pancreatic beta cell,Endocrine,33,FEZF2,0.445093,1.04,program_neighbor,141,0.9792,MAFA
Set 1,BETA-03,Pancreatic beta cell,Endocrine,34,GRHL1,0.441501,1.07,program_neighbor,140,0.9655,MAFA
Set 1,BETA-03,Pancreatic beta cell,Endocrine,35,FOXF1,0.441018,1.11,program_neighbor,11,0.0759,MAFA
Set 1,BETA-03,Pancreatic beta cell,Endocrine,36,POU4F2,0.440872,1.14,program_neighbor,177,0.9312,PDX1
Set 1,BETA-03,Pancreatic beta cell,Endocrine,37,TWIST1,0.440739,1.17,program_neighbor,177,0.9312,PDX1
Set 1,BETA-03,Pancreatic beta cell,Endocrine,38,TRIB3,0.440581,1.20,program_neighbor,36,0.1782,PDX1
Set 1,BETA-03,Pancreatic beta cell,Endocrine,39,SALL4,0.438471,1.23,program_neighbor,141,0.8696,MAFA
Set 1,BETA-03,Pancreatic beta cell,Endocrine,40,MLXIPL,0.438165,1.26,program_neighbor,140,0.9589,MAFA
Set 1,BETA-03,Pancreatic beta cell,Endocrine,41,MLXIP,0.437416,1.30,program_neighbor,140,0.9589,MAFA
Set 1,BETA-03,Pancreatic beta cell,Endocrine,42,MAFB,0.436784,1.33,program_neighbor,140,0.9722,MAFA
Set 1,BETA-03,Pancreatic beta cell,Endocrine,43,PLAGL1,0.436510,1.36,program_neighbor,36,0.1915,PDX1
Set 1,BETA-03,Pancreatic beta cell,Endocrine,44,MYCL,0.435867,1.39,program_neighbor,140,0.9722,MAFA
Set 1,BETA-03,Pancreatic beta cell,Endocrine,45,ZIC2,0.435287,1.42,program_neighbor,141,0.9792,MAFA
Set 1,BETA-03,Pancreatic beta cell,Endocrine,46,FOXA1,0.435044,1.45,program_neighbor,140,0.9722,MAFA
Set 1,BETA-03,Pancreatic beta cell,Endocrine,47,SIX2,0.434730,1.48,program_neighbor,145,0.7121,MAFA
Set 1,BETA-03,Pancreatic beta cell,Endocrine,48,SUV39H1,0.434237,1.52,program_neighbor,77,0.5310,MAFA
Set 1,BETA-03,Pancreatic beta cell,Endocrine,49,TFAP2A,0.433970,1.55,program_neighbor,176,0.9362,PDX1
Set 1,BETA-03,Pancreatic beta cell,Endocrine,50,PROX1,0.433052,1.58,program_neighbor,140,0.9655,MAFA
Set 1,BETA-04,Pancreatic beta cell,Endocrine,1,PDX1,0.796924,0.03,known_factor,188,1.0000,PDX1
Set 1,BETA-04,Pancreatic beta cell,Endocrine,2,PTF1A,0.768796,0.06,program_neighbor,141,0.9929,NEUROG3
Set 1,BETA-04,Pancreatic beta cell,Endocrine,3,NR5A2,0.714388,0.09,program_neighbor,141,0.9929,NEUROG3
Set 1,BETA-04,Pancreatic beta cell,Endocrine,4,FOXA3,0.694269,0.13,program_neighbor,140,0.8485,NEUROG3
Set 1,BETA-04,Pancreatic beta cell,Endocrine,5,ONECUT1,0.691560,0.16,program_neighbor,140,0.9929,NEUROG3
Set 1,BETA-04,Pancreatic beta cell,Endocrine,6,MNX1,0.689955,0.19,program_neighbor,11,0.0759,MAFA
Set 1,BETA-04,Pancreatic beta cell,Endocrine,7,HNF1B,0.672313,0.22,program_neighbor,176,1.0000,PAX4
Set 1,BETA-04,Pancreatic beta cell,Endocrine,8,HNF1A,0.654680,0.25,program_neighbor,176,0.9888,PAX4
Set 1,BETA-04,Pancreatic beta cell,Endocrine,9,RBPJL,0.653608,0.28,program_neighbor,141,0.5691,NEUROG3
Set 1,BETA-04,Pancreatic beta cell,Endocrine,10,MAFA,0.638677,0.32,known_factor,144,1.0000,MAFA
Set 1,BETA-04,Pancreatic beta cell,Endocrine,11,FOXA2,0.622042,0.35,program_neighbor,141,0.6829,NEUROG3
Set 1,BETA-04,Pancreatic beta cell,Endocrine,12,GFI1,0.606517,0.38,program_neighbor,140,1.0000,NEUROG3
Set 1,BETA-04,Pancreatic beta cell,Endocrine,13,ONECUT2,0.594445,0.41,program_neighbor,141,0.8485,NEUROG3
Set 1,BETA-04,Pancreatic beta cell,Endocrine,14,BHLHA15,0.585100,0.44,program_neighbor,140,0.2750,NEUROG3
Set 1,BETA-04,Pancreatic beta cell,Endocrine,15,ASCL5,0.570801,0.47,program_neighbor,10,0.0709,NEUROG3
Set 1,BETA-04,Pancreatic beta cell,Endocrine,16,ZNF98,0.555493,0.51,program_neighbor,140,1.0000,NEUROG3
Set 1,BETA-04,Pancreatic beta cell,Endocrine,17,RORC,0.551169,0.54,program_neighbor,140,1.0000,NEUROG3
Set 1,BETA-04,Pancreatic beta cell,Endocrine,18,SERPINA3,0.545911,0.57,program_neighbor,83,0.1677,NEUROG3
Set 1,BETA-04,Pancreatic beta cell,Endocrine,19,HNF4A,0.544439,0.60,program_neighbor,152,0.9032,NEUROG3
Set 1,BETA-04,Pancreatic beta cell,Endocrine,20,GATA4,0.543292,0.63,program_neighbor,176,0.9944,PAX4
Set 1,BETA-04,Pancreatic beta cell,Endocrine,21,ZFP57,0.537362,0.66,program_neighbor,140,1.0000,NEUROG3
Set 1,BETA-04,Pancreatic beta cell,Endocrine,22,ALB,0.528869,0.69,program_neighbor,4,0.0286,NEUROG3
Set 1,BETA-04,Pancreatic beta cell,Endocrine,23,PAX6,0.528546,0.73,program_neighbor,140,1.0000,NEUROG3
Set 1,BETA-04,Pancreatic beta cell,Endocrine,24,XBP1,0.525430,0.76,program_neighbor,188,0.3443,PDX1
Set 1,BETA-04,Pancreatic beta cell,Endocrine,25,NKX6-1,0.522859,0.79,program_neighbor,140,1.0000,NEUROG3
Set 1,BETA-04,Pancreatic beta cell,Endocrine,26,CREB3L1,0.522719,0.82,program_neighbor,140,1.0000,NEUROG3
Set 1,BETA-04,Pancreatic beta cell,Endocrine,27,HNF4G,0.516746,0.85,program_neighbor,140,1.0000,NEUROG3
Set 1,BETA-04,Pancreatic beta cell,Endocrine,28,PAX4,0.512135,0.88,known_factor,176,1.0000,PAX4
Set 1,BETA-04,Pancreatic beta cell,Endocrine,29,FOXF1,0.511286,0.92,program_neighbor,11,0.0759,MAFA
Set 1,BETA-04,Pancreatic beta cell,Endocrine,30,NKX2-2,0.507699,0.95,program_neighbor,140,0.9929,NEUROG3
Set 1,BETA-04,Pancreatic beta cell,Endocrine,31,GLIS3,0.495740,0.98,program_neighbor,140,1.0000,NEUROG3
Set 1,BETA-04,Pancreatic beta cell,Endocrine,32,MYCL,0.493844,1.01,program_neighbor,140,1.0000,NEUROG3
Set 1,BETA-04,Pancreatic beta cell,Endocrine,33,SUV39H1,0.485399,1.04,program_neighbor,77,0.5461,NEUROG3
Set 1,BETA-04,Pancreatic beta cell,Endocrine,34,NKX1-2,0.481932,1.07,program_neighbor,11,0.0764,MAFA
Set 1,BETA-04,Pancreatic beta cell,Endocrine,35,POU4F1,0.478842,1.11,program_neighbor,177,0.9944,PAX4
Set 1,BETA-04,Pancreatic beta cell,Endocrine,36,TCF15,0.477949,1.14,program_neighbor,141,0.9929,NEUROG3
Set 1,BETA-04,Pancreatic beta cell,Endocrine,37,RAG2,0.477634,1.17,program_neighbor,4,0.0286,NEUROG3
Set 1,BETA-04,Pancreatic beta cell,Endocrine,38,FEZF2,0.477085,1.20,program_neighbor,141,0.9929,NEUROG3
Set 1,BETA-04,Pancreatic beta cell,Endocrine,39,PROX1,0.476679,1.23,program_neighbor,140,0.9929,NEUROG3
Set 1,BETA-04,Pancreatic beta cell,Endocrine,40,SALL4,0.476001,1.26,program_neighbor,141,0.8917,NEUROG3
Set 1,BETA-04,Pancreatic beta cell,Endocrine,41,IRX4,0.475984,1.30,program_neighbor,12,0.0759,MAFA
Set 1,BETA-04,Pancreatic beta cell,Endocrine,42,SHOX2,0.475625,1.33,program_neighbor,14,0.0972,MAFA
Set 1,BETA-04,Pancreatic beta cell,Endocrine,43,PRDM6,0.475549,1.36,program_neighbor,12,0.0833,MAFA
Set 1,BETA-04,Pancreatic beta cell,Endocrine,44,HEYL,0.475493,1.39,program_neighbor,140,1.0000,NEUROG3
Set 1,BETA-04,Pancreatic beta cell,Endocrine,45,WNT4,0.473036,1.42,program_neighbor,10,0.0714,NEUROG3
Set 1,BETA-04,Pancreatic beta cell,Endocrine,46,EN2,0.471183,1.45,program_neighbor,14,0.0972,MAFA
Set 1,BETA-04,Pancreatic beta cell,Endocrine,47,OTUD7A,0.470868,1.48,program_neighbor,10,0.0714,NEUROG3
Set 1,BETA-04,Pancreatic beta cell,Endocrine,48,MAFB,0.468347,1.52,program_neighbor,140,1.0000,NEUROG3
Set 1,BETA-04,Pancreatic beta cell,Endocrine,49,POU4F2,0.468062,1.55,program_neighbor,177,0.9944,PAX4
Set 1,BETA-04,Pancreatic beta cell,Endocrine,50,TWIST1,0.467928,1.58,program_neighbor,177,0.9944,PAX4
Set 1,BLOOD-01,Blood progenitor,Blood,1,KLF1,0.869645,0.03,program_neighbor,176,0.8756,POU5F1
Set 1,BLOOD-01,Blood progenitor,Blood,2,CR2,0.855598,0.06,program_neighbor,84,0.1511,POU5F1
Set 1,BLOOD-01,Blood progenitor,Blood,3,GATA1,0.837971,0.09,known_cofactor,176,0.8756,POU5F1
Set 1,BLOOD-01,Blood progenitor,Blood,4,PADI4,0.835093,0.13,program_neighbor,140,0.2513,POU5F1
Set 1,BLOOD-01,Blood progenitor,Blood,5,BATF,0.823830,0.16,program_neighbor,140,0.6965,POU5F1
Set 1,BLOOD-01,Blood progenitor,Blood,6,CEBPE,0.823218,0.19,program_neighbor,140,0.2518,POU5F1
Set 1,BLOOD-01,Blood progenitor,Blood,7,TLR8,0.816648,0.22,program_neighbor,85,0.1529,POU5F1
Set 1,BLOOD-01,Blood progenitor,Blood,8,SPIB,0.815101,0.25,program_neighbor,140,0.6965,POU5F1
Set 1,BLOOD-01,Blood progenitor,Blood,9,EOMES,0.813478,0.28,program_neighbor,140,0.6931,POU5F1
Set 1,BLOOD-01,Blood progenitor,Blood,10,AKNA,0.798355,0.32,program_neighbor,104,0.4031,POU5F1
Set 1,BLOOD-01,Blood progenitor,Blood,11,TCF7,0.792734,0.35,program_neighbor,183,0.3205,POU5F1
Set 1,BLOOD-01,Blood progenitor,Blood,12,HHEX,0.763047,0.38,program_neighbor,140,0.4590,POU5F1
Set 1,BLOOD-01,Blood progenitor,Blood,13,ARID3A,0.761473,0.41,program_neighbor,151,0.7475,POU5F1
Set 1,BLOOD-01,Blood progenitor,Blood,14,NLRC5,0.761271,0.44,program_neighbor,84,0.1508,POU5F1
Set 1,BLOOD-01,Blood progenitor,Blood,15,BATF3,0.747959,0.47,program_neighbor,140,0.6965,POU5F1
Set 1,BLOOD-01,Blood progenitor,Blood,16,IRF5,0.744683,0.51,program_neighbor,105,0.1741,POU5F1
Set 1,BLOOD-01,Blood progenitor,Blood,17,TXK,0.739547,0.54,novel_prediction,0,0.0000,
Set 1,BLOOD-01,Blood progenitor,Blood,18,HLX,0.736007,0.57,program_neighbor,17,0.0557,POU5F1
Set 1,BLOOD-01,Blood progenitor,Blood,19,SPI1,0.725562,0.60,program_neighbor,140,0.6965,POU5F1
Set 1,BLOOD-01,Blood progenitor,Blood,20,STAT4,0.724704,0.63,program_neighbor,140,0.2513,POU5F1
Set 1,BLOOD-01,Blood progenitor,Blood,21,NFATC2,0.721768,0.66,program_neighbor,140,0.5983,POU5F1
Set 1,BLOOD-01,Blood progenitor,Blood,22,RAG2,0.721165,0.69,program_neighbor,4,0.0199,POU5F1
Set 1,BLOOD-01,Blood progenitor,Blood,23,CD274,0.718977,0.73,program_neighbor,93,0.1366,POU5F1
Set 1,BLOOD-01,Blood progenitor,Blood,24,GFI1,0.718092,0.76,program_neighbor,140,0.6965,POU5F1
Set 1,BLOOD-01,Blood progenitor,Blood,25,MEIS1,0.705806,0.79,program_neighbor,140,0.6931,POU5F1
Set 1,BLOOD-01,Blood progenitor,Blood,26,FEZF2,0.702162,0.82,program_neighbor,140,0.6931,POU5F1
Set 1,BLOOD-01,Blood progenitor,Blood,27,GLI2,0.698025,0.85,program_neighbor,176,0.8627,POU5F1
Set 1,BLOOD-01,Blood progenitor,Blood,28,ARID5A,0.693597,0.88,program_neighbor,85,0.1529,POU5F1
Set 1,BLOOD-01,Blood progenitor,Blood,29,ZFAT,0.692810,0.92,program_neighbor,140,0.6897,POU5F1
Set 1,BLOOD-01,Blood progenitor,Blood,30,MSC,0.689666,0.95,program_neighbor,140,0.6965,POU5F1
Set 1,BLOOD-01,Blood progenitor,Blood,31,MLF1,0.688817,0.98,program_neighbor,140,0.6965,POU5F1
Set 1,BLOOD-01,Blood progenitor,Blood,32,IKZF1,0.688282,1.01,program_neighbor,140,0.6931,POU5F1
Set 1,BLOOD-01,Blood progenitor,Blood,33,ELF1,0.683619,1.04,program_neighbor,140,0.6009,POU5F1
Set 1,BLOOD-01,Blood progenitor,Blood,34,ZNF589,0.682705,1.07,program_neighbor,140,0.6965,POU5F1
Set 1,BLOOD-01,Blood progenitor,Blood,35,IKZF3,0.673540,1.11,program_neighbor,140,0.6965,POU5F1
Set 1,BLOOD-01,Blood progenitor,Blood,36,EBF1,0.666581,1.14,program_neighbor,140,0.6965,POU5F1
Set 1,BLOOD-01,Blood progenitor,Blood,37,IFI16,0.659349,1.17,program_neighbor,119,0.2140,POU5F1
Set 1,BLOOD-01,Blood progenitor,Blood,38,KLF3,0.657327,1.20,program_neighbor,140,0.6965,POU5F1
Set 1,BLOOD-01,Blood progenitor,Blood,39,SOX13,0.657300,1.23,program_neighbor,140,0.6034,POU5F1
Set 1,BLOOD-01,Blood progenitor,Blood,40,TBX21,0.654228,1.26,program_neighbor,2,0.0080,POU5F1
Set 1,BLOOD-01,Blood progenitor,Blood,41,KLF13,0.653885,1.30,program_neighbor,88,0.3793,POU5F1
Set 1,BLOOD-01,Blood progenitor,Blood,42,SERPINA3,0.649227,1.33,program_neighbor,83,0.1493,POU5F1
Set 1,BLOOD-01,Blood progenitor,Blood,43,CDCA4,0.645828,1.36,program_neighbor,3,0.0121,POU5F1
Set 1,BLOOD-01,Blood progenitor,Blood,44,RUNX3,0.643901,1.39,program_neighbor,140,0.6481,POU5F1
Set 1,BLOOD-01,Blood progenitor,Blood,45,KLF6,0.641820,1.42,program_neighbor,140,0.6965,POU5F1
Set 1,BLOOD-01,Blood progenitor,Blood,46,FASLG,0.641816,1.45,program_neighbor,53,0.1738,POU5F1
Set 1,BLOOD-01,Blood progenitor,Blood,47,PAX5,0.640349,1.48,program_neighbor,147,0.7313,POU5F1
Set 1,BLOOD-01,Blood progenitor,Blood,48,ACTN4,0.638992,1.52,program_neighbor,13,0.0586,POU5F1
Set 1,BLOOD-01,Blood progenitor,Blood,49,JMJD6,0.638465,1.55,program_neighbor,113,0.4466,POU5F1
Set 1,BLOOD-01,Blood progenitor,Blood,50,CXXC5,0.634272,1.58,program_neighbor,8,0.0329,POU5F1
Set 1,BLOOD-02,Macrophage,Blood,1,PADI4,0.787018,0.03,program_neighbor,140,0.2823,SPI1
Set 1,BLOOD-02,Macrophage,Blood,2,CEBPE,0.733406,0.06,program_neighbor,140,0.2828,SPI1
Set 1,BLOOD-02,Macrophage,Blood,3,TLR8,0.730982,0.09,program_neighbor,83,0.1670,SPI1
Set 1,BLOOD-02,Macrophage,Blood,4,CR2,0.707063,0.13,program_neighbor,84,0.1697,SPI1
Set 1,BLOOD-02,Macrophage,Blood,5,KLF1,0.683324,0.16,program_neighbor,140,0.7955,SPI1
Set 1,BLOOD-02,Macrophage,Blood,6,SPIC,0.650770,0.19,program_neighbor,3,0.0160,SPI1
Set 1,BLOOD-02,Macrophage,Blood,7,FASLG,0.649795,0.22,program_neighbor,17,0.0607,SPI1
Set 1,BLOOD-02,Macrophage,Blood,8,NLRC5,0.647602,0.25,program_neighbor,84,0.1694,SPI1
Set 1,BLOOD-02,Macrophage,Blood,9,TXK,0.639510,0.28,novel_prediction,0,0.0000,
Set 1,BLOOD-02,Macrophage,Blood,10,SPI1,0.636513,0.32,known_factor,140,1.0000,SPI1
Set 1,BLOOD-02,Macrophage,Blood,11,TBX21,0.635908,0.35,program_neighbor,1,0.0053,SPI1
Set 1,BLOOD-02,Macrophage,Blood,12,EOMES,0.626091,0.38,program_neighbor,140,0.9929,SPI1
Set 1,BLOOD-02,Macrophage,Blood,13,IKZF1,0.614519,0.41,program_neighbor,140,0.9929,SPI1
Set 1,BLOOD-02,Macrophage,Blood,14,ZBP1,0.612711,0.44,program_neighbor,1,0.0056,SPI1
Set 1,BLOOD-02,Macrophage,Blood,15,TCF7,0.611835,0.47,program_neighbor,140,0.2532,SPI1
Set 1,BLOOD-02,Macrophage,Blood,16,ELANE,0.610685,0.51,novel_prediction,0,0.0000,
Set 1,BLOOD-02,Macrophage,Blood,17,AKNA,0.603263,0.54,program_neighbor,96,0.4683,SPI1
Set 1,BLOOD-02,Macrophage,Blood,18,STAT4,0.599290,0.57,program_neighbor,140,0.2823,SPI1
Set 1,BLOOD-02,Macrophage,Blood,19,SPIB,0.596182,0.60,program_neighbor,140,1.0000,SPI1
Set 1,BLOOD-02,Macrophage,Blood,20,BTK,0.591099,0.63,program_neighbor,83,0.1670,SPI1
Set 1,BLOOD-02,Macrophage,Blood,21,AIM2,0.586118,0.66,program_neighbor,84,0.1547,SPI1
Set 1,BLOOD-02,Macrophage,Blood,22,TLX1,0.584067,0.69,program_neighbor,140,0.9722,SPI1
Set 1,BLOOD-02,Macrophage,Blood,23,BATF,0.582416,0.73,program_neighbor,140,1.0000,SPI1
Set 1,BLOOD-02,Macrophage,Blood,24,NFE2,0.582244,0.76,program_neighbor,140,1.0000,SPI1
Set 1,BLOOD-02,Macrophage,Blood,25,NR5A1,0.576044,0.79,program_neighbor,140,1.0000,SPI1
Set 1,BLOOD-02,Macrophage,Blood,26,LTF,0.575281,0.82,program_neighbor,83,0.1563,SPI1
Set 1,BLOOD-02,Macrophage,Blood,27,HHEX,0.573106,0.85,known_cofactor,140,0.5738,SPI1
Set 1,BLOOD-02,Macrophage,Blood,28,IRF5,0.572149,0.88,program_neighbor,105,0.1937,SPI1
Set 1,BLOOD-02,Macrophage,Blood,29,RUNX3,0.570864,0.92,program_neighbor,140,0.9032,SPI1
Set 1,BLOOD-02,Macrophage,Blood,30,IKZF3,0.569975,0.95,program_neighbor,140,1.0000,SPI1
Set 1,BLOOD-02,Macrophage,Blood,31,IRF1,0.569315,0.98,program_neighbor,140,0.2637,SPI1
Set 1,BLOOD-02,Macrophage,Blood,32,MPO,0.568429,1.01,program_neighbor,84,0.1547,SPI1
Set 1,BLOOD-02,Macrophage,Blood,33,GATA1,0.565344,1.04,program_neighbor,140,0.7955,SPI1
Set 1,BLOOD-02,Macrophage,Blood,34,ARID5A,0.565112,1.07,program_neighbor,85,0.1717,SPI1
Set 1,BLOOD-02,Macrophage,Blood,35,GFI1,0.559469,1.11,program_neighbor,140,1.0000,SPI1
Set 1,BLOOD-02,Macrophage,Blood,36,CD274,0.558750,1.14,program_neighbor,90,0.1445,SPI1
Set 1,BLOOD-02,Macrophage,Blood,37,NLRP3,0.557800,1.17,program_neighbor,140,0.2160,SPI1
Set 1,BLOOD-02,Macrophage,Blood,38,POU2AF1,0.546433,1.20,program_neighbor,3,0.0160,SPI1
Set 1,BLOOD-02,Macrophage,Blood,39,ARID3A,0.540725,1.23,program_neighbor,140,0.9211,SPI1
Set 1,BLOOD-02,Macrophage,Blood,40,HLX,0.536916,1.26,program_neighbor,17,0.0697,SPI1
Set 1,BLOOD-02,Macrophage,Blood,41,ZNF467,0.536346,1.30,program_neighbor,140,1.0000,SPI1
Set 1,BLOOD-02,Macrophage,Blood,42,IRF7,0.536306,1.33,program_neighbor,84,0.1647,SPI1
Set 1,BLOOD-02,Macrophage,Blood,43,IL16,0.533507,1.36,program_neighbor,86,0.1727,SPI1
Set 1,BLOOD-02,Macrophage,Blood,44,NFATC2,0.532264,1.39,program_neighbor,140,0.8092,SPI1
Set 1,BLOOD-02,Macrophage,Blood,45,NFE4,0.527024,1.42,program_neighbor,140,1.0000,SPI1
Set 1,BLOOD-02,Macrophage,Blood,46,FOXP3,0.526125,1.45,program_neighbor,140,0.2828,SPI1
Set 1,BLOOD-02,Macrophage,Blood,47,PAX5,0.525596,1.48,program_neighbor,140,0.9524,SPI1
Set 1,BLOOD-02,Macrophage,Blood,48,LPXN,0.521673,1.52,program_neighbor,17,0.0284,SPI1
Set 1,BLOOD-02,Macrophage,Blood,49,RELB,0.521050,1.55,program_neighbor,140,0.2828,SPI1
Set 1,BLOOD-02,Macrophage,Blood,50,NABP1,0.519261,1.58,novel_prediction,0,0.0000,
Set 1,BLOOD-03,Macrophage,Blood,1,PADI4,0.795520,0.03,program_neighbor,495,0.9980,CEBPB
Set 1,BLOOD-03,Macrophage,Blood,2,CR2,0.771159,0.06,program_neighbor,439,0.8869,CEBPB
Set 1,BLOOD-03,Macrophage,Blood,3,CEBPE,0.741741,0.09,program_neighbor,495,1.0000,CEBPB
Set 1,BLOOD-03,Macrophage,Blood,4,TLR8,0.733031,0.13,program_neighbor,438,0.8813,CEBPB
Set 1,BLOOD-03,Macrophage,Blood,5,KLF1,0.731493,0.16,program_neighbor,140,0.7955,SPI1
Set 1,BLOOD-03,Macrophage,Blood,6,SPI1,0.715626,0.19,known_factor,140,1.0000,SPI1
Set 1,BLOOD-03,Macrophage,Blood,7,IKZF1,0.696911,0.22,program_neighbor,140,0.9929,SPI1
Set 1,BLOOD-03,Macrophage,Blood,8,TBX21,0.693380,0.25,program_neighbor,12,0.0225,CEBPB
Set 1,BLOOD-03,Macrophage,Blood,9,NLRC5,0.691202,0.28,program_neighbor,439,0.8851,CEBPB
Set 1,BLOOD-03,Macrophage,Blood,10,TXK,0.690493,0.32,novel_prediction,0,0.0000,
Set 1,BLOOD-03,Macrophage,Blood,11,ELANE,0.674114,0.35,novel_prediction,0,0.0000,
Set 1,BLOOD-03,Macrophage,Blood,12,SPIB,0.659037,0.38,program_neighbor,140,1.0000,SPI1
Set 1,BLOOD-03,Macrophage,Blood,13,NR5A1,0.658052,0.41,program_neighbor,140,1.0000,SPI1
Set 1,BLOOD-03,Macrophage,Blood,14,FASLG,0.656169,0.44,program_neighbor,17,0.0607,SPI1
Set 1,BLOOD-03,Macrophage,Blood,15,TCF7,0.655786,0.47,program_neighbor,495,0.8951,CEBPB
Set 1,BLOOD-03,Macrophage,Blood,16,SPIC,0.652664,0.51,program_neighbor,14,0.0264,CEBPB
Set 1,BLOOD-03,Macrophage,Blood,17,EOMES,0.649162,0.54,program_neighbor,140,0.9929,SPI1
Set 1,BLOOD-03,Macrophage,Blood,18,BATF,0.647148,0.57,program_neighbor,140,1.0000,SPI1
Set 1,BLOOD-03,Macrophage,Blood,19,IKZF3,0.643770,0.60,program_neighbor,140,1.0000,SPI1
Set 1,BLOOD-03,Macrophage,Blood,20,AIM2,0.641100,0.63,program_neighbor,439,0.8085,CEBPB
Set 1,BLOOD-03,Macrophage,Blood,21,BTK,0.641078,0.66,program_neighbor,438,0.8813,CEBPB
Set 1,BLOOD-03,Macrophage,Blood,22,AKNA,0.637076,0.69,program_neighbor,97,0.4683,SPI1
Set 1,BLOOD-03,Macrophage,Blood,23,MPO,0.636208,0.73,program_neighbor,439,0.8085,CEBPB
Set 1,BLOOD-03,Macrophage,Blood,24,RUNX3,0.635975,0.76,program_neighbor,140,0.9032,SPI1
Set 1,BLOOD-03,Macrophage,Blood,25,STAT4,0.632937,0.79,program_neighbor,495,0.9980,CEBPB
Set 1,BLOOD-03,Macrophage,Blood,26,NFE2,0.629576,0.82,program_neighbor,140,1.0000,SPI1
Set 1,BLOOD-03,Macrophage,Blood,27,GFI1,0.624002,0.85,program_neighbor,140,1.0000,SPI1
Set 1,BLOOD-03,Macrophage,Blood,28,IRF1,0.618311,0.88,program_neighbor,495,0.9322,CEBPB
Set 1,BLOOD-03,Macrophage,Blood,29,NLRP3,0.616282,0.92,program_neighbor,495,0.7639,CEBPB
Set 1,BLOOD-03,Macrophage,Blood,30,HHEX,0.613593,0.95,known_cofactor,140,0.5738,SPI1
Set 1,BLOOD-03,Macrophage,Blood,31,ZBP1,0.613166,0.98,program_neighbor,1,0.0056,SPI1
Set 1,BLOOD-03,Macrophage,Blood,32,LTF,0.607391,1.01,program_neighbor,438,0.8249,CEBPB
Set 1,BLOOD-03,Macrophage,Blood,33,IRF5,0.606905,1.04,program_neighbor,460,0.8487,CEBPB
Set 1,BLOOD-03,Macrophage,Blood,34,TLX1,0.605462,1.07,program_neighbor,140,0.9722,SPI1
Set 1,BLOOD-03,Macrophage,Blood,35,ZNF467,0.596059,1.11,program_neighbor,140,1.0000,SPI1
Set 1,BLOOD-03,Macrophage,Blood,36,ARID3A,0.589148,1.14,program_neighbor,140,0.9211,SPI1
Set 1,BLOOD-03,Macrophage,Blood,37,ARID5A,0.589116,1.17,program_neighbor,440,0.8889,CEBPB
Set 1,BLOOD-03,Macrophage,Blood,38,POU2AF1,0.586940,1.20,program_neighbor,14,0.0264,CEBPB
Set 1,BLOOD-03,Macrophage,Blood,39,PAX5,0.586150,1.23,program_neighbor,140,0.9524,SPI1
Set 1,BLOOD-03,Macrophage,Blood,40,GATA1,0.582725,1.26,program_neighbor,140,0.7955,SPI1
Set 1,BLOOD-03,Macrophage,Blood,41,CD274,0.576133,1.30,program_neighbor,445,0.7143,CEBPB
Set 1,BLOOD-03,Macrophage,Blood,42,SNAI3,0.570570,1.33,program_neighbor,140,1.0000,SPI1
Set 1,BLOOD-03,Macrophage,Blood,43,LYL1,0.567072,1.36,program_neighbor,140,0.7527,SPI1
Set 1,BLOOD-03,Macrophage,Blood,44,FOXP3,0.566669,1.39,program_neighbor,495,1.0000,CEBPB
Set 1,BLOOD-03,Macrophage,Blood,45,IL16,0.565997,1.42,program_neighbor,441,0.8855,CEBPB
Set 1,BLOOD-03,Macrophage,Blood,46,IRF8,0.565987,1.45,program_neighbor,495,0.9322,CEBPB
Set 1,BLOOD-03,Macrophage,Blood,47,NFATC2,0.565733,1.48,program_neighbor,141,0.8092,SPI1
Set 1,BLOOD-03,Macrophage,Blood,48,IRF7,0.563571,1.52,program_neighbor,439,0.8608,CEBPB
Set 1,BLOOD-03,Macrophage,Blood,49,SP140,0.561382,1.55,program_neighbor,440,0.8088,CEBPB
Set 1,BLOOD-03,Macrophage,Blood,50,RELB,0.552091,1.58,program_neighbor,495,1.0000,CEBPB
Set 1,BLOOD-04,Hematopoietic progenitor,Blood,1,KLF1,0.869645,0.03,program_neighbor,140,0.7955,GATA2
Set 1,BLOOD-04,Hematopoietic progenitor,Blood,2,CR2,0.855598,0.06,program_neighbor,439,0.8851,FOS
Set 1,BLOOD-04,Hematopoietic progenitor,Blood,3,GATA1,0.837971,0.09,known_cofactor,140,0.7955,GATA2
Set 1,BLOOD-04,Hematopoietic progenitor,Blood,4,PADI4,0.835093,0.13,program_neighbor,495,0.9960,FOS
Set 1,BLOOD-04,Hematopoietic progenitor,Blood,5,BATF,0.823830,0.16,program_neighbor,140,1.0000,GATA2
Set 1,BLOOD-04,Hematopoietic progenitor,Blood,6,CEBPE,0.823218,0.19,program_neighbor,495,0.9980,FOS
Set 1,BLOOD-04,Hematopoietic progenitor,Blood,7,TLR8,0.816648,0.22,program_neighbor,438,0.8795,FOS
Set 1,BLOOD-04,Hematopoietic progenitor,Blood,8,SPIB,0.815101,0.25,program_neighbor,140,1.0000,GATA2
Set 1,BLOOD-04,Hematopoietic progenitor,Blood,9,EOMES,0.813478,0.28,program_neighbor,140,0.9929,GATA2
Set 1,BLOOD-04,Hematopoietic progenitor,Blood,10,AKNA,0.798355,0.32,program_neighbor,129,0.6195,ERG
Set 1,BLOOD-04,Hematopoietic progenitor,Blood,11,TCF7,0.792734,0.35,program_neighbor,495,0.8935,FOS
Set 1,BLOOD-04,Hematopoietic progenitor,Blood,12,HHEX,0.763047,0.38,program_neighbor,171,0.7008,ERG
Set 1,BLOOD-04,Hematopoietic progenitor,Blood,13,ARID3A,0.761473,0.41,program_neighbor,140,0.9211,GATA2
Set 1,BLOOD-04,Hematopoietic progenitor,Blood,14,NLRC5,0.761271,0.44,program_neighbor,439,0.8833,FOS
Set 1,BLOOD-04,Hematopoietic progenitor,Blood,15,BATF3,0.747959,0.47,program_neighbor,140,1.0000,GATA2
Set 1,BLOOD-04,Hematopoietic progenitor,Blood,16,IRF5,0.744683,0.51,program_neighbor,491,0.8471,FOS
Set 1,BLOOD-04,Hematopoietic progenitor,Blood,17,TXK,0.739547,0.54,novel_prediction,0,0.0000,
Set 1,BLOOD-04,Hematopoietic progenitor,Blood,18,HLX,0.736007,0.57,program_neighbor,48,0.1967,ERG
Set 1,BLOOD-04,Hematopoietic progenitor,Blood,19,SPI1,0.725562,0.60,program_neighbor,140,1.0000,GATA2
Set 1,BLOOD-04,Hematopoietic progenitor,Blood,20,STAT4,0.724704,0.63,program_neighbor,495,0.9960,FOS
Set 1,BLOOD-04,Hematopoietic progenitor,Blood,21,NFATC2,0.721768,0.66,program_neighbor,173,0.9884,ERG
Set 1,BLOOD-04,Hematopoietic progenitor,Blood,22,RAG2,0.721165,0.69,program_neighbor,4,0.0286,GATA2
Set 1,BLOOD-04,Hematopoietic progenitor,Blood,23,CD274,0.718977,0.73,program_neighbor,477,0.7159,FOS
Set 1,BLOOD-04,Hematopoietic progenitor,Blood,24,GFI1,0.718092,0.76,program_neighbor,140,1.0000,GATA2
Set 1,BLOOD-04,Hematopoietic progenitor,Blood,25,MEIS1,0.705806,0.79,program_neighbor,141,0.9929,GATA2
Set 1,BLOOD-04,Hematopoietic progenitor,Blood,26,FEZF2,0.702162,0.82,program_neighbor,140,0.9929,GATA2
Set 1,BLOOD-04,Hematopoietic progenitor,Blood,27,GLI2,0.698025,0.85,program_neighbor,141,0.7821,GATA2
Set 1,BLOOD-04,Hematopoietic progenitor,Blood,28,ARID5A,0.693597,0.88,program_neighbor,440,0.8871,FOS
Set 1,BLOOD-04,Hematopoietic progenitor,Blood,29,ZFAT,0.692810,0.92,program_neighbor,141,0.9859,GATA2
Set 1,BLOOD-04,Hematopoietic progenitor,Blood,30,MSC,0.689666,0.95,program_neighbor,140,1.0000,GATA2
Set 1,BLOOD-04,Hematopoietic progenitor,Blood,31,MLF1,0.688817,0.98,program_neighbor,140,1.0000,GATA2
Set 1,BLOOD-04,Hematopoietic progenitor,Blood,32,IKZF1,0.688282,1.01,program_neighbor,140,0.9929,GATA2
Set 1,BLOOD-04,Hematopoietic progenitor,Blood,33,ELF1,0.683619,1.04,program_neighbor,172,0.9942,ERG
Set 1,BLOOD-04,Hematopoietic progenitor,Blood,34,ZNF589,0.682705,1.07,program_neighbor,140,1.0000,GATA2
Set 1,BLOOD-04,Hematopoietic progenitor,Blood,35,IKZF3,0.673540,1.11,program_neighbor,140,1.0000,GATA2
Set 1,BLOOD-04,Hematopoietic progenitor,Blood,36,EBF1,0.666581,1.14,program_neighbor,140,1.0000,GATA2
Set 1,BLOOD-04,Hematopoietic progenitor,Blood,37,IFI16,0.659349,1.17,program_neighbor,438,0.8233,FOS
Set 1,BLOOD-04,Hematopoietic progenitor,Blood,38,KLF3,0.657327,1.20,program_neighbor,140,1.0000,GATA2
Set 1,BLOOD-04,Hematopoietic progenitor,Blood,39,SOX13,0.657300,1.23,program_neighbor,171,1.0000,ERG
Set 1,BLOOD-04,Hematopoietic progenitor,Blood,40,TBX21,0.654228,1.26,program_neighbor,13,0.0225,FOS
Set 1,BLOOD-04,Hematopoietic progenitor,Blood,41,KLF13,0.653885,1.30,program_neighbor,119,0.6959,ERG
Set 1,BLOOD-04,Hematopoietic progenitor,Blood,42,SERPINA3,0.649227,1.33,program_neighbor,438,0.8831,FOS
Set 1,BLOOD-04,Hematopoietic progenitor,Blood,43,CDCA4,0.645828,1.36,program_neighbor,12,0.0206,FOS
Set 1,BLOOD-04,Hematopoietic progenitor,Blood,44,RUNX3,0.643901,1.39,program_neighbor,140,0.9032,GATA2
Set 1,BLOOD-04,Hematopoietic progenitor,Blood,45,KLF6,0.641820,1.42,program_neighbor,140,1.0000,GATA2
Set 1,BLOOD-04,Hematopoietic progenitor,Blood,46,FASLG,0.641816,1.45,program_neighbor,48,0.1714,ERG
Set 1,BLOOD-04,Hematopoietic progenitor,Blood,47,PAX5,0.640349,1.48,program_neighbor,140,0.9524,GATA2
Set 1,BLOOD-04,Hematopoietic progenitor,Blood,48,ACTN4,0.638992,1.52,program_neighbor,11,0.0610,GATA2
Set 1,BLOOD-04,Hematopoietic progenitor,Blood,49,JMJD6,0.638465,1.55,program_neighbor,77,0.3377,GATA2
Set 1,BLOOD-04,Hematopoietic progenitor,Blood,50,CXXC5,0.634272,1.58,program_neighbor,16,0.0282,FOS
Set 1,BLOOD-05,Erythroid progenitor,Blood,1,GATA1,0.864355,0.03,known_factor,176,1.0000,GATA1
Set 1,BLOOD-05,Erythroid progenitor,Blood,2,KLF1,0.707195,0.06,program_neighbor,176,1.0000,GATA1
Set 1,BLOOD-05,Erythroid progenitor,Blood,3,ELANE,0.673969,0.09,program_neighbor,36,0.2045,GATA1
Set 1,BLOOD-05,Erythroid progenitor,Blood,4,RPS27,0.575200,0.13,program_neighbor,2,0.0099,TAL1
Set 1,BLOOD-05,Erythroid progenitor,Blood,5,APLP2,0.573132,0.16,program_neighbor,8,0.0169,LMO2
Set 1,BLOOD-05,Erythroid progenitor,Blood,6,SPI1,0.537312,0.19,program_neighbor,140,0.9929,TAL1
Set 1,BLOOD-05,Erythroid progenitor,Blood,7,PADI4,0.530459,0.22,program_neighbor,147,0.2817,TAL1
Set 1,BLOOD-05,Erythroid progenitor,Blood,8,NLRP3,0.526401,0.25,program_neighbor,187,0.2716,GATA1
Set 1,BLOOD-05,Erythroid progenitor,Blood,9,NFE2,0.525012,0.28,program_neighbor,140,0.9929,TAL1
Set 1,BLOOD-05,Erythroid progenitor,Blood,10,IKZF1,0.516758,0.32,program_neighbor,141,0.9859,TAL1
Set 1,BLOOD-05,Erythroid progenitor,Blood,11,MPO,0.509731,0.35,program_neighbor,126,0.2210,GATA1
Set 1,BLOOD-05,Erythroid progenitor,Blood,12,CEBPE,0.505438,0.38,program_neighbor,146,0.2823,TAL1
Set 1,BLOOD-05,Erythroid progenitor,Blood,13,MXD1,0.504360,0.41,program_neighbor,37,0.1968,GATA1
Set 1,BLOOD-05,Erythroid progenitor,Blood,14,TBX21,0.502925,0.44,program_neighbor,2,0.0204,LMO2
Set 1,BLOOD-05,Erythroid progenitor,Blood,15,LYL1,0.502716,0.47,program_neighbor,143,0.7487,TAL1
Set 1,BLOOD-05,Erythroid progenitor,Blood,16,SNAI3,0.498799,0.51,program_neighbor,140,0.9929,TAL1
Set 1,BLOOD-05,Erythroid progenitor,Blood,17,NFE4,0.497861,0.54,program_neighbor,140,0.9929,TAL1
Set 1,BLOOD-05,Erythroid progenitor,Blood,18,ZBP1,0.467829,0.57,program_neighbor,38,0.2135,MYC
Set 1,BLOOD-05,Erythroid progenitor,Blood,19,TLR8,0.464885,0.60,program_neighbor,89,0.1667,TAL1
Set 1,BLOOD-05,Erythroid progenitor,Blood,20,ZNF467,0.462013,0.63,program_neighbor,140,0.9929,TAL1
Set 1,BLOOD-05,Erythroid progenitor,Blood,21,BATF,0.458181,0.66,program_neighbor,140,0.9929,TAL1
Set 1,BLOOD-05,Erythroid progenitor,Blood,22,E2F2,0.456012,0.69,program_neighbor,176,1.0000,GATA1
Set 1,BLOOD-05,Erythroid progenitor,Blood,23,OASL,0.452871,0.73,program_neighbor,89,0.1673,TAL1
Set 1,BLOOD-05,Erythroid progenitor,Blood,24,RUNX3,0.449822,0.76,program_neighbor,142,0.9097,TAL1
Set 1,BLOOD-05,Erythroid progenitor,Blood,25,PLAC8,0.447238,0.79,program_neighbor,36,0.2045,GATA1
Set 1,BLOOD-05,Erythroid progenitor,Blood,26,ARID3A,0.446342,0.82,program_neighbor,141,0.9276,TAL1
Set 1,BLOOD-05,Erythroid progenitor,Blood,27,MAK,0.443690,0.85,program_neighbor,9,0.0424,TAL1
Set 1,BLOOD-05,Erythroid progenitor,Blood,28,FASLG,0.435103,0.88,program_neighbor,57,0.1893,GATA1
Set 1,BLOOD-05,Erythroid progenitor,Blood,29,LPIN2,0.434397,0.92,program_neighbor,1,0.0064,TAL1
Set 1,BLOOD-05,Erythroid progenitor,Blood,30,BASP1,0.431140,0.95,program_neighbor,1,0.0071,TAL1
Set 1,BLOOD-05,Erythroid progenitor,Blood,31,IRF1,0.430377,0.98,program_neighbor,182,0.3315,GATA1
Set 1,BLOOD-05,Erythroid progenitor,Blood,32,LTF,0.430194,1.01,program_neighbor,125,0.2241,GATA1
Set 1,BLOOD-05,Erythroid progenitor,Blood,33,MAP2K6,0.429364,1.04,program_neighbor,57,0.1893,GATA1
Set 1,BLOOD-05,Erythroid progenitor,Blood,34,AKNA,0.428993,1.07,program_neighbor,99,0.4660,TAL1
Set 1,BLOOD-05,Erythroid progenitor,Blood,35,GFI1,0.428478,1.11,program_neighbor,140,0.9929,TAL1
Set 1,BLOOD-05,Erythroid progenitor,Blood,36,CREB5,0.425086,1.14,program_neighbor,142,0.9722,TAL1
Set 1,BLOOD-05,Erythroid progenitor,Blood,37,TCF7,0.424366,1.17,program_neighbor,182,0.3183,GATA1
Set 1,BLOOD-05,Erythroid progenitor,Blood,38,FOXA2,0.418361,1.20,program_neighbor,143,0.6878,TAL1
Set 1,BLOOD-05,Erythroid progenitor,Blood,39,TXK,0.414404,1.23,program_neighbor,1,0.0159,LMO2
Set 1,BLOOD-05,Erythroid progenitor,Blood,40,SBNO2,0.407536,1.26,program_neighbor,140,0.9859,TAL1
Set 1,BLOOD-05,Erythroid progenitor,Blood,41,FLI1,0.405612,1.30,program_neighbor,140,0.9929,TAL1
Set 1,BLOOD-05,Erythroid progenitor,Blood,42,PRKCB,0.405476,1.33,program_neighbor,57,0.1893,GATA1
Set 1,BLOOD-05,Erythroid progenitor,Blood,43,AIM2,0.403859,1.36,program_neighbor,126,0.2210,GATA1
Set 1,BLOOD-05,Erythroid progenitor,Blood,44,LMNB1,0.403823,1.39,program_neighbor,1,0.0050,MYC
Set 1,BLOOD-05,Erythroid progenitor,Blood,45,POU2F2,0.403176,1.42,program_neighbor,144,0.7421,TAL1
Set 1,BLOOD-05,Erythroid progenitor,Blood,46,CCND3,0.401836,1.45,program_neighbor,21,0.0694,TAL1
Set 1,BLOOD-05,Erythroid progenitor,Blood,47,EOMES,0.400602,1.48,program_neighbor,141,1.0000,TAL1
Set 1,BLOOD-05,Erythroid progenitor,Blood,48,IKZF3,0.399227,1.52,program_neighbor,140,0.9929,TAL1
Set 1,BLOOD-05,Erythroid progenitor,Blood,49,BTK,0.395566,1.55,program_neighbor,90,0.1690,TAL1
Set 1,BLOOD-05,Erythroid progenitor,Blood,50,SAP25,0.395117,1.58,program_neighbor,140,0.9929,TAL1
Set 1,DC-01,Dendritic cell (cDC1),Immune,1,CR2,0.866279,0.03,program_neighbor,439,0.8267,IRF8
Set 1,DC-01,Dendritic cell (cDC1),Immune,2,TLR8,0.855224,0.06,program_neighbor,438,0.8218,IRF8
Set 1,DC-01,Dendritic cell (cDC1),Immune,3,NLRC5,0.824030,0.09,program_neighbor,439,0.8252,IRF8
Set 1,DC-01,Dendritic cell (cDC1),Immune,4,TCF7,0.797850,0.13,program_neighbor,531,0.9602,IRF8
Set 1,DC-01,Dendritic cell (cDC1),Immune,5,TXK,0.797746,0.16,novel_prediction,0,0.0000,
Set 1,DC-01,Dendritic cell (cDC1),Immune,6,SPIB,0.792850,0.19,program_neighbor,140,1.0000,SPI1
Set 1,DC-01,Dendritic cell (cDC1),Immune,7,AKNA,0.785256,0.22,program_neighbor,97,0.4683,SPI1
Set 1,DC-01,Dendritic cell (cDC1),Immune,8,EOMES,0.773540,0.25,program_neighbor,140,0.9929,SPI1
Set 1,DC-01,Dendritic cell (cDC1),Immune,9,IRF5,0.772770,0.28,program_neighbor,460,0.7958,IRF8
Set 1,DC-01,Dendritic cell (cDC1),Immune,10,ARID3A,0.750529,0.32,program_neighbor,140,0.9211,SPI1
Set 1,DC-01,Dendritic cell (cDC1),Immune,11,CD274,0.745952,0.35,program_neighbor,445,0.6753,IRF8
Set 1,DC-01,Dendritic cell (cDC1),Immune,12,ARID5A,0.733029,0.38,program_neighbor,440,0.8286,IRF8
Set 1,DC-01,Dendritic cell (cDC1),Immune,13,PADI4,0.718595,0.41,program_neighbor,495,0.9305,IRF8
Set 1,DC-01,Dendritic cell (cDC1),Immune,14,BATF3,0.716216,0.44,known_factor,140,1.0000,SPI1
Set 1,DC-01,Dendritic cell (cDC1),Immune,15,NFATC2,0.712816,0.47,program_neighbor,141,0.8092,SPI1
Set 1,DC-01,Dendritic cell (cDC1),Immune,16,MSC,0.696782,0.51,program_neighbor,140,1.0000,SPI1
Set 1,DC-01,Dendritic cell (cDC1),Immune,17,FEZF2,0.691744,0.54,program_neighbor,140,0.9929,SPI1
Set 1,DC-01,Dendritic cell (cDC1),Immune,18,EBF1,0.678142,0.57,program_neighbor,140,1.0000,SPI1
Set 1,DC-01,Dendritic cell (cDC1),Immune,19,ZFAT,0.676131,0.60,program_neighbor,140,0.9859,SPI1
Set 1,DC-01,Dendritic cell (cDC1),Immune,20,RAG2,0.674415,0.63,program_neighbor,4,0.0286,SPI1
Set 1,DC-01,Dendritic cell (cDC1),Immune,21,TBX21,0.664520,0.66,program_neighbor,12,0.0211,IRF8
Set 1,DC-01,Dendritic cell (cDC1),Immune,22,POLR3F,0.660596,0.69,program_neighbor,495,0.9322,IRF8
Set 1,DC-01,Dendritic cell (cDC1),Immune,23,GLI2,0.654336,0.73,program_neighbor,176,0.7821,SPI1
Set 1,DC-01,Dendritic cell (cDC1),Immune,24,IKZF3,0.653997,0.76,program_neighbor,140,1.0000,SPI1
Set 1,DC-01,Dendritic cell (cDC1),Immune,25,BTK,0.650131,0.79,program_neighbor,438,0.8218,IRF8
Set 1,DC-01,Dendritic cell (cDC1),Immune,26,ELF1,0.646710,0.82,program_neighbor,140,0.8140,SPI1
Set 1,DC-01,Dendritic cell (cDC1),Immune,27,SBNO1,0.644802,0.85,program_neighbor,495,0.9270,IRF8
Set 1,DC-01,Dendritic cell (cDC1),Immune,28,RUNX3,0.642726,0.88,program_neighbor,140,0.9032,SPI1
Set 1,DC-01,Dendritic cell (cDC1),Immune,29,KLF6,0.631071,0.92,program_neighbor,140,1.0000,SPI1
Set 1,DC-01,Dendritic cell (cDC1),Immune,30,SOX13,0.630897,0.95,program_neighbor,140,0.8187,SPI1
Set 1,DC-01,Dendritic cell (cDC1),Immune,31,FASLG,0.627987,0.98,program_neighbor,53,0.0835,IRF8
Set 1,DC-01,Dendritic cell (cDC1),Immune,32,BATF,0.627780,1.01,program_neighbor,140,1.0000,SPI1
Set 1,DC-01,Dendritic cell (cDC1),Immune,33,POLR3C,0.627171,1.04,program_neighbor,495,0.9305,IRF8
Set 1,DC-01,Dendritic cell (cDC1),Immune,34,G3BP1,0.626177,1.07,program_neighbor,438,0.7617,IRF8
Set 1,DC-01,Dendritic cell (cDC1),Immune,35,KLF13,0.625493,1.11,program_neighbor,88,0.5146,SPI1
Set 1,DC-01,Dendritic cell (cDC1),Immune,36,ACTN1,0.624067,1.14,program_neighbor,1,0.0018,IRF8
Set 1,DC-01,Dendritic cell (cDC1),Immune,37,IFIT5,0.620069,1.17,program_neighbor,438,0.7892,IRF8
Set 1,DC-01,Dendritic cell (cDC1),Immune,38,STAT4,0.616856,1.20,program_neighbor,495,0.9305,IRF8
Set 1,DC-01,Dendritic cell (cDC1),Immune,39,SERTAD3,0.616844,1.23,program_neighbor,495,0.9305,IRF8
Set 1,DC-01,Dendritic cell (cDC1),Immune,40,PAX5,0.615350,1.26,program_neighbor,140,0.9524,SPI1
Set 1,DC-01,Dendritic cell (cDC1),Immune,41,CABIN1,0.613041,1.30,program_neighbor,77,0.4695,SPI1
Set 1,DC-01,Dendritic cell (cDC1),Immune,42,PBXIP1,0.605839,1.33,program_neighbor,495,0.5817,IRF8
Set 1,DC-01,Dendritic cell (cDC1),Immune,43,IKZF1,0.605308,1.36,program_neighbor,140,0.9929,SPI1
Set 1,DC-01,Dendritic cell (cDC1),Immune,44,POLR3D,0.604756,1.39,program_neighbor,495,0.9322,IRF8
Set 1,DC-01,Dendritic cell (cDC1),Immune,45,IKZF4,0.604567,1.42,program_neighbor,140,1.0000,SPI1
Set 1,DC-01,Dendritic cell (cDC1),Immune,46,IRF7,0.603717,1.45,known_cofactor,439,0.8040,IRF8
Set 1,DC-01,Dendritic cell (cDC1),Immune,47,ILF2,0.603589,1.48,program_neighbor,1,0.0019,IRF8
Set 1,DC-01,Dendritic cell (cDC1),Immune,48,PSPC1,0.603588,1.52,program_neighbor,495,0.9322,IRF8
Set 1,DC-01,Dendritic cell (cDC1),Immune,49,IL16,0.599783,1.55,program_neighbor,441,0.8258,IRF8
Set 1,DC-01,Dendritic cell (cDC1),Immune,50,HEXIM1,0.598957,1.58,program_neighbor,449,0.8456,IRF8
Set 1,DC-02,Dendritic cell (cDC2),Immune,1,CR2,0.866279,0.03,program_neighbor,439,0.8833,IRF4
Set 1,DC-02,Dendritic cell (cDC2),Immune,2,TLR8,0.855224,0.06,program_neighbor,438,0.8778,IRF4
Set 1,DC-02,Dendritic cell (cDC2),Immune,3,NLRC5,0.824030,0.09,program_neighbor,439,0.8815,IRF4
Set 1,DC-02,Dendritic cell (cDC2),Immune,4,TCF7,0.797850,0.13,program_neighbor,495,0.8919,IRF4
Set 1,DC-02,Dendritic cell (cDC2),Immune,5,TXK,0.797746,0.16,novel_prediction,0,0.0000,
Set 1,DC-02,Dendritic cell (cDC2),Immune,6,SPIB,0.792850,0.19,program_neighbor,140,1.0000,SPI1
Set 1,DC-02,Dendritic cell (cDC2),Immune,7,AKNA,0.785256,0.22,program_neighbor,98,0.4683,SPI1
Set 1,DC-02,Dendritic cell (cDC2),Immune,8,EOMES,0.773540,0.25,program_neighbor,140,0.9929,SPI1
Set 1,DC-02,Dendritic cell (cDC2),Immune,9,IRF5,0.772770,0.28,program_neighbor,460,0.8456,IRF4
Set 1,DC-02,Dendritic cell (cDC2),Immune,10,ARID3A,0.750529,0.32,program_neighbor,140,0.9211,SPI1
Set 1,DC-02,Dendritic cell (cDC2),Immune,11,CD274,0.745952,0.35,program_neighbor,446,0.7147,IRF4
Set 1,DC-02,Dendritic cell (cDC2),Immune,12,ARID5A,0.733029,0.38,program_neighbor,440,0.8853,IRF4
Set 1,DC-02,Dendritic cell (cDC2),Immune,13,PADI4,0.718595,0.41,program_neighbor,496,0.9980,IRF4
Set 1,DC-02,Dendritic cell (cDC2),Immune,14,BATF3,0.716216,0.44,known_factor,140,1.0000,SPI1
Set 1,DC-02,Dendritic cell (cDC2),Immune,15,NFATC2,0.712816,0.47,program_neighbor,141,0.8092,SPI1
Set 1,DC-02,Dendritic cell (cDC2),Immune,16,MSC,0.696782,0.51,program_neighbor,140,1.0000,SPI1
Set 1,DC-02,Dendritic cell (cDC2),Immune,17,FEZF2,0.691744,0.54,program_neighbor,140,0.9929,SPI1
Set 1,DC-02,Dendritic cell (cDC2),Immune,18,EBF1,0.678142,0.57,program_neighbor,140,1.0000,SPI1
Set 1,DC-02,Dendritic cell (cDC2),Immune,19,ZFAT,0.676131,0.60,program_neighbor,140,0.9859,SPI1
Set 1,DC-02,Dendritic cell (cDC2),Immune,20,RAG2,0.674415,0.63,program_neighbor,4,0.0286,SPI1
Set 1,DC-02,Dendritic cell (cDC2),Immune,21,TBX21,0.664520,0.66,program_neighbor,12,0.0224,IRF4
Set 1,DC-02,Dendritic cell (cDC2),Immune,22,POLR3F,0.660596,0.69,program_neighbor,495,0.9960,IRF4
Set 1,DC-02,Dendritic cell (cDC2),Immune,23,GLI2,0.654336,0.73,program_neighbor,141,0.7821,SPI1
Set 1,DC-02,Dendritic cell (cDC2),Immune,24,IKZF3,0.653997,0.76,program_neighbor,140,1.0000,SPI1
Set 1,DC-02,Dendritic cell (cDC2),Immune,25,BTK,0.650131,0.79,program_neighbor,439,0.8815,IRF4
Set 1,DC-02,Dendritic cell (cDC2),Immune,26,ELF1,0.646710,0.82,program_neighbor,140,0.8140,SPI1
Set 1,DC-02,Dendritic cell (cDC2),Immune,27,SBNO1,0.644802,0.85,program_neighbor,495,0.9900,IRF4
Set 1,DC-02,Dendritic cell (cDC2),Immune,28,RUNX3,0.642726,0.88,program_neighbor,140,0.9032,SPI1
Set 1,DC-02,Dendritic cell (cDC2),Immune,29,KLF6,0.631071,0.92,program_neighbor,140,1.0000,SPI1
Set 1,DC-02,Dendritic cell (cDC2),Immune,30,SOX13,0.630897,0.95,program_neighbor,140,0.8187,SPI1
Set 1,DC-02,Dendritic cell (cDC2),Immune,31,FASLG,0.627987,0.98,program_neighbor,18,0.0607,SPI1
Set 1,DC-02,Dendritic cell (cDC2),Immune,32,BATF,0.627780,1.01,program_neighbor,140,1.0000,SPI1
Set 1,DC-02,Dendritic cell (cDC2),Immune,33,POLR3C,0.627171,1.04,program_neighbor,495,0.9940,IRF4
Set 1,DC-02,Dendritic cell (cDC2),Immune,34,G3BP1,0.626177,1.07,program_neighbor,438,0.8096,IRF4
Set 1,DC-02,Dendritic cell (cDC2),Immune,35,KLF13,0.625493,1.11,program_neighbor,88,0.5146,SPI1
Set 1,DC-02,Dendritic cell (cDC2),Immune,36,ACTN1,0.624067,1.14,program_neighbor,1,0.0019,IRF4
Set 1,DC-02,Dendritic cell (cDC2),Immune,37,IFIT5,0.620069,1.17,program_neighbor,438,0.8407,IRF4
Set 1,DC-02,Dendritic cell (cDC2),Immune,38,STAT4,0.616856,1.20,program_neighbor,496,0.9980,IRF4
Set 1,DC-02,Dendritic cell (cDC2),Immune,39,SERTAD3,0.616844,1.23,program_neighbor,496,0.9980,IRF4
Set 1,DC-02,Dendritic cell (cDC2),Immune,40,PAX5,0.615350,1.26,program_neighbor,140,0.9524,SPI1
Set 1,DC-02,Dendritic cell (cDC2),Immune,41,CABIN1,0.613041,1.30,program_neighbor,79,0.4695,SPI1
Set 1,DC-02,Dendritic cell (cDC2),Immune,42,PBXIP1,0.605839,1.33,program_neighbor,495,0.6059,IRF4
Set 1,DC-02,Dendritic cell (cDC2),Immune,43,IKZF1,0.605308,1.36,program_neighbor,141,0.9929,SPI1
Set 1,DC-02,Dendritic cell (cDC2),Immune,44,POLR3D,0.604756,1.39,program_neighbor,495,0.9960,IRF4
Set 1,DC-02,Dendritic cell (cDC2),Immune,45,IKZF4,0.604567,1.42,program_neighbor,140,1.0000,SPI1
Set 1,DC-02,Dendritic cell (cDC2),Immune,46,IRF7,0.603717,1.45,known_cofactor,439,0.8574,IRF4
Set 1,DC-02,Dendritic cell (cDC2),Immune,47,ILF2,0.603589,1.48,program_neighbor,1,0.0020,IRF4
Set 1,DC-02,Dendritic cell (cDC2),Immune,48,PSPC1,0.603588,1.52,program_neighbor,495,0.9960,IRF4
Set 1,DC-02,Dendritic cell (cDC2),Immune,49,IL16,0.599783,1.55,program_neighbor,442,0.8858,IRF4
Set 1,DC-02,Dendritic cell (cDC2),Immune,50,HEXIM1,0.598957,1.58,program_neighbor,449,0.9034,IRF4
Set 1,DC-03,Plasmacytoid DC,Immune,1,CR2,0.866279,0.03,program_neighbor,439,0.9670,IRF7
Set 1,DC-03,Plasmacytoid DC,Immune,2,TLR8,0.855224,0.06,program_neighbor,438,0.9605,IRF7
Set 1,DC-03,Plasmacytoid DC,Immune,3,NLRC5,0.824030,0.09,program_neighbor,439,0.9605,IRF7
Set 1,DC-03,Plasmacytoid DC,Immune,4,TCF7,0.797850,0.13,program_neighbor,510,0.8210,IRF7
Set 1,DC-03,Plasmacytoid DC,Immune,5,TXK,0.797746,0.16,novel_prediction,0,0.0000,
Set 1,DC-03,Plasmacytoid DC,Immune,6,SPIB,0.792850,0.19,program_neighbor,140,1.0000,SPI1
Set 1,DC-03,Plasmacytoid DC,Immune,7,AKNA,0.785256,0.22,program_neighbor,112,0.4683,SPI1
Set 1,DC-03,Plasmacytoid DC,Immune,8,EOMES,0.773540,0.25,program_neighbor,140,0.9929,SPI1
Set 1,DC-03,Plasmacytoid DC,Immune,9,IRF5,0.772770,0.28,program_neighbor,460,0.8375,IRF7
Set 1,DC-03,Plasmacytoid DC,Immune,10,ARID3A,0.750529,0.32,program_neighbor,140,0.9211,SPI1
Set 1,DC-03,Plasmacytoid DC,Immune,11,CD274,0.745952,0.35,program_neighbor,456,0.7768,IRF7
Set 1,DC-03,Plasmacytoid DC,Immune,12,ARID5A,0.733029,0.38,program_neighbor,440,0.9648,IRF7
Set 1,DC-03,Plasmacytoid DC,Immune,13,PADI4,0.718595,0.41,program_neighbor,495,0.8591,IRF7
Set 1,DC-03,Plasmacytoid DC,Immune,14,BATF3,0.716216,0.44,known_cofactor,140,1.0000,SPI1
Set 1,DC-03,Plasmacytoid DC,Immune,15,NFATC2,0.712816,0.47,program_neighbor,141,0.8092,SPI1
Set 1,DC-03,Plasmacytoid DC,Immune,16,MSC,0.696782,0.51,program_neighbor,140,1.0000,SPI1
Set 1,DC-03,Plasmacytoid DC,Immune,17,FEZF2,0.691744,0.54,program_neighbor,140,0.9929,SPI1
Set 1,DC-03,Plasmacytoid DC,Immune,18,EBF1,0.678142,0.57,program_neighbor,140,1.0000,SPI1
Set 1,DC-03,Plasmacytoid DC,Immune,19,ZFAT,0.676131,0.60,program_neighbor,141,0.9859,SPI1
Set 1,DC-03,Plasmacytoid DC,Immune,20,RAG2,0.674415,0.63,program_neighbor,4,0.0286,SPI1
Set 1,DC-03,Plasmacytoid DC,Immune,21,TBX21,0.664520,0.66,program_neighbor,14,0.0265,IRF7
Set 1,DC-03,Plasmacytoid DC,Immune,22,POLR3F,0.660596,0.69,program_neighbor,495,0.8608,IRF7
Set 1,DC-03,Plasmacytoid DC,Immune,23,GLI2,0.654336,0.73,program_neighbor,140,0.7821,SPI1
Set 1,DC-03,Plasmacytoid DC,Immune,24,IKZF3,0.653997,0.76,program_neighbor,140,1.0000,SPI1
Set 1,DC-03,Plasmacytoid DC,Immune,25,BTK,0.650131,0.79,program_neighbor,438,0.9605,IRF7
Set 1,DC-03,Plasmacytoid DC,Immune,26,ELF1,0.646710,0.82,program_neighbor,140,0.8140,SPI1
Set 1,DC-03,Plasmacytoid DC,Immune,27,SBNO1,0.644802,0.85,program_neighbor,495,0.8558,IRF7
Set 1,DC-03,Plasmacytoid DC,Immune,28,RUNX3,0.642726,0.88,program_neighbor,140,0.9032,SPI1
Set 1,DC-03,Plasmacytoid DC,Immune,29,KLF6,0.631071,0.92,program_neighbor,140,1.0000,SPI1
Set 1,DC-03,Plasmacytoid DC,Immune,30,SOX13,0.630897,0.95,program_neighbor,140,0.8187,SPI1
Set 1,DC-03,Plasmacytoid DC,Immune,31,FASLG,0.627987,0.98,program_neighbor,17,0.0607,SPI1
Set 1,DC-03,Plasmacytoid DC,Immune,32,BATF,0.627780,1.01,program_neighbor,140,1.0000,SPI1
Set 1,DC-03,Plasmacytoid DC,Immune,33,POLR3C,0.627171,1.04,program_neighbor,495,0.8591,IRF7
Set 1,DC-03,Plasmacytoid DC,Immune,34,G3BP1,0.626177,1.07,program_neighbor,438,0.8795,IRF7
Set 1,DC-03,Plasmacytoid DC,Immune,35,KLF13,0.625493,1.11,program_neighbor,88,0.5146,SPI1
Set 1,DC-03,Plasmacytoid DC,Immune,36,ACTN1,0.624067,1.14,program_neighbor,16,0.0343,IRF7
Set 1,DC-03,Plasmacytoid DC,Immune,37,IFIT5,0.620069,1.17,program_neighbor,449,0.9615,IRF7
Set 1,DC-03,Plasmacytoid DC,Immune,38,STAT4,0.616856,1.20,program_neighbor,495,0.8591,IRF7
Set 1,DC-03,Plasmacytoid DC,Immune,39,SERTAD3,0.616844,1.23,program_neighbor,495,0.8591,IRF7
Set 1,DC-03,Plasmacytoid DC,Immune,40,PAX5,0.615350,1.26,program_neighbor,140,0.9524,SPI1
Set 1,DC-03,Plasmacytoid DC,Immune,41,CABIN1,0.613041,1.30,program_neighbor,77,0.4695,SPI1
Set 1,DC-03,Plasmacytoid DC,Immune,42,PBXIP1,0.605839,1.33,program_neighbor,495,0.5289,IRF7
Set 1,DC-03,Plasmacytoid DC,Immune,43,IKZF1,0.605308,1.36,program_neighbor,140,0.9929,SPI1
Set 1,DC-03,Plasmacytoid DC,Immune,44,POLR3D,0.604756,1.39,program_neighbor,495,0.8608,IRF7
Set 1,DC-03,Plasmacytoid DC,Immune,45,IKZF4,0.604567,1.42,program_neighbor,140,1.0000,SPI1
Set 1,DC-03,Plasmacytoid DC,Immune,46,IRF7,0.603717,1.45,known_factor,454,1.0000,IRF7
Set 1,DC-03,Plasmacytoid DC,Immune,47,ILF2,0.603589,1.48,program_neighbor,1,0.0022,IRF7
Set 1,DC-03,Plasmacytoid DC,Immune,48,PSPC1,0.603588,1.52,program_neighbor,495,0.8608,IRF7
Set 1,DC-03,Plasmacytoid DC,Immune,49,IL16,0.599783,1.55,program_neighbor,441,0.9522,IRF7
Set 1,DC-03,Plasmacytoid DC,Immune,50,HEXIM1,0.598957,1.58,program_neighbor,449,0.9419,IRF7
Set 1,MUSCLE-01,Myoblast,Muscle,1,SIX1,0.705350,0.03,program_neighbor,140,0.7910,MYOD1
Set 1,MUSCLE-01,Myoblast,Muscle,2,ACTN2,0.704456,0.06,novel_prediction,0,0.0000,
Set 1,MUSCLE-01,Myoblast,Muscle,3,PITX3,0.691571,0.09,program_neighbor,140,1.0000,MYOD1
Set 1,MUSCLE-01,Myoblast,Muscle,4,PERM1,0.689195,0.13,program_neighbor,140,0.8434,MYOD1
Set 1,MUSCLE-01,Myoblast,Muscle,5,MAFA,0.688263,0.16,program_neighbor,140,0.9722,MYOD1
Set 1,MUSCLE-01,Myoblast,Muscle,6,ATP1B4,0.679185,0.19,program_neighbor,140,1.0000,MYOD1
Set 1,MUSCLE-01,Myoblast,Muscle,7,LBX1,0.677245,0.22,program_neighbor,140,1.0000,MYOD1
Set 1,MUSCLE-01,Myoblast,Muscle,8,MYF6,0.668800,0.25,program_neighbor,140,1.0000,MYOD1
Set 1,MUSCLE-01,Myoblast,Muscle,9,EYA4,0.661728,0.28,program_neighbor,86,0.4624,MYOD1
Set 1,MUSCLE-01,Myoblast,Muscle,10,MYOG,0.655374,0.32,program_neighbor,140,1.0000,MYOD1
Set 1,MUSCLE-01,Myoblast,Muscle,11,MYF5,0.653512,0.35,program_neighbor,1,0.0053,MYOD1
Set 1,MUSCLE-01,Myoblast,Muscle,12,MYOD1,0.648171,0.38,known_factor,140,1.0000,MYOD1
Set 1,MUSCLE-01,Myoblast,Muscle,13,ABRA,0.643616,0.41,program_neighbor,83,0.3860,MYOD1
Set 1,MUSCLE-01,Myoblast,Muscle,14,RORC,0.643611,0.44,program_neighbor,140,1.0000,MYOD1
Set 1,MUSCLE-01,Myoblast,Muscle,15,DPF3,0.638677,0.47,program_neighbor,2,0.0143,MYOD1
Set 1,MUSCLE-01,Myoblast,Muscle,16,MLIP,0.614795,0.51,novel_prediction,0,0.0000,
Set 1,MUSCLE-01,Myoblast,Muscle,17,SIX4,0.613996,0.54,program_neighbor,140,0.7487,MYOD1
Set 1,MUSCLE-01,Myoblast,Muscle,18,SIX2,0.609574,0.57,program_neighbor,140,0.7179,MYOD1
Set 1,MUSCLE-01,Myoblast,Muscle,19,PITX2,0.601806,0.60,program_neighbor,140,1.0000,MYOD1
Set 1,MUSCLE-01,Myoblast,Muscle,20,TBX1,0.583099,0.63,program_neighbor,140,1.0000,MYOD1
Set 1,MUSCLE-01,Myoblast,Muscle,21,MAPK12,0.578106,0.66,program_neighbor,19,0.0651,MYOD1
Set 1,MUSCLE-01,Myoblast,Muscle,22,YBX3,0.572369,0.69,novel_prediction,0,0.0000,
Set 1,MUSCLE-01,Myoblast,Muscle,23,NFE2L1,0.571628,0.73,program_neighbor,140,0.9859,MYOD1
Set 1,MUSCLE-01,Myoblast,Muscle,24,DDN,0.568933,0.76,program_neighbor,61,0.3245,MYOD1
Set 1,MUSCLE-01,Myoblast,Muscle,25,TEAD4,0.568749,0.79,program_neighbor,140,1.0000,MYOD1
Set 1,MUSCLE-01,Myoblast,Muscle,26,FHL3,0.559852,0.82,program_neighbor,8,0.0440,MYOD1
Set 1,MUSCLE-01,Myoblast,Muscle,27,MN1,0.557616,0.85,program_neighbor,140,0.9655,MYOD1
Set 1,MUSCLE-01,Myoblast,Muscle,28,VGLL2,0.545481,0.88,program_neighbor,2,0.0106,MYOD1
Set 1,MUSCLE-01,Myoblast,Muscle,29,E2F8,0.542882,0.92,program_neighbor,140,0.9272,MYOD1
Set 1,MUSCLE-01,Myoblast,Muscle,30,CSRP3,0.531370,0.95,program_neighbor,83,0.1677,MYOD1
Set 1,MUSCLE-01,Myoblast,Muscle,31,PAX7,0.524209,0.98,program_neighbor,140,0.6763,MYOD1
Set 1,MUSCLE-01,Myoblast,Muscle,32,MAP2K6,0.517092,1.01,program_neighbor,17,0.0607,MYOD1
Set 1,MUSCLE-01,Myoblast,Muscle,33,ESRRB,0.512558,1.04,program_neighbor,140,1.0000,MYOD1
Set 1,MUSCLE-01,Myoblast,Muscle,34,DNAJB6,0.504537,1.07,novel_prediction,0,0.0000,
Set 1,MUSCLE-01,Myoblast,Muscle,35,HOXC9,0.501493,1.11,program_neighbor,140,1.0000,MYOD1
Set 1,MUSCLE-01,Myoblast,Muscle,36,PRKAA2,0.494727,1.14,program_neighbor,17,0.0607,MYOD1
Set 1,MUSCLE-01,Myoblast,Muscle,37,HOXC8,0.493432,1.17,program_neighbor,1,0.0066,MYOD1
Set 1,MUSCLE-01,Myoblast,Muscle,38,SOD2,0.487742,1.20,program_neighbor,1,0.0053,MYOD1
Set 1,MUSCLE-01,Myoblast,Muscle,39,RAD23A,0.485661,1.23,program_neighbor,2,0.0141,MYOD1
Set 1,MUSCLE-01,Myoblast,Muscle,40,RORA,0.483266,1.26,program_neighbor,140,0.9929,MYOD1
Set 1,MUSCLE-01,Myoblast,Muscle,41,TCF15,0.480366,1.30,program_neighbor,140,0.9929,MYOD1
Set 1,MUSCLE-01,Myoblast,Muscle,42,DYRK1B,0.477875,1.33,program_neighbor,1,0.0060,MYOD1
Set 1,MUSCLE-01,Myoblast,Muscle,43,MEF2C,0.472290,1.36,program_neighbor,140,0.7955,MYOD1
Set 1,MUSCLE-01,Myoblast,Muscle,44,SOX6,0.469611,1.39,program_neighbor,140,0.9929,MYOD1
Set 1,MUSCLE-01,Myoblast,Muscle,45,HOXA10,0.467780,1.42,program_neighbor,21,0.1469,MYOD1
Set 1,MUSCLE-01,Myoblast,Muscle,46,PPARGC1A,0.465522,1.45,program_neighbor,140,0.5833,MYOD1
Set 1,MUSCLE-01,Myoblast,Muscle,47,MAMSTR,0.464457,1.48,novel_prediction,0,0.0000,
Set 1,MUSCLE-01,Myoblast,Muscle,48,MITF,0.463702,1.52,program_neighbor,140,0.7447,MYOD1
Set 1,MUSCLE-01,Myoblast,Muscle,49,RAG2,0.462797,1.55,program_neighbor,4,0.0286,MYOD1
Set 1,MUSCLE-01,Myoblast,Muscle,50,GBX1,0.462109,1.58,novel_prediction,0,0.0000,
Set 1,MUSCLE-02,Myoblast,Muscle,1,SIX1,0.705350,0.03,program_neighbor,140,0.7910,MYOD1
Set 1,MUSCLE-02,Myoblast,Muscle,2,ACTN2,0.704456,0.06,novel_prediction,0,0.0000,
Set 1,MUSCLE-02,Myoblast,Muscle,3,PITX3,0.691571,0.09,program_neighbor,140,1.0000,MYOD1
Set 1,MUSCLE-02,Myoblast,Muscle,4,PERM1,0.689195,0.13,program_neighbor,140,0.8434,MYOD1
Set 1,MUSCLE-02,Myoblast,Muscle,5,MAFA,0.688263,0.16,program_neighbor,140,0.9722,MYOD1
Set 1,MUSCLE-02,Myoblast,Muscle,6,ATP1B4,0.679185,0.19,program_neighbor,140,1.0000,MYOD1
Set 1,MUSCLE-02,Myoblast,Muscle,7,LBX1,0.677245,0.22,program_neighbor,140,1.0000,MYOD1
Set 1,MUSCLE-02,Myoblast,Muscle,8,MYF6,0.668800,0.25,program_neighbor,140,1.0000,MYOD1
Set 1,MUSCLE-02,Myoblast,Muscle,9,EYA4,0.661728,0.28,program_neighbor,86,0.4624,MYOD1
Set 1,MUSCLE-02,Myoblast,Muscle,10,MYOG,0.655374,0.32,program_neighbor,140,1.0000,MYOD1
Set 1,MUSCLE-02,Myoblast,Muscle,11,MYF5,0.653512,0.35,program_neighbor,1,0.0053,MYOD1
Set 1,MUSCLE-02,Myoblast,Muscle,12,MYOD1,0.648171,0.38,known_factor,140,1.0000,MYOD1
Set 1,MUSCLE-02,Myoblast,Muscle,13,ABRA,0.643616,0.41,program_neighbor,83,0.3860,MYOD1
Set 1,MUSCLE-02,Myoblast,Muscle,14,RORC,0.643611,0.44,program_neighbor,140,1.0000,MYOD1
Set 1,MUSCLE-02,Myoblast,Muscle,15,DPF3,0.638677,0.47,program_neighbor,2,0.0143,MYOD1
Set 1,MUSCLE-02,Myoblast,Muscle,16,MLIP,0.614795,0.51,novel_prediction,0,0.0000,
Set 1,MUSCLE-02,Myoblast,Muscle,17,SIX4,0.613996,0.54,program_neighbor,140,0.7487,MYOD1
Set 1,MUSCLE-02,Myoblast,Muscle,18,SIX2,0.609574,0.57,program_neighbor,140,0.7179,MYOD1
Set 1,MUSCLE-02,Myoblast,Muscle,19,PITX2,0.601806,0.60,program_neighbor,140,1.0000,MYOD1
Set 1,MUSCLE-02,Myoblast,Muscle,20,TBX1,0.583099,0.63,program_neighbor,140,1.0000,MYOD1
Set 1,MUSCLE-02,Myoblast,Muscle,21,MAPK12,0.578106,0.66,program_neighbor,19,0.0651,MYOD1
Set 1,MUSCLE-02,Myoblast,Muscle,22,YBX3,0.572369,0.69,novel_prediction,0,0.0000,
Set 1,MUSCLE-02,Myoblast,Muscle,23,NFE2L1,0.571628,0.73,program_neighbor,140,0.9859,MYOD1
Set 1,MUSCLE-02,Myoblast,Muscle,24,DDN,0.568933,0.76,program_neighbor,61,0.3245,MYOD1
Set 1,MUSCLE-02,Myoblast,Muscle,25,TEAD4,0.568749,0.79,program_neighbor,140,1.0000,MYOD1
Set 1,MUSCLE-02,Myoblast,Muscle,26,FHL3,0.559852,0.82,program_neighbor,8,0.0440,MYOD1
Set 1,MUSCLE-02,Myoblast,Muscle,27,MN1,0.557616,0.85,program_neighbor,140,0.9655,MYOD1
Set 1,MUSCLE-02,Myoblast,Muscle,28,VGLL2,0.545481,0.88,program_neighbor,2,0.0106,MYOD1
Set 1,MUSCLE-02,Myoblast,Muscle,29,E2F8,0.542882,0.92,program_neighbor,140,0.9272,MYOD1
Set 1,MUSCLE-02,Myoblast,Muscle,30,CSRP3,0.531370,0.95,program_neighbor,83,0.1677,MYOD1
Set 1,MUSCLE-02,Myoblast,Muscle,31,PAX7,0.524209,0.98,program_neighbor,140,0.6763,MYOD1
Set 1,MUSCLE-02,Myoblast,Muscle,32,MAP2K6,0.517092,1.01,program_neighbor,17,0.0607,MYOD1
Set 1,MUSCLE-02,Myoblast,Muscle,33,ESRRB,0.512558,1.04,program_neighbor,140,1.0000,MYOD1
Set 1,MUSCLE-02,Myoblast,Muscle,34,DNAJB6,0.504537,1.07,novel_prediction,0,0.0000,
Set 1,MUSCLE-02,Myoblast,Muscle,35,HOXC9,0.501493,1.11,program_neighbor,140,1.0000,MYOD1
Set 1,MUSCLE-02,Myoblast,Muscle,36,PRKAA2,0.494727,1.14,program_neighbor,17,0.0607,MYOD1
Set 1,MUSCLE-02,Myoblast,Muscle,37,HOXC8,0.493432,1.17,program_neighbor,1,0.0066,MYOD1
Set 1,MUSCLE-02,Myoblast,Muscle,38,SOD2,0.487742,1.20,program_neighbor,1,0.0053,MYOD1
Set 1,MUSCLE-02,Myoblast,Muscle,39,RAD23A,0.485661,1.23,program_neighbor,2,0.0141,MYOD1
Set 1,MUSCLE-02,Myoblast,Muscle,40,RORA,0.483266,1.26,program_neighbor,140,0.9929,MYOD1
Set 1,MUSCLE-02,Myoblast,Muscle,41,TCF15,0.480366,1.30,program_neighbor,140,0.9929,MYOD1
Set 1,MUSCLE-02,Myoblast,Muscle,42,DYRK1B,0.477875,1.33,program_neighbor,1,0.0060,MYOD1
Set 1,MUSCLE-02,Myoblast,Muscle,43,MEF2C,0.472290,1.36,program_neighbor,140,0.7955,MYOD1
Set 1,MUSCLE-02,Myoblast,Muscle,44,SOX6,0.469611,1.39,program_neighbor,140,0.9929,MYOD1
Set 1,MUSCLE-02,Myoblast,Muscle,45,HOXA10,0.467780,1.42,program_neighbor,21,0.1469,MYOD1
Set 1,MUSCLE-02,Myoblast,Muscle,46,PPARGC1A,0.465522,1.45,program_neighbor,140,0.5833,MYOD1
Set 1,MUSCLE-02,Myoblast,Muscle,47,MAMSTR,0.464457,1.48,novel_prediction,0,0.0000,
Set 1,MUSCLE-02,Myoblast,Muscle,48,MITF,0.463702,1.52,program_neighbor,140,0.7447,MYOD1
Set 1,MUSCLE-02,Myoblast,Muscle,49,RAG2,0.462797,1.55,program_neighbor,4,0.0286,MYOD1
Set 1,MUSCLE-02,Myoblast,Muscle,50,GBX1,0.462109,1.58,novel_prediction,0,0.0000,
Set 1,MUSCLE-03,Smooth muscle,Muscle,1,PRDM6,0.728428,0.03,program_neighbor,11,0.1134,MYOCD
Set 1,MUSCLE-03,Smooth muscle,Muscle,2,MYOCD,0.684507,0.06,known_factor,96,1.0000,MYOCD
Set 1,MUSCLE-03,Smooth muscle,Muscle,3,NKX6-1,0.647744,0.09,program_neighbor,140,0.9929,SRF
Set 1,MUSCLE-03,Smooth muscle,Muscle,4,FOXF2,0.610315,0.13,program_neighbor,141,0.9930,SRF
Set 1,MUSCLE-03,Smooth muscle,Muscle,5,FOXS1,0.590538,0.16,program_neighbor,140,0.9929,SRF
Set 1,MUSCLE-03,Smooth muscle,Muscle,6,FOXC1,0.588226,0.19,program_neighbor,142,0.9592,SRF
Set 1,MUSCLE-03,Smooth muscle,Muscle,7,ACTN1,0.573196,0.22,program_neighbor,1,0.0081,MYOCD
Set 1,MUSCLE-03,Smooth muscle,Muscle,8,FOXF1,0.554956,0.25,program_neighbor,11,0.1134,MYOCD
Set 1,MUSCLE-03,Smooth muscle,Muscle,9,FOXL1,0.540215,0.28,program_neighbor,141,1.0000,SRF
Set 1,MUSCLE-03,Smooth muscle,Muscle,10,FOXC2,0.533225,0.32,program_neighbor,140,0.9929,SRF
Set 1,MUSCLE-03,Smooth muscle,Muscle,11,AEBP1,0.532263,0.35,program_neighbor,140,0.7910,SRF
Set 1,MUSCLE-03,Smooth muscle,Muscle,12,TOX2,0.522580,0.38,program_neighbor,1,0.0104,MYOCD
Set 1,MUSCLE-03,Smooth muscle,Muscle,13,HOXA4,0.521053,0.41,program_neighbor,10,0.1042,MYOCD
Set 1,MUSCLE-03,Smooth muscle,Muscle,14,NTN1,0.519408,0.44,program_neighbor,1,0.0065,MYOCD
Set 1,MUSCLE-03,Smooth muscle,Muscle,15,FSTL3,0.517325,0.47,program_neighbor,3,0.0312,MYOCD
Set 1,MUSCLE-03,Smooth muscle,Muscle,16,CITED4,0.515798,0.51,program_neighbor,1,0.0104,MYOCD
Set 1,MUSCLE-03,Smooth muscle,Muscle,17,ACTN4,0.506664,0.54,program_neighbor,11,0.0924,MYOCD
Set 1,MUSCLE-03,Smooth muscle,Muscle,18,FOXP2,0.503367,0.57,program_neighbor,158,0.2587,SRF
Set 1,MUSCLE-03,Smooth muscle,Muscle,19,LRRFIP1,0.500186,0.60,program_neighbor,140,0.9859,SRF
Set 1,MUSCLE-03,Smooth muscle,Muscle,20,CUX1,0.498093,0.63,program_neighbor,3,0.0309,MYOCD
Set 1,MUSCLE-03,Smooth muscle,Muscle,21,PER3,0.492429,0.66,program_neighbor,11,0.1122,MYOCD
Set 1,MUSCLE-03,Smooth muscle,Muscle,22,EGR1,0.488509,0.69,program_neighbor,141,0.9930,SRF
Set 1,MUSCLE-03,Smooth muscle,Muscle,23,ALB,0.488242,0.73,program_neighbor,4,0.0417,MYOCD
Set 1,MUSCLE-03,Smooth muscle,Muscle,24,HEYL,0.487980,0.76,program_neighbor,140,0.9929,SRF
Set 1,MUSCLE-03,Smooth muscle,Muscle,25,KHDRBS3,0.485573,0.79,program_neighbor,11,0.1146,MYOCD
Set 1,MUSCLE-03,Smooth muscle,Muscle,26,MN1,0.484702,0.82,program_neighbor,141,0.9724,SRF
Set 1,MUSCLE-03,Smooth muscle,Muscle,27,HAND2,0.481792,0.85,program_neighbor,140,0.7910,SRF
Set 1,MUSCLE-03,Smooth muscle,Muscle,28,ATOH8,0.481251,0.88,program_neighbor,140,0.9929,SRF
Set 1,MUSCLE-03,Smooth muscle,Muscle,29,WTIP,0.480344,0.92,program_neighbor,141,0.8598,SRF
Set 1,MUSCLE-03,Smooth muscle,Muscle,30,MKX,0.479376,0.95,program_neighbor,1,0.0104,MYOCD
Set 1,MUSCLE-03,Smooth muscle,Muscle,31,HOXA3,0.474813,0.98,program_neighbor,142,0.8150,SRF
Set 1,MUSCLE-03,Smooth muscle,Muscle,32,TBX5,0.473297,1.01,program_neighbor,140,0.9929,SRF
Set 1,MUSCLE-03,Smooth muscle,Muscle,33,TACC1,0.471914,1.04,program_neighbor,11,0.0973,MYOCD
Set 1,MUSCLE-03,Smooth muscle,Muscle,34,INSM2,0.468501,1.07,program_neighbor,10,0.1031,MYOCD
Set 1,MUSCLE-03,Smooth muscle,Muscle,35,RBPMS,0.467079,1.11,novel_prediction,0,0.0000,
Set 1,MUSCLE-03,Smooth muscle,Muscle,36,RAX,0.465146,1.14,program_neighbor,10,0.1042,MYOCD
Set 1,MUSCLE-03,Smooth muscle,Muscle,37,DPF3,0.464414,1.17,program_neighbor,2,0.0208,MYOCD
Set 1,MUSCLE-03,Smooth muscle,Muscle,38,PTPN14,0.463752,1.20,program_neighbor,2,0.0132,SRF
Set 1,MUSCLE-03,Smooth muscle,Muscle,39,MSC,0.462734,1.23,program_neighbor,140,0.9929,SRF
Set 1,MUSCLE-03,Smooth muscle,Muscle,40,SETD3,0.457707,1.26,program_neighbor,1,0.0104,MYOCD
Set 1,MUSCLE-03,Smooth muscle,Muscle,41,HDAC9,0.457376,1.30,program_neighbor,141,0.2745,SRF
Set 1,MUSCLE-03,Smooth muscle,Muscle,42,FOXP1,0.454138,1.33,program_neighbor,158,0.8924,SRF
Set 1,MUSCLE-03,Smooth muscle,Muscle,43,SALL1,0.453409,1.36,program_neighbor,12,0.1212,MYOCD
Set 1,MUSCLE-03,Smooth muscle,Muscle,44,ARHGAP22,0.452440,1.39,program_neighbor,35,0.1340,MYOCD
Set 1,MUSCLE-03,Smooth muscle,Muscle,45,HEY2,0.451174,1.42,program_neighbor,140,0.9929,SRF
Set 1,MUSCLE-03,Smooth muscle,Muscle,46,EPAS1,0.450845,1.45,program_neighbor,157,0.5622,SRF
Set 1,MUSCLE-03,Smooth muscle,Muscle,47,FOXG1,0.450661,1.48,program_neighbor,1,0.0104,MYOCD
Set 1,MUSCLE-03,Smooth muscle,Muscle,48,SETD1B,0.446939,1.52,program_neighbor,3,0.0303,MYOCD
Set 1,MUSCLE-03,Smooth muscle,Muscle,49,SRF,0.445603,1.55,known_factor,141,1.0000,SRF
Set 1,MUSCLE-03,Smooth muscle,Muscle,50,RAG2,0.445592,1.58,program_neighbor,4,0.0417,MYOCD
Set 1,GLIAL-01,OPC,Glial,1,DRGX,0.675098,0.03,program_neighbor,140,1.0000,OLIG2
Set 1,GLIAL-01,OPC,Glial,2,FOXG1,0.668131,0.06,program_neighbor,1,0.0071,OLIG2
Set 1,GLIAL-01,OPC,Glial,3,TBR1,0.645043,0.09,program_neighbor,140,1.0000,OLIG2
Set 1,GLIAL-01,OPC,Glial,4,SOHLH1,0.643099,0.13,program_neighbor,140,1.0000,OLIG2
Set 1,GLIAL-01,OPC,Glial,5,RORB,0.625136,0.16,program_neighbor,140,1.0000,OLIG2
Set 1,GLIAL-01,OPC,Glial,6,ZFHX2,0.621919,0.19,program_neighbor,11,0.0753,OLIG2
Set 1,GLIAL-01,OPC,Glial,7,NPAS1,0.597877,0.22,program_neighbor,140,1.0000,OLIG2
Set 1,GLIAL-01,OPC,Glial,8,FEZF2,0.595375,0.25,program_neighbor,140,0.9929,OLIG2
Set 1,GLIAL-01,OPC,Glial,9,CHD5,0.593603,0.28,program_neighbor,90,0.4737,OLIG2
Set 1,GLIAL-01,OPC,Glial,10,PAX7,0.593542,0.32,program_neighbor,176,0.8502,SOX10
Set 1,GLIAL-01,OPC,Glial,11,DDN,0.592957,0.35,program_neighbor,61,0.3245,OLIG2
Set 1,GLIAL-01,OPC,Glial,12,SCRT1,0.591509,0.38,program_neighbor,140,0.9929,OLIG2
Set 1,GLIAL-01,OPC,Glial,13,EPOP,0.590050,0.41,program_neighbor,12,0.0857,OLIG2
Set 1,GLIAL-01,OPC,Glial,14,LHX2,0.586691,0.44,novel_prediction,0,0.0000,
Set 1,GLIAL-01,OPC,Glial,15,PTPRN,0.584606,0.47,program_neighbor,55,0.3216,OLIG2
Set 1,GLIAL-01,OPC,Glial,16,OTUD7A,0.581418,0.51,program_neighbor,10,0.0714,OLIG2
Set 1,GLIAL-01,OPC,Glial,17,INSM2,0.574396,0.54,program_neighbor,10,0.0709,OLIG2
Set 1,GLIAL-01,OPC,Glial,18,MAPT,0.571890,0.57,program_neighbor,48,0.2526,SOX10
Set 1,GLIAL-01,OPC,Glial,19,CTNND2,0.571770,0.60,program_neighbor,19,0.0309,OLIG2
Set 1,GLIAL-01,OPC,Glial,20,EMX1,0.565696,0.63,program_neighbor,10,0.0714,OLIG2
Set 1,GLIAL-01,OPC,Glial,21,DLX2,0.559017,0.66,program_neighbor,140,0.9929,OLIG2
Set 1,GLIAL-01,OPC,Glial,22,STAT4,0.556870,0.69,program_neighbor,140,0.2823,OLIG2
Set 1,GLIAL-01,OPC,Glial,23,BASP1,0.556290,0.73,program_neighbor,1,0.0071,OLIG2
Set 1,GLIAL-01,OPC,Glial,24,PHF24,0.553833,0.76,program_neighbor,6,0.0273,SOX10
Set 1,GLIAL-01,OPC,Glial,25,KHDRBS3,0.542517,0.79,program_neighbor,11,0.0786,OLIG2
Set 1,GLIAL-01,OPC,Glial,26,DLX1,0.541146,0.82,program_neighbor,4,0.0180,SOX10
Set 1,GLIAL-01,OPC,Glial,27,MEF2C,0.540942,0.85,program_neighbor,176,1.0000,SOX10
Set 1,GLIAL-01,OPC,Glial,28,AIRE,0.540897,0.88,program_neighbor,140,0.2828,OLIG2
Set 1,GLIAL-01,OPC,Glial,29,NAP1L2,0.539188,0.92,program_neighbor,1,0.0071,OLIG2
Set 1,GLIAL-01,OPC,Glial,30,STOX1,0.538538,0.95,program_neighbor,140,0.8917,OLIG2
Set 1,GLIAL-01,OPC,Glial,31,BCL11A,0.537447,0.98,program_neighbor,176,0.9670,SOX10
Set 1,GLIAL-01,OPC,Glial,32,CUX2,0.534051,1.01,program_neighbor,3,0.0171,OLIG2
Set 1,GLIAL-01,OPC,Glial,33,LHX6,0.533457,1.04,program_neighbor,140,0.8187,OLIG2
Set 1,GLIAL-01,OPC,Glial,34,CRTC1,0.532307,1.07,program_neighbor,52,0.3041,OLIG2
Set 1,GLIAL-01,OPC,Glial,35,MEIS3,0.529784,1.11,program_neighbor,140,0.9655,OLIG2
Set 1,GLIAL-01,OPC,Glial,36,POU6F2,0.525022,1.14,program_neighbor,140,0.7368,OLIG2
Set 1,GLIAL-01,OPC,Glial,37,NLK,0.523079,1.17,program_neighbor,140,0.9091,OLIG2
Set 1,GLIAL-01,OPC,Glial,38,SCRT2,0.521151,1.20,program_neighbor,140,0.9929,OLIG2
Set 1,GLIAL-01,OPC,Glial,39,POU3F2,0.520504,1.23,program_neighbor,140,0.9929,OLIG2
Set 1,GLIAL-01,OPC,Glial,40,MYT1L,0.520490,1.26,program_neighbor,140,0.9722,OLIG2
Set 1,GLIAL-01,OPC,Glial,41,NPAS3,0.516687,1.30,program_neighbor,140,0.9524,OLIG2
Set 1,GLIAL-01,OPC,Glial,42,EGR4,0.515320,1.33,program_neighbor,140,0.9859,OLIG2
Set 1,GLIAL-01,OPC,Glial,43,KCNIP3,0.513932,1.36,program_neighbor,53,0.0804,SOX10
Set 1,GLIAL-01,OPC,Glial,44,CPEB3,0.513927,1.39,program_neighbor,68,0.3820,OLIG2
Set 1,GLIAL-01,OPC,Glial,45,OLIG2,0.509530,1.42,known_factor,140,1.0000,OLIG2
Set 1,GLIAL-01,OPC,Glial,46,EGR2,0.508870,1.45,program_neighbor,140,1.0000,OLIG2
Set 1,GLIAL-01,OPC,Glial,47,ARNT2,0.507267,1.48,program_neighbor,176,0.6286,SOX10
Set 1,GLIAL-01,OPC,Glial,48,SOX2,0.506486,1.52,program_neighbor,140,0.9929,OLIG2
Set 1,GLIAL-01,OPC,Glial,49,POLR2F,0.505868,1.55,program_neighbor,140,1.0000,OLIG2
Set 1,GLIAL-01,OPC,Glial,50,PRKCB,0.505634,1.58,program_neighbor,53,0.1893,SOX10
Set 1,GLIAL-02,OPC,Glial,1,DRGX,0.675098,0.03,program_neighbor,140,1.0000,OLIG2
Set 1,GLIAL-02,OPC,Glial,2,FOXG1,0.668131,0.06,program_neighbor,1,0.0071,OLIG2
Set 1,GLIAL-02,OPC,Glial,3,TBR1,0.645043,0.09,program_neighbor,140,1.0000,OLIG2
Set 1,GLIAL-02,OPC,Glial,4,SOHLH1,0.643099,0.13,program_neighbor,140,1.0000,OLIG2
Set 1,GLIAL-02,OPC,Glial,5,RORB,0.625136,0.16,program_neighbor,140,1.0000,OLIG2
Set 1,GLIAL-02,OPC,Glial,6,ZFHX2,0.621919,0.19,program_neighbor,11,0.0753,OLIG2
Set 1,GLIAL-02,OPC,Glial,7,NPAS1,0.597877,0.22,program_neighbor,140,1.0000,OLIG2
Set 1,GLIAL-02,OPC,Glial,8,FEZF2,0.595375,0.25,program_neighbor,140,0.9929,OLIG2
Set 1,GLIAL-02,OPC,Glial,9,CHD5,0.593603,0.28,program_neighbor,90,0.4737,OLIG2
Set 1,GLIAL-02,OPC,Glial,10,PAX7,0.593542,0.32,program_neighbor,176,0.8502,SOX10
Set 1,GLIAL-02,OPC,Glial,11,DDN,0.592957,0.35,program_neighbor,61,0.3245,OLIG2
Set 1,GLIAL-02,OPC,Glial,12,SCRT1,0.591509,0.38,program_neighbor,140,0.9929,OLIG2
Set 1,GLIAL-02,OPC,Glial,13,EPOP,0.590050,0.41,program_neighbor,12,0.0857,OLIG2
Set 1,GLIAL-02,OPC,Glial,14,LHX2,0.586691,0.44,novel_prediction,0,0.0000,
Set 1,GLIAL-02,OPC,Glial,15,PTPRN,0.584606,0.47,program_neighbor,55,0.3216,OLIG2
Set 1,GLIAL-02,OPC,Glial,16,OTUD7A,0.581418,0.51,program_neighbor,10,0.0714,OLIG2
Set 1,GLIAL-02,OPC,Glial,17,INSM2,0.574396,0.54,program_neighbor,10,0.0709,OLIG2
Set 1,GLIAL-02,OPC,Glial,18,MAPT,0.571890,0.57,program_neighbor,48,0.2526,SOX10
Set 1,GLIAL-02,OPC,Glial,19,CTNND2,0.571770,0.60,program_neighbor,19,0.0309,OLIG2
Set 1,GLIAL-02,OPC,Glial,20,EMX1,0.565696,0.63,program_neighbor,10,0.0714,OLIG2
Set 1,GLIAL-02,OPC,Glial,21,DLX2,0.559017,0.66,program_neighbor,140,0.9929,OLIG2
Set 1,GLIAL-02,OPC,Glial,22,STAT4,0.556870,0.69,program_neighbor,140,0.2823,OLIG2
Set 1,GLIAL-02,OPC,Glial,23,BASP1,0.556290,0.73,program_neighbor,1,0.0071,OLIG2
Set 1,GLIAL-02,OPC,Glial,24,PHF24,0.553833,0.76,program_neighbor,6,0.0273,SOX10
Set 1,GLIAL-02,OPC,Glial,25,KHDRBS3,0.542517,0.79,program_neighbor,11,0.0786,OLIG2
Set 1,GLIAL-02,OPC,Glial,26,DLX1,0.541146,0.82,program_neighbor,4,0.0180,SOX10
Set 1,GLIAL-02,OPC,Glial,27,MEF2C,0.540942,0.85,program_neighbor,176,1.0000,SOX10
Set 1,GLIAL-02,OPC,Glial,28,AIRE,0.540897,0.88,program_neighbor,140,0.2828,OLIG2
Set 1,GLIAL-02,OPC,Glial,29,NAP1L2,0.539188,0.92,program_neighbor,1,0.0071,OLIG2
Set 1,GLIAL-02,OPC,Glial,30,STOX1,0.538538,0.95,program_neighbor,140,0.8917,OLIG2
Set 1,GLIAL-02,OPC,Glial,31,BCL11A,0.537447,0.98,program_neighbor,176,0.9670,SOX10
Set 1,GLIAL-02,OPC,Glial,32,CUX2,0.534051,1.01,program_neighbor,3,0.0171,OLIG2
Set 1,GLIAL-02,OPC,Glial,33,LHX6,0.533457,1.04,program_neighbor,140,0.8187,OLIG2
Set 1,GLIAL-02,OPC,Glial,34,CRTC1,0.532307,1.07,program_neighbor,52,0.3041,OLIG2
Set 1,GLIAL-02,OPC,Glial,35,MEIS3,0.529784,1.11,program_neighbor,140,0.9655,OLIG2
Set 1,GLIAL-02,OPC,Glial,36,POU6F2,0.525022,1.14,program_neighbor,140,0.7368,OLIG2
Set 1,GLIAL-02,OPC,Glial,37,NLK,0.523079,1.17,program_neighbor,140,0.9091,OLIG2
Set 1,GLIAL-02,OPC,Glial,38,SCRT2,0.521151,1.20,program_neighbor,140,0.9929,OLIG2
Set 1,GLIAL-02,OPC,Glial,39,POU3F2,0.520504,1.23,program_neighbor,140,0.9929,OLIG2
Set 1,GLIAL-02,OPC,Glial,40,MYT1L,0.520490,1.26,program_neighbor,140,0.9722,OLIG2
Set 1,GLIAL-02,OPC,Glial,41,NPAS3,0.516687,1.30,program_neighbor,140,0.9524,OLIG2
Set 1,GLIAL-02,OPC,Glial,42,EGR4,0.515320,1.33,program_neighbor,140,0.9859,OLIG2
Set 1,GLIAL-02,OPC,Glial,43,KCNIP3,0.513932,1.36,program_neighbor,53,0.0804,SOX10
Set 1,GLIAL-02,OPC,Glial,44,CPEB3,0.513927,1.39,program_neighbor,68,0.3820,OLIG2
Set 1,GLIAL-02,OPC,Glial,45,OLIG2,0.509530,1.42,known_factor,140,1.0000,OLIG2
Set 1,GLIAL-02,OPC,Glial,46,EGR2,0.508870,1.45,program_neighbor,140,1.0000,OLIG2
Set 1,GLIAL-02,OPC,Glial,47,ARNT2,0.507267,1.48,program_neighbor,176,0.6286,SOX10
Set 1,GLIAL-02,OPC,Glial,48,SOX2,0.506486,1.52,program_neighbor,140,0.9929,OLIG2
Set 1,GLIAL-02,OPC,Glial,49,POLR2F,0.505868,1.55,program_neighbor,140,1.0000,OLIG2
Set 1,GLIAL-02,OPC,Glial,50,PRKCB,0.505634,1.58,program_neighbor,53,0.1893,SOX10
Set 1,GLIAL-03,Schwann cell,Glial,1,EGR2,0.824608,0.03,known_factor,140,1.0000,EGR2
Set 1,GLIAL-03,Schwann cell,Glial,2,FOXD1,0.756653,0.06,program_neighbor,140,0.9929,EGR2
Set 1,GLIAL-03,Schwann cell,Glial,3,EBF2,0.737835,0.09,program_neighbor,140,1.0000,EGR2
Set 1,GLIAL-03,Schwann cell,Glial,4,FOXD2,0.710812,0.13,program_neighbor,143,0.9722,EGR2
Set 1,GLIAL-03,Schwann cell,Glial,5,GLI1,0.710017,0.16,program_neighbor,140,0.4778,EGR2
Set 1,GLIAL-03,Schwann cell,Glial,6,FOXE3,0.700772,0.19,program_neighbor,176,1.0000,SOX10
Set 1,GLIAL-03,Schwann cell,Glial,7,MEOX2,0.700311,0.22,program_neighbor,140,1.0000,EGR2
Set 1,GLIAL-03,Schwann cell,Glial,8,POU3F1,0.698714,0.25,program_neighbor,140,0.9929,EGR2
Set 1,GLIAL-03,Schwann cell,Glial,9,FOXD3,0.694854,0.28,program_neighbor,140,0.9929,EGR2
Set 1,GLIAL-03,Schwann cell,Glial,10,SHOX2,0.647832,0.32,program_neighbor,13,0.0734,SOX10
Set 1,GLIAL-03,Schwann cell,Glial,11,MLIP,0.623294,0.35,novel_prediction,0,0.0000,
Set 1,GLIAL-03,Schwann cell,Glial,12,AHR,0.622918,0.38,program_neighbor,176,0.3148,SOX10
Set 1,GLIAL-03,Schwann cell,Glial,13,NR4A2,0.620570,0.41,program_neighbor,140,1.0000,EGR2
Set 1,GLIAL-03,Schwann cell,Glial,14,FOXC2,0.606297,0.44,program_neighbor,140,1.0000,EGR2
Set 1,GLIAL-03,Schwann cell,Glial,15,SOX8,0.605365,0.47,program_neighbor,176,0.6263,SOX10
Set 1,GLIAL-03,Schwann cell,Glial,16,SAMHD1,0.604212,0.51,program_neighbor,83,0.1485,EGR2
Set 1,GLIAL-03,Schwann cell,Glial,17,SOX17,0.599418,0.54,program_neighbor,140,1.0000,EGR2
Set 1,GLIAL-03,Schwann cell,Glial,18,SPHK1,0.586340,0.57,program_neighbor,119,0.2241,SOX10
Set 1,GLIAL-03,Schwann cell,Glial,19,BNC2,0.582795,0.60,program_neighbor,140,0.9859,EGR2
Set 1,GLIAL-03,Schwann cell,Glial,20,FOXC1,0.582028,0.63,program_neighbor,143,0.9524,EGR2
Set 1,GLIAL-03,Schwann cell,Glial,21,ZNF536,0.581493,0.66,program_neighbor,140,0.9859,EGR2
Set 1,GLIAL-03,Schwann cell,Glial,22,KHDRBS3,0.579893,0.69,program_neighbor,11,0.0786,EGR2
Set 1,GLIAL-03,Schwann cell,Glial,23,PLAG1,0.577785,0.73,program_neighbor,140,1.0000,EGR2
Set 1,GLIAL-03,Schwann cell,Glial,24,RUNX2,0.575672,0.76,program_neighbor,140,0.9929,EGR2
Set 1,GLIAL-03,Schwann cell,Glial,25,POLR2F,0.574785,0.79,program_neighbor,140,1.0000,EGR2
Set 1,GLIAL-03,Schwann cell,Glial,26,ARID3C,0.572778,0.82,program_neighbor,7,0.0476,EGR2
Set 1,GLIAL-03,Schwann cell,Glial,27,ATOH8,0.572169,0.85,program_neighbor,140,1.0000,EGR2
Set 1,GLIAL-03,Schwann cell,Glial,28,NR4A1,0.568647,0.88,program_neighbor,143,0.2046,SOX10
Set 1,GLIAL-03,Schwann cell,Glial,29,OTUD7B,0.567927,0.92,program_neighbor,46,0.2527,SOX10
Set 1,GLIAL-03,Schwann cell,Glial,30,FSTL3,0.566523,0.95,program_neighbor,3,0.0214,EGR2
Set 1,GLIAL-03,Schwann cell,Glial,31,KLF9,0.563745,0.98,program_neighbor,140,1.0000,EGR2
Set 1,GLIAL-03,Schwann cell,Glial,32,MYCN,0.563466,1.01,program_neighbor,140,1.0000,EGR2
Set 1,GLIAL-03,Schwann cell,Glial,33,LHX6,0.557433,1.04,program_neighbor,140,0.8187,EGR2
Set 1,GLIAL-03,Schwann cell,Glial,34,FOXO1,0.552497,1.07,program_neighbor,176,0.6219,SOX10
Set 1,GLIAL-03,Schwann cell,Glial,35,LPIN1,0.549211,1.11,program_neighbor,84,0.1644,EGR2
Set 1,GLIAL-03,Schwann cell,Glial,36,HOXC6,0.548393,1.14,program_neighbor,140,1.0000,EGR2
Set 1,GLIAL-03,Schwann cell,Glial,37,HOXC5,0.546485,1.17,program_neighbor,140,1.0000,EGR2
Set 1,GLIAL-03,Schwann cell,Glial,38,IL16,0.545864,1.20,program_neighbor,86,0.1727,EGR2
Set 1,GLIAL-03,Schwann cell,Glial,39,NR2F2,0.541883,1.23,program_neighbor,140,1.0000,EGR2
Set 1,GLIAL-03,Schwann cell,Glial,40,TBX2,0.539569,1.26,program_neighbor,176,1.0000,SOX10
Set 1,GLIAL-03,Schwann cell,Glial,41,HOXC4,0.537149,1.30,program_neighbor,51,0.2965,EGR2
Set 1,GLIAL-03,Schwann cell,Glial,42,ETV4,0.536849,1.33,program_neighbor,1,0.0071,EGR2
Set 1,GLIAL-03,Schwann cell,Glial,43,CITED2,0.534774,1.36,program_neighbor,176,1.0000,SOX10
Set 1,GLIAL-03,Schwann cell,Glial,44,TET1,0.534733,1.39,program_neighbor,1,0.0019,EGR2
Set 1,GLIAL-03,Schwann cell,Glial,45,ZFHX2,0.534528,1.42,program_neighbor,11,0.0753,EGR2
Set 1,GLIAL-03,Schwann cell,Glial,46,NFATC1,0.530709,1.45,program_neighbor,140,0.8140,EGR2
Set 1,GLIAL-03,Schwann cell,Glial,47,FOXS1,0.527989,1.48,program_neighbor,140,1.0000,EGR2
Set 1,GLIAL-03,Schwann cell,Glial,48,KLF15,0.526602,1.52,program_neighbor,140,1.0000,EGR2
Set 1,GLIAL-03,Schwann cell,Glial,49,MEOX1,0.521872,1.55,program_neighbor,140,1.0000,EGR2
Set 1,GLIAL-03,Schwann cell,Glial,50,EBF3,0.521306,1.58,program_neighbor,1,0.0053,EGR2
Set 1,GLIAL-04,Astrocyte,Glial,1,FOXG1,0.705376,0.03,program_neighbor,1,0.0064,NFIA
Set 1,GLIAL-04,Astrocyte,Glial,2,TBR1,0.640277,0.06,program_neighbor,140,0.8974,NFIA
Set 1,GLIAL-04,Astrocyte,Glial,3,FEZF2,0.623501,0.09,program_neighbor,140,0.8917,NFIA
Set 1,GLIAL-04,Astrocyte,Glial,4,MAPT,0.605134,0.13,program_neighbor,49,0.1546,SOX9
Set 1,GLIAL-04,Astrocyte,Glial,5,CTNND2,0.597913,0.16,program_neighbor,135,0.2036,SOX9
Set 1,GLIAL-04,Astrocyte,Glial,6,DDN,0.593950,0.19,program_neighbor,104,0.4577,NFIB
Set 1,GLIAL-04,Astrocyte,Glial,7,MYT1L,0.590517,0.22,program_neighbor,143,0.8868,NFIA
Set 1,GLIAL-04,Astrocyte,Glial,8,CHD5,0.589835,0.25,program_neighbor,134,0.5961,NFIB
Set 1,GLIAL-04,Astrocyte,Glial,9,SOHLH1,0.579882,0.28,program_neighbor,140,0.8974,NFIA
Set 1,GLIAL-04,Astrocyte,Glial,10,POU3F3,0.576181,0.32,program_neighbor,176,0.7000,NFIA
Set 1,GLIAL-04,Astrocyte,Glial,11,PTPRN,0.572394,0.35,program_neighbor,86,0.4674,NFIB
Set 1,GLIAL-04,Astrocyte,Glial,12,OTUD7A,0.564156,0.38,program_neighbor,10,0.0641,NFIA
Set 1,GLIAL-04,Astrocyte,Glial,13,RORB,0.562844,0.41,program_neighbor,140,0.8974,NFIA
Set 1,GLIAL-04,Astrocyte,Glial,14,NKX6-2,0.561750,0.44,program_neighbor,140,0.8974,NFIA
Set 1,GLIAL-04,Astrocyte,Glial,15,CUX2,0.550897,0.47,program_neighbor,31,0.0823,SOX9
Set 1,GLIAL-04,Astrocyte,Glial,16,LHX2,0.548063,0.51,program_neighbor,1,0.0033,SOX9
Set 1,GLIAL-04,Astrocyte,Glial,17,BCL11A,0.541824,0.54,program_neighbor,179,0.7071,NFIA
Set 1,GLIAL-04,Astrocyte,Glial,18,ACTL6B,0.531354,0.57,program_neighbor,101,0.4494,NFIA
Set 1,GLIAL-04,Astrocyte,Glial,19,TP53INP2,0.529576,0.60,program_neighbor,36,0.1184,SOX9
Set 1,GLIAL-04,Astrocyte,Glial,20,ZFP57,0.525417,0.63,program_neighbor,140,0.8974,NFIA
Set 1,GLIAL-04,Astrocyte,Glial,21,POU3F2,0.525097,0.66,program_neighbor,140,0.8917,NFIA
Set 1,GLIAL-04,Astrocyte,Glial,22,ZFHX2,0.523486,0.69,program_neighbor,16,0.0881,NFIA
Set 1,GLIAL-04,Astrocyte,Glial,23,PHF24,0.523472,0.73,program_neighbor,9,0.0263,NFIB
Set 1,GLIAL-04,Astrocyte,Glial,24,SCRT1,0.522600,0.76,program_neighbor,141,0.8917,NFIA
Set 1,GLIAL-04,Astrocyte,Glial,25,CRYM,0.522577,0.79,program_neighbor,37,0.1171,SOX9
Set 1,GLIAL-04,Astrocyte,Glial,26,NPAS1,0.522525,0.82,program_neighbor,140,0.8974,NFIA
Set 1,GLIAL-04,Astrocyte,Glial,27,ZNF488,0.522261,0.85,program_neighbor,140,0.8974,NFIA
Set 1,GLIAL-04,Astrocyte,Glial,28,STOX1,0.517844,0.88,program_neighbor,152,0.8092,NFIA
Set 1,GLIAL-04,Astrocyte,Glial,29,EMX1,0.513234,0.92,program_neighbor,10,0.0641,NFIA
Set 1,GLIAL-04,Astrocyte,Glial,30,NR4A2,0.510355,0.95,program_neighbor,140,0.8974,NFIA
Set 1,GLIAL-04,Astrocyte,Glial,31,DLX1,0.507597,0.98,program_neighbor,7,0.0263,NFIB
Set 1,GLIAL-04,Astrocyte,Glial,32,LHX6,0.506887,1.01,program_neighbor,171,0.9293,NFIB
Set 1,GLIAL-04,Astrocyte,Glial,33,PRKCB,0.506751,1.04,program_neighbor,157,0.5164,SOX9
Set 1,GLIAL-04,Astrocyte,Glial,34,MYRF,0.506446,1.07,program_neighbor,187,0.8507,NFIB
Set 1,GLIAL-04,Astrocyte,Glial,35,DPF1,0.505820,1.11,program_neighbor,36,0.1184,SOX9
Set 1,GLIAL-04,Astrocyte,Glial,36,NAP1L2,0.503709,1.14,program_neighbor,1,0.0064,NFIA
Set 1,GLIAL-04,Astrocyte,Glial,37,ERBB4,0.502374,1.17,program_neighbor,160,0.2348,SOX9
Set 1,GLIAL-04,Astrocyte,Glial,38,ARNT2,0.497605,1.20,program_neighbor,280,0.9211,SOX9
Set 1,GLIAL-04,Astrocyte,Glial,39,ASCL1,0.496740,1.23,program_neighbor,189,0.6194,NFIA
Set 1,GLIAL-04,Astrocyte,Glial,40,STAT4,0.496617,1.26,program_neighbor,141,0.2734,NFIA
Set 1,GLIAL-04,Astrocyte,Glial,41,NPAS3,0.494349,1.30,program_neighbor,141,0.8589,NFIA
Set 1,GLIAL-04,Astrocyte,Glial,42,EN2,0.492238,1.33,program_neighbor,13,0.0625,NFIA
Set 1,GLIAL-04,Astrocyte,Glial,43,KHDRBS3,0.490972,1.36,program_neighbor,11,0.0705,NFIA
Set 1,GLIAL-04,Astrocyte,Glial,44,CRTC1,0.489740,1.39,program_neighbor,83,0.4511,NFIB
Set 1,GLIAL-04,Astrocyte,Glial,45,MEF2C,0.489665,1.42,program_neighbor,176,0.7292,NFIA
Set 1,GLIAL-04,Astrocyte,Glial,46,CPEB3,0.489062,1.45,program_neighbor,99,0.5183,NFIB
Set 1,GLIAL-04,Astrocyte,Glial,47,EPOP,0.489002,1.48,program_neighbor,12,0.0769,NFIA
Set 1,GLIAL-04,Astrocyte,Glial,48,DEAF1,0.488915,1.52,program_neighbor,141,0.8861,NFIA
Set 1,GLIAL-04,Astrocyte,Glial,49,TENM2,0.488227,1.55,program_neighbor,136,0.1328,SOX9
Set 1,GLIAL-04,Astrocyte,Glial,50,POLR2F,0.488158,1.58,program_neighbor,140,0.8974,NFIA
Set 1,ENDO-01,Endothelial,Vascular,1,FOXS1,0.855903,0.03,program_neighbor,140,1.0000,ETV2
Set 1,ENDO-01,Endothelial,Vascular,2,ESR1,0.697744,0.06,program_neighbor,171,0.7008,ERG
Set 1,ENDO-01,Endothelial,Vascular,3,ARHGAP22,0.696833,0.09,program_neighbor,48,0.1943,ERG
Set 1,ENDO-01,Endothelial,Vascular,4,APLP2,0.688125,0.13,program_neighbor,1,0.0020,ETV2
Set 1,ENDO-01,Endothelial,Vascular,5,CITED4,0.667281,0.16,program_neighbor,1,0.0071,ETV2
Set 1,ENDO-01,Endothelial,Vascular,6,PRDM6,0.665500,0.19,program_neighbor,11,0.0780,ETV2
Set 1,ENDO-01,Endothelial,Vascular,7,GATA2,0.665402,0.22,program_neighbor,140,1.0000,ETV2
Set 1,ENDO-01,Endothelial,Vascular,8,PTPN14,0.638932,0.25,program_neighbor,2,0.0132,ETV2
Set 1,ENDO-01,Endothelial,Vascular,9,SETSIP,0.636537,0.28,program_neighbor,4,0.0184,ERG
Set 1,ENDO-01,Endothelial,Vascular,10,SOX18,0.628844,0.32,program_neighbor,140,0.9790,ETV2
Set 1,ENDO-01,Endothelial,Vascular,11,ZNF304,0.619754,0.35,program_neighbor,140,0.9790,ETV2
Set 1,ENDO-01,Endothelial,Vascular,12,ID4,0.582568,0.38,program_neighbor,9,0.0497,ETV2
Set 1,ENDO-01,Endothelial,Vascular,13,ATOH8,0.570414,0.41,program_neighbor,140,1.0000,ETV2
Set 1,ENDO-01,Endothelial,Vascular,14,FOXC1,0.563579,0.44,program_neighbor,140,0.9524,ETV2
Set 1,ENDO-01,Endothelial,Vascular,15,HAND2,0.546272,0.47,program_neighbor,140,0.7955,ETV2
Set 1,ENDO-01,Endothelial,Vascular,16,EPAS1,0.524947,0.51,program_neighbor,171,0.6895,ERG
Set 1,ENDO-01,Endothelial,Vascular,17,SOX7,0.524922,0.54,program_neighbor,140,1.0000,ETV2
Set 1,ENDO-01,Endothelial,Vascular,18,ID3,0.521586,0.57,program_neighbor,8,0.0440,ETV2
Set 1,ENDO-01,Endothelial,Vascular,19,SVEP1,0.518643,0.60,program_neighbor,1,0.0071,ETV2
Set 1,ENDO-01,Endothelial,Vascular,20,FOXL1,0.518461,0.63,program_neighbor,140,0.9929,ETV2
Set 1,ENDO-01,Endothelial,Vascular,21,KHDRBS3,0.518275,0.66,program_neighbor,11,0.0786,ETV2
Set 1,ENDO-01,Endothelial,Vascular,22,ID2,0.513380,0.69,program_neighbor,5,0.0270,ETV2
Set 1,ENDO-01,Endothelial,Vascular,23,FOXC2,0.510318,0.73,known_cofactor,140,1.0000,ETV2
Set 1,ENDO-01,Endothelial,Vascular,24,FHL5,0.504384,0.76,program_neighbor,140,1.0000,ETV2
Set 1,ENDO-01,Endothelial,Vascular,25,TBX18,0.504080,0.79,program_neighbor,119,0.6959,ERG
Set 1,ENDO-01,Endothelial,Vascular,26,HEY2,0.503164,0.82,program_neighbor,140,1.0000,ETV2
Set 1,ENDO-01,Endothelial,Vascular,27,MEOX2,0.490834,0.85,program_neighbor,140,1.0000,ETV2
Set 1,ENDO-01,Endothelial,Vascular,28,ETS1,0.490448,0.88,program_neighbor,140,0.2504,ETV2
Set 1,ENDO-01,Endothelial,Vascular,29,IL31RA,0.483738,0.92,program_neighbor,83,0.1563,ETV2
Set 1,ENDO-01,Endothelial,Vascular,30,MYC,0.477495,0.95,program_neighbor,140,0.7865,ETV2
Set 1,ENDO-01,Endothelial,Vascular,31,NOTCH1,0.476414,0.98,program_neighbor,140,0.2545,ETV2
Set 1,ENDO-01,Endothelial,Vascular,32,AEBP1,0.470821,1.01,program_neighbor,140,0.7955,ETV2
Set 1,ENDO-01,Endothelial,Vascular,33,WTIP,0.470359,1.04,program_neighbor,140,0.8537,ETV2
Set 1,ENDO-01,Endothelial,Vascular,34,LOXL2,0.466822,1.07,novel_prediction,0,0.0000,
Set 1,ENDO-01,Endothelial,Vascular,35,HOXA9,0.460844,1.11,program_neighbor,140,0.9929,ETV2
Set 1,ENDO-01,Endothelial,Vascular,36,PRMT5,0.457592,1.14,program_neighbor,140,1.0000,ETV2
Set 1,ENDO-01,Endothelial,Vascular,37,HIF3A,0.456924,1.17,program_neighbor,140,0.7368,ETV2
Set 1,ENDO-01,Endothelial,Vascular,38,MN1,0.456554,1.20,program_neighbor,140,0.9655,ETV2
Set 1,ENDO-01,Endothelial,Vascular,39,MYOCD,0.456041,1.23,program_neighbor,77,0.4843,ETV2
Set 1,ENDO-01,Endothelial,Vascular,40,SP100,0.455602,1.26,program_neighbor,2,0.0131,ETV2
Set 1,ENDO-01,Endothelial,Vascular,41,ZNF580,0.455549,1.30,program_neighbor,83,0.1677,ETV2
Set 1,ENDO-01,Endothelial,Vascular,42,ZNF354C,0.455447,1.33,program_neighbor,140,1.0000,ETV2
Set 1,ENDO-01,Endothelial,Vascular,43,HEYL,0.451532,1.36,program_neighbor,140,1.0000,ETV2
Set 1,ENDO-01,Endothelial,Vascular,44,LTF,0.451067,1.39,program_neighbor,83,0.1563,ETV2
Set 1,ENDO-01,Endothelial,Vascular,45,SOX17,0.449280,1.42,known_cofactor,140,1.0000,ETV2
Set 1,ENDO-01,Endothelial,Vascular,46,HOXC12,0.449247,1.45,program_neighbor,10,0.0709,ETV2
Set 1,ENDO-01,Endothelial,Vascular,47,MEOX1,0.448691,1.48,program_neighbor,140,1.0000,ETV2
Set 1,ENDO-01,Endothelial,Vascular,48,FOXD2,0.448652,1.52,program_neighbor,140,0.9722,ETV2
Set 1,ENDO-01,Endothelial,Vascular,49,JUP,0.447324,1.55,novel_prediction,0,0.0000,
Set 1,ENDO-01,Endothelial,Vascular,50,E2F7,0.447322,1.58,program_neighbor,171,1.0000,ERG
Set 1,ENDO-02,Endothelial,Vascular,1,FOXS1,0.855903,0.03,program_neighbor,140,1.0000,ETV2
Set 1,ENDO-02,Endothelial,Vascular,2,ESR1,0.697744,0.06,program_neighbor,171,0.7008,ERG
Set 1,ENDO-02,Endothelial,Vascular,3,ARHGAP22,0.696833,0.09,program_neighbor,48,0.1943,ERG
Set 1,ENDO-02,Endothelial,Vascular,4,APLP2,0.688125,0.13,program_neighbor,1,0.0020,ETV2
Set 1,ENDO-02,Endothelial,Vascular,5,CITED4,0.667281,0.16,program_neighbor,1,0.0071,ETV2
Set 1,ENDO-02,Endothelial,Vascular,6,PRDM6,0.665500,0.19,program_neighbor,11,0.0780,ETV2
Set 1,ENDO-02,Endothelial,Vascular,7,GATA2,0.665402,0.22,program_neighbor,140,1.0000,ETV2
Set 1,ENDO-02,Endothelial,Vascular,8,PTPN14,0.638932,0.25,program_neighbor,2,0.0132,ETV2
Set 1,ENDO-02,Endothelial,Vascular,9,SETSIP,0.636537,0.28,program_neighbor,4,0.0184,ERG
Set 1,ENDO-02,Endothelial,Vascular,10,SOX18,0.628844,0.32,program_neighbor,140,0.9790,ETV2
Set 1,ENDO-02,Endothelial,Vascular,11,ZNF304,0.619754,0.35,program_neighbor,140,0.9790,ETV2
Set 1,ENDO-02,Endothelial,Vascular,12,ID4,0.582568,0.38,program_neighbor,9,0.0497,ETV2
Set 1,ENDO-02,Endothelial,Vascular,13,ATOH8,0.570414,0.41,program_neighbor,140,1.0000,ETV2
Set 1,ENDO-02,Endothelial,Vascular,14,FOXC1,0.563579,0.44,program_neighbor,140,0.9524,ETV2
Set 1,ENDO-02,Endothelial,Vascular,15,HAND2,0.546272,0.47,program_neighbor,140,0.7955,ETV2
Set 1,ENDO-02,Endothelial,Vascular,16,EPAS1,0.524947,0.51,program_neighbor,171,0.6895,ERG
Set 1,ENDO-02,Endothelial,Vascular,17,SOX7,0.524922,0.54,program_neighbor,140,1.0000,ETV2
Set 1,ENDO-02,Endothelial,Vascular,18,ID3,0.521586,0.57,program_neighbor,8,0.0440,ETV2
Set 1,ENDO-02,Endothelial,Vascular,19,SVEP1,0.518643,0.60,program_neighbor,1,0.0071,ETV2
Set 1,ENDO-02,Endothelial,Vascular,20,FOXL1,0.518461,0.63,program_neighbor,140,0.9929,ETV2
Set 1,ENDO-02,Endothelial,Vascular,21,KHDRBS3,0.518275,0.66,program_neighbor,11,0.0786,ETV2
Set 1,ENDO-02,Endothelial,Vascular,22,ID2,0.513380,0.69,program_neighbor,5,0.0270,ETV2
Set 1,ENDO-02,Endothelial,Vascular,23,FOXC2,0.510318,0.73,known_cofactor,140,1.0000,ETV2
Set 1,ENDO-02,Endothelial,Vascular,24,FHL5,0.504384,0.76,program_neighbor,140,1.0000,ETV2
Set 1,ENDO-02,Endothelial,Vascular,25,TBX18,0.504080,0.79,program_neighbor,119,0.6959,ERG
Set 1,ENDO-02,Endothelial,Vascular,26,HEY2,0.503164,0.82,program_neighbor,140,1.0000,ETV2
Set 1,ENDO-02,Endothelial,Vascular,27,MEOX2,0.490834,0.85,program_neighbor,140,1.0000,ETV2
Set 1,ENDO-02,Endothelial,Vascular,28,ETS1,0.490448,0.88,program_neighbor,140,0.2504,ETV2
Set 1,ENDO-02,Endothelial,Vascular,29,IL31RA,0.483738,0.92,program_neighbor,83,0.1563,ETV2
Set 1,ENDO-02,Endothelial,Vascular,30,MYC,0.477495,0.95,program_neighbor,140,0.7865,ETV2
Set 1,ENDO-02,Endothelial,Vascular,31,NOTCH1,0.476414,0.98,program_neighbor,140,0.2545,ETV2
Set 1,ENDO-02,Endothelial,Vascular,32,AEBP1,0.470821,1.01,program_neighbor,140,0.7955,ETV2
Set 1,ENDO-02,Endothelial,Vascular,33,WTIP,0.470359,1.04,program_neighbor,140,0.8537,ETV2
Set 1,ENDO-02,Endothelial,Vascular,34,LOXL2,0.466822,1.07,novel_prediction,0,0.0000,
Set 1,ENDO-02,Endothelial,Vascular,35,HOXA9,0.460844,1.11,program_neighbor,140,0.9929,ETV2
Set 1,ENDO-02,Endothelial,Vascular,36,PRMT5,0.457592,1.14,program_neighbor,140,1.0000,ETV2
Set 1,ENDO-02,Endothelial,Vascular,37,HIF3A,0.456924,1.17,program_neighbor,140,0.7368,ETV2
Set 1,ENDO-02,Endothelial,Vascular,38,MN1,0.456554,1.20,program_neighbor,140,0.9655,ETV2
Set 1,ENDO-02,Endothelial,Vascular,39,MYOCD,0.456041,1.23,program_neighbor,77,0.4843,ETV2
Set 1,ENDO-02,Endothelial,Vascular,40,SP100,0.455602,1.26,program_neighbor,2,0.0131,ETV2
Set 1,ENDO-02,Endothelial,Vascular,41,ZNF580,0.455549,1.30,program_neighbor,83,0.1677,ETV2
Set 1,ENDO-02,Endothelial,Vascular,42,ZNF354C,0.455447,1.33,program_neighbor,140,1.0000,ETV2
Set 1,ENDO-02,Endothelial,Vascular,43,HEYL,0.451532,1.36,program_neighbor,140,1.0000,ETV2
Set 1,ENDO-02,Endothelial,Vascular,44,LTF,0.451067,1.39,program_neighbor,83,0.1563,ETV2
Set 1,ENDO-02,Endothelial,Vascular,45,SOX17,0.449280,1.42,known_cofactor,140,1.0000,ETV2
Set 1,ENDO-02,Endothelial,Vascular,46,HOXC12,0.449247,1.45,program_neighbor,10,0.0709,ETV2
Set 1,ENDO-02,Endothelial,Vascular,47,MEOX1,0.448691,1.48,program_neighbor,140,1.0000,ETV2
Set 1,ENDO-02,Endothelial,Vascular,48,FOXD2,0.448652,1.52,program_neighbor,140,0.9722,ETV2
Set 1,ENDO-02,Endothelial,Vascular,49,JUP,0.447324,1.55,novel_prediction,0,0.0000,
Set 1,ENDO-02,Endothelial,Vascular,50,E2F7,0.447322,1.58,program_neighbor,171,1.0000,ERG
Set 1,ENDO-03,Microvascular endothelial,Vascular,1,FOXS1,0.845502,0.03,program_neighbor,140,1.0000,SOX17
Set 1,ENDO-03,Microvascular endothelial,Vascular,2,ARHGAP22,0.711842,0.06,program_neighbor,123,0.2590,TCF7L1
Set 1,ENDO-03,Microvascular endothelial,Vascular,3,ESR1,0.699207,0.09,program_neighbor,244,0.7440,TCF7L1
Set 1,ENDO-03,Microvascular endothelial,Vascular,4,APLP2,0.693508,0.13,program_neighbor,370,0.6532,IRF1
Set 1,ENDO-03,Microvascular endothelial,Vascular,5,GATA2,0.655002,0.16,program_neighbor,140,1.0000,SOX17
Set 1,ENDO-03,Microvascular endothelial,Vascular,6,PTPN14,0.642105,0.19,program_neighbor,2,0.0132,SOX17
Set 1,ENDO-03,Microvascular endothelial,Vascular,7,SETSIP,0.639974,0.22,program_neighbor,13,0.0211,TCF7L1
Set 1,ENDO-03,Microvascular endothelial,Vascular,8,CITED4,0.626989,0.25,program_neighbor,1,0.0071,SOX17
Set 1,ENDO-03,Microvascular endothelial,Vascular,9,PRDM6,0.624779,0.28,program_neighbor,12,0.0851,TAL1
Set 1,ENDO-03,Microvascular endothelial,Vascular,10,SOX18,0.618657,0.32,program_neighbor,140,0.9790,SOX17
Set 1,ENDO-03,Microvascular endothelial,Vascular,11,ZNF304,0.614027,0.35,program_neighbor,142,0.9790,SOX17
Set 1,ENDO-03,Microvascular endothelial,Vascular,12,ID4,0.588647,0.38,program_neighbor,25,0.0497,SOX17
Set 1,ENDO-03,Microvascular endothelial,Vascular,13,ATOH8,0.560013,0.41,program_neighbor,140,1.0000,SOX17
Set 1,ENDO-03,Microvascular endothelial,Vascular,14,FOXC1,0.555816,0.44,program_neighbor,146,0.9592,TAL1
Set 1,ENDO-03,Microvascular endothelial,Vascular,15,HAND2,0.541118,0.47,program_neighbor,176,0.7955,SOX17
Set 1,ENDO-03,Microvascular endothelial,Vascular,16,SVEP1,0.530257,0.51,program_neighbor,2,0.0071,SOX17
Set 1,ENDO-03,Microvascular endothelial,Vascular,17,EPAS1,0.526403,0.54,program_neighbor,244,0.7323,TCF7L1
Set 1,ENDO-03,Microvascular endothelial,Vascular,18,ID3,0.520130,0.57,program_neighbor,20,0.0440,SOX17
Set 1,ENDO-03,Microvascular endothelial,Vascular,19,SOX7,0.514522,0.60,program_neighbor,140,1.0000,SOX17
Set 1,ENDO-03,Microvascular endothelial,Vascular,20,FOXL1,0.512364,0.63,program_neighbor,141,0.9929,SOX17
Set 1,ENDO-03,Microvascular endothelial,Vascular,21,ID2,0.511135,0.66,program_neighbor,14,0.0270,SOX17
Set 1,ENDO-03,Microvascular endothelial,Vascular,22,TBX18,0.502365,0.69,program_neighbor,119,0.6198,TCF7L1
Set 1,ENDO-03,Microvascular endothelial,Vascular,23,FOXC2,0.499918,0.73,known_cofactor,140,1.0000,SOX17
Set 1,ENDO-03,Microvascular endothelial,Vascular,24,FHL5,0.493984,0.76,program_neighbor,140,1.0000,SOX17
Set 1,ENDO-03,Microvascular endothelial,Vascular,25,HEY2,0.492764,0.79,program_neighbor,140,1.0000,SOX17
Set 1,ENDO-03,Microvascular endothelial,Vascular,26,KHDRBS3,0.492689,0.82,program_neighbor,11,0.0786,SOX17
Set 1,ENDO-03,Microvascular endothelial,Vascular,27,ETS1,0.491169,0.85,program_neighbor,496,0.8319,IRF1
Set 1,ENDO-03,Microvascular endothelial,Vascular,28,IL31RA,0.490349,0.88,program_neighbor,474,0.8927,IRF1
Set 1,ENDO-03,Microvascular endothelial,Vascular,29,MEOX2,0.480434,0.92,program_neighbor,140,1.0000,SOX17
Set 1,ENDO-03,Microvascular endothelial,Vascular,30,MYC,0.475076,0.95,program_neighbor,178,0.7865,SOX17
Set 1,ENDO-03,Microvascular endothelial,Vascular,31,NOTCH1,0.473074,0.98,program_neighbor,500,0.8542,IRF1
Set 1,ENDO-03,Microvascular endothelial,Vascular,32,WTIP,0.465673,1.01,program_neighbor,141,0.8537,SOX17
Set 1,ENDO-03,Microvascular endothelial,Vascular,33,AEBP1,0.465667,1.04,program_neighbor,176,0.7955,SOX17
Set 1,ENDO-03,Microvascular endothelial,Vascular,34,ZNF580,0.460573,1.07,program_neighbor,438,0.8249,IRF1
Set 1,ENDO-03,Microvascular endothelial,Vascular,35,SP100,0.459593,1.11,program_neighbor,2,0.0131,SOX17
Set 1,ENDO-03,Microvascular endothelial,Vascular,36,LTF,0.457677,1.14,program_neighbor,474,0.8927,IRF1
Set 1,ENDO-03,Microvascular endothelial,Vascular,37,SMAD5,0.455176,1.17,program_neighbor,280,0.6407,TCF7L1
Set 1,ENDO-03,Microvascular endothelial,Vascular,38,HOXA9,0.453424,1.20,program_neighbor,141,0.9929,SOX17
Set 1,ENDO-03,Microvascular endothelial,Vascular,39,MYOCD,0.452921,1.23,program_neighbor,96,0.4843,SOX17
Set 1,ENDO-03,Microvascular endothelial,Vascular,40,HIF3A,0.452537,1.26,program_neighbor,176,0.7368,SOX17
Set 1,ENDO-03,Microvascular endothelial,Vascular,41,JUP,0.451819,1.30,program_neighbor,356,0.6396,IRF1
Set 1,ENDO-03,Microvascular endothelial,Vascular,42,ANKRD1,0.450405,1.33,program_neighbor,19,0.0252,SMAD1
Set 1,ENDO-03,Microvascular endothelial,Vascular,43,ZNF354C,0.449324,1.36,program_neighbor,140,1.0000,SOX17
Set 1,ENDO-03,Microvascular endothelial,Vascular,44,MN1,0.448655,1.39,program_neighbor,142,0.9724,TAL1
Set 1,ENDO-03,Microvascular endothelial,Vascular,45,JAK2,0.447959,1.42,program_neighbor,586,0.8661,SMAD1
Set 1,ENDO-03,Microvascular endothelial,Vascular,46,PRMT5,0.447192,1.45,program_neighbor,140,1.0000,SOX17
Set 1,ENDO-03,Microvascular endothelial,Vascular,47,PRRX2,0.444454,1.48,program_neighbor,140,1.0000,SOX17
Set 1,ENDO-03,Microvascular endothelial,Vascular,48,HEYL,0.441132,1.52,program_neighbor,140,1.0000,SOX17
Set 1,ENDO-03,Microvascular endothelial,Vascular,49,AGER,0.440142,1.55,program_neighbor,440,0.8055,IRF1
Set 1,ENDO-03,Microvascular endothelial,Vascular,50,SOX17,0.438880,1.58,known_factor,140,1.0000,SOX17
Set 1,KERATO-01,Keratinocyte,Epithelial,1,PKP1,0.824569,0.03,program_neighbor,513,0.5747,REL
Set 1,KERATO-01,Keratinocyte,Epithelial,2,SP8,0.820884,0.06,program_neighbor,11,0.8333,FOXQ1
Set 1,KERATO-01,Keratinocyte,Epithelial,3,GRHL3,0.808597,0.09,program_neighbor,164,0.8537,MAFB
Set 1,KERATO-01,Keratinocyte,Epithelial,4,IRF6,0.792485,0.13,program_neighbor,495,0.9980,REL
Set 1,KERATO-01,Keratinocyte,Epithelial,5,ZNF750,0.772385,0.16,program_neighbor,1,0.0385,CDH1
Set 1,KERATO-01,Keratinocyte,Epithelial,6,EN1,0.754200,0.19,program_neighbor,82,0.2982,MAFB
Set 1,KERATO-01,Keratinocyte,Epithelial,7,BARX2,0.735398,0.22,program_neighbor,164,0.8537,MAFB
Set 1,KERATO-01,Keratinocyte,Epithelial,8,ETV4,0.706648,0.25,program_neighbor,1,0.0071,MAFB
Set 1,KERATO-01,Keratinocyte,Epithelial,9,HOXC13,0.697425,0.28,program_neighbor,140,0.9929,MAFB
Set 1,KERATO-01,Keratinocyte,Epithelial,10,ELF5,0.697058,0.32,program_neighbor,140,1.0000,MAFB
Set 1,KERATO-01,Keratinocyte,Epithelial,11,POU2F3,0.668688,0.35,program_neighbor,140,1.0000,MAFB
Set 1,KERATO-01,Keratinocyte,Epithelial,12,RECQL4,0.649529,0.38,program_neighbor,28,0.1154,MAFB
Set 1,KERATO-01,Keratinocyte,Epithelial,13,BARX1,0.641382,0.41,program_neighbor,140,1.0000,MAFB
Set 1,KERATO-01,Keratinocyte,Epithelial,14,UBTFL1,0.640680,0.44,program_neighbor,1,0.0400,CDH1
Set 1,KERATO-01,Keratinocyte,Epithelial,15,BNC2,0.638389,0.47,program_neighbor,140,0.9859,MAFB
Set 1,KERATO-01,Keratinocyte,Epithelial,16,ZIC5,0.638123,0.51,program_neighbor,141,0.9929,MAFB
Set 1,KERATO-01,Keratinocyte,Epithelial,17,GRHL1,0.637532,0.54,program_neighbor,141,0.9929,MAFB
Set 1,KERATO-01,Keratinocyte,Epithelial,18,SP9,0.633444,0.57,program_neighbor,13,0.0231,SOX9
Set 1,KERATO-01,Keratinocyte,Epithelial,19,TBX6,0.628148,0.60,program_neighbor,18,0.0280,REL
Set 1,KERATO-01,Keratinocyte,Epithelial,20,KLF4,0.626142,0.63,known_cofactor,186,0.7368,MAFB
Set 1,KERATO-01,Keratinocyte,Epithelial,21,TCF7L1,0.621768,0.66,program_neighbor,190,0.7292,MAFB
Set 1,KERATO-01,Keratinocyte,Epithelial,22,CTNND1,0.611065,0.69,program_neighbor,356,0.7177,REL
Set 1,KERATO-01,Keratinocyte,Epithelial,23,ZBED2,0.611016,0.73,program_neighbor,20,0.0383,MAFB
Set 1,KERATO-01,Keratinocyte,Epithelial,24,KLF9,0.606821,0.76,program_neighbor,140,1.0000,MAFB
Set 1,KERATO-01,Keratinocyte,Epithelial,25,TP63,0.605810,0.79,program_neighbor,176,0.7955,MAFB
Set 1,KERATO-01,Keratinocyte,Epithelial,26,BNC1,0.593220,0.82,program_neighbor,78,0.5385,MAFB
Set 1,KERATO-01,Keratinocyte,Epithelial,27,ASCL4,0.591265,0.85,program_neighbor,15,0.0206,REL
Set 1,KERATO-01,Keratinocyte,Epithelial,28,PPHLN1,0.577921,0.88,program_neighbor,1,0.0400,CDH1
Set 1,KERATO-01,Keratinocyte,Epithelial,29,ALX4,0.576882,0.92,program_neighbor,172,0.7910,MAFB
Set 1,KERATO-01,Keratinocyte,Epithelial,30,SRSF6,0.571687,0.95,novel_prediction,0,0.0000,
Set 1,KERATO-01,Keratinocyte,Epithelial,31,HOXC12,0.565388,0.98,program_neighbor,10,0.9091,FOXQ1
Set 1,KERATO-01,Keratinocyte,Epithelial,32,JUP,0.548136,1.01,program_neighbor,379,0.6859,REL
Set 1,KERATO-01,Keratinocyte,Epithelial,33,OVOL2,0.541266,1.04,program_neighbor,140,1.0000,MAFB
Set 1,KERATO-01,Keratinocyte,Epithelial,34,PPP1R13L,0.539931,1.07,program_neighbor,140,0.4531,SOX9
Set 1,KERATO-01,Keratinocyte,Epithelial,35,GRHL2,0.529492,1.11,program_neighbor,496,0.9960,REL
Set 1,KERATO-01,Keratinocyte,Epithelial,36,IRX4,0.520984,1.14,program_neighbor,10,0.8333,FOXQ1
Set 1,KERATO-01,Keratinocyte,Epithelial,37,FOXN1,0.511735,1.17,program_neighbor,440,0.8871,REL
Set 1,KERATO-01,Keratinocyte,Epithelial,38,IRX2,0.505111,1.20,novel_prediction,0,0.0000,
Set 1,KERATO-01,Keratinocyte,Epithelial,39,POU3F1,0.504495,1.23,program_neighbor,140,0.9929,MAFB
Set 1,KERATO-01,Keratinocyte,Epithelial,40,WNT4,0.498701,1.26,program_neighbor,10,1.0000,FOXQ1
Set 1,KERATO-01,Keratinocyte,Epithelial,41,FOXQ1,0.489401,1.30,known_factor,10,1.0000,FOXQ1
Set 1,KERATO-01,Keratinocyte,Epithelial,42,TWIST2,0.476025,1.33,program_neighbor,176,0.7955,MAFB
Set 1,KERATO-01,Keratinocyte,Epithelial,43,DLX3,0.474877,1.36,program_neighbor,140,1.0000,MAFB
Set 1,KERATO-01,Keratinocyte,Epithelial,44,GATA3,0.473941,1.39,program_neighbor,599,0.8250,REL
Set 1,KERATO-01,Keratinocyte,Epithelial,45,CITED1,0.472012,1.42,program_neighbor,176,0.7955,MAFB
Set 1,KERATO-01,Keratinocyte,Epithelial,46,OTX1,0.470531,1.45,program_neighbor,1,0.0400,CDH1
Set 1,KERATO-01,Keratinocyte,Epithelial,47,SRY,0.469619,1.48,program_neighbor,208,0.6624,SOX9
Set 1,KERATO-01,Keratinocyte,Epithelial,48,BCL11B,0.467986,1.52,program_neighbor,177,0.7821,MAFB
Set 1,KERATO-01,Keratinocyte,Epithelial,49,MYCL,0.466683,1.55,program_neighbor,140,1.0000,MAFB
Set 1,KERATO-01,Keratinocyte,Epithelial,50,TFAP2A,0.463373,1.58,program_neighbor,176,0.7955,MAFB
Set 1,ADIPO-01,Brown adipocyte,Mesenchymal,1,THRSP,0.757857,0.03,program_neighbor,16,0.0278,PPARG
Set 1,ADIPO-01,Brown adipocyte,Mesenchymal,2,LEP,0.745158,0.06,program_neighbor,16,0.0262,PPARG
Set 1,ADIPO-01,Brown adipocyte,Mesenchymal,3,CIDEA,0.682130,0.09,program_neighbor,16,0.0262,PPARG
Set 1,ADIPO-01,Brown adipocyte,Mesenchymal,4,CIDEC,0.652444,0.13,novel_prediction,0,0.0000,
Set 1,ADIPO-01,Brown adipocyte,Mesenchymal,5,MEOX1,0.603999,0.16,program_neighbor,140,0.2828,CEBPB
Set 1,ADIPO-01,Brown adipocyte,Mesenchymal,6,PPARG,0.596190,0.19,known_factor,575,1.0000,PPARG
Set 1,ADIPO-01,Brown adipocyte,Mesenchymal,7,EBF2,0.594094,0.22,program_neighbor,140,0.2828,CEBPB
Set 1,ADIPO-01,Brown adipocyte,Mesenchymal,8,MEOX2,0.586314,0.25,program_neighbor,140,0.2828,CEBPB
Set 1,ADIPO-01,Brown adipocyte,Mesenchymal,9,CEBPA,0.580616,0.28,known_cofactor,140,0.2828,CEBPB
Set 1,ADIPO-01,Brown adipocyte,Mesenchymal,10,TCF15,0.565552,0.32,program_neighbor,141,0.2823,CEBPB
Set 1,ADIPO-01,Brown adipocyte,Mesenchymal,11,SOX17,0.557537,0.35,program_neighbor,140,0.2828,CEBPB
Set 1,ADIPO-01,Brown adipocyte,Mesenchymal,12,KLF14,0.552235,0.38,program_neighbor,11,0.0222,CEBPB
Set 1,ADIPO-01,Brown adipocyte,Mesenchymal,13,NOTCH4,0.543869,0.41,program_neighbor,21,0.0346,PPARG
Set 1,ADIPO-01,Brown adipocyte,Mesenchymal,14,EBF1,0.533088,0.44,program_neighbor,140,0.2828,CEBPB
Set 1,ADIPO-01,Brown adipocyte,Mesenchymal,15,BARX1,0.531812,0.47,program_neighbor,140,0.2828,CEBPB
Set 1,ADIPO-01,Brown adipocyte,Mesenchymal,16,NOCT,0.529696,0.51,program_neighbor,13,0.0213,PPARG
Set 1,ADIPO-01,Brown adipocyte,Mesenchymal,17,SHOX2,0.522608,0.54,program_neighbor,11,0.0625,PRDM16
Set 1,ADIPO-01,Brown adipocyte,Mesenchymal,18,NR5A2,0.518677,0.57,program_neighbor,141,0.2823,CEBPB
Set 1,ADIPO-01,Brown adipocyte,Mesenchymal,19,SIX2,0.514024,0.60,program_neighbor,195,0.3391,PPARG
Set 1,ADIPO-01,Brown adipocyte,Mesenchymal,20,DMRT3,0.513829,0.63,program_neighbor,14,0.0243,PPARG
Set 1,ADIPO-01,Brown adipocyte,Mesenchymal,21,NR2F2,0.511852,0.66,program_neighbor,140,0.2828,CEBPB
Set 1,ADIPO-01,Brown adipocyte,Mesenchymal,22,IRX6,0.511381,0.69,program_neighbor,23,0.0382,PPARG
Set 1,ADIPO-01,Brown adipocyte,Mesenchymal,23,ASAH1,0.510145,0.73,program_neighbor,16,0.0278,PPARG
Set 1,ADIPO-01,Brown adipocyte,Mesenchymal,24,FOSB,0.506095,0.76,program_neighbor,140,0.2828,CEBPB
Set 1,ADIPO-01,Brown adipocyte,Mesenchymal,25,ALB,0.504620,0.79,program_neighbor,4,0.0081,CEBPB
Set 1,ADIPO-01,Brown adipocyte,Mesenchymal,26,NR4A3,0.504426,0.82,program_neighbor,3,0.0500,PRDM16
Set 1,ADIPO-01,Brown adipocyte,Mesenchymal,27,NR1H3,0.503815,0.85,program_neighbor,155,0.2734,CEBPB
Set 1,ADIPO-01,Brown adipocyte,Mesenchymal,28,MLXIPL,0.500028,0.88,program_neighbor,141,0.2817,CEBPB
Set 1,ADIPO-01,Brown adipocyte,Mesenchymal,29,SOX7,0.496832,0.92,program_neighbor,140,0.2828,CEBPB
Set 1,ADIPO-01,Brown adipocyte,Mesenchymal,30,BNC1,0.496207,0.95,program_neighbor,78,0.1569,CEBPB
Set 1,ADIPO-01,Brown adipocyte,Mesenchymal,31,LOXL2,0.495923,0.98,program_neighbor,1,0.3333,PRDM16
Set 1,ADIPO-01,Brown adipocyte,Mesenchymal,32,FSTL3,0.493683,1.01,program_neighbor,3,0.0061,CEBPB
Set 1,ADIPO-01,Brown adipocyte,Mesenchymal,33,ZFP36,0.488442,1.04,program_neighbor,4,0.0070,PPARG
Set 1,ADIPO-01,Brown adipocyte,Mesenchymal,34,IRX4,0.487021,1.07,program_neighbor,12,0.0714,PRDM16
Set 1,ADIPO-01,Brown adipocyte,Mesenchymal,35,MSX1,0.486250,1.11,novel_prediction,0,0.0000,
Set 1,ADIPO-01,Brown adipocyte,Mesenchymal,36,BCL6B,0.485038,1.14,novel_prediction,0,0.0000,
Set 1,ADIPO-01,Brown adipocyte,Mesenchymal,37,MAFB,0.480323,1.17,program_neighbor,140,0.2828,CEBPB
Set 1,ADIPO-01,Brown adipocyte,Mesenchymal,38,EBF3,0.479135,1.20,program_neighbor,14,0.0244,CEBPB
Set 1,ADIPO-01,Brown adipocyte,Mesenchymal,39,TAL1,0.477356,1.23,program_neighbor,141,0.2823,CEBPB
Set 1,ADIPO-01,Brown adipocyte,Mesenchymal,40,TWIST2,0.475309,1.26,program_neighbor,140,0.2637,CEBPB
Set 1,ADIPO-01,Brown adipocyte,Mesenchymal,41,FHL5,0.474512,1.30,program_neighbor,140,0.2828,CEBPB
Set 1,ADIPO-01,Brown adipocyte,Mesenchymal,42,SIM1,0.473278,1.33,program_neighbor,141,0.2823,CEBPB
Set 1,ADIPO-01,Brown adipocyte,Mesenchymal,43,DTX1,0.471249,1.36,program_neighbor,144,0.2617,CEBPB
Set 1,ADIPO-01,Brown adipocyte,Mesenchymal,44,AIFM2,0.470625,1.39,program_neighbor,13,0.0213,PPARG
Set 1,ADIPO-01,Brown adipocyte,Mesenchymal,45,ZNF366,0.469904,1.42,program_neighbor,140,0.2828,CEBPB
Set 1,ADIPO-01,Brown adipocyte,Mesenchymal,46,PRDM16,0.469707,1.45,known_factor,3,1.0000,PRDM16
Set 1,ADIPO-01,Brown adipocyte,Mesenchymal,47,FLI1,0.469211,1.48,program_neighbor,140,0.2828,CEBPB
Set 1,ADIPO-01,Brown adipocyte,Mesenchymal,48,NOTCH3,0.467584,1.52,program_neighbor,7,0.0122,PPARG
Set 1,ADIPO-01,Brown adipocyte,Mesenchymal,49,EGR1,0.466948,1.55,program_neighbor,142,0.2817,CEBPB
Set 1,ADIPO-01,Brown adipocyte,Mesenchymal,50,SNAI1,0.465774,1.58,program_neighbor,140,0.2828,CEBPB
Set 1,ADIPO-02,White adipocyte,Mesenchymal,1,THRSP,0.757857,0.03,program_neighbor,16,0.0278,PPARG
Set 1,ADIPO-02,White adipocyte,Mesenchymal,2,LEP,0.745158,0.06,program_neighbor,16,0.0262,PPARG
Set 1,ADIPO-02,White adipocyte,Mesenchymal,3,CIDEA,0.682130,0.09,program_neighbor,16,0.0262,PPARG
Set 1,ADIPO-02,White adipocyte,Mesenchymal,4,CIDEC,0.652444,0.13,novel_prediction,0,0.0000,
Set 1,ADIPO-02,White adipocyte,Mesenchymal,5,MEOX1,0.603999,0.16,program_neighbor,140,1.0000,CEBPA
Set 1,ADIPO-02,White adipocyte,Mesenchymal,6,PPARG,0.596190,0.19,known_factor,575,1.0000,PPARG
Set 1,ADIPO-02,White adipocyte,Mesenchymal,7,EBF2,0.594094,0.22,program_neighbor,140,1.0000,CEBPA
Set 1,ADIPO-02,White adipocyte,Mesenchymal,8,MEOX2,0.586314,0.25,program_neighbor,140,1.0000,CEBPA
Set 1,ADIPO-02,White adipocyte,Mesenchymal,9,CEBPA,0.580616,0.28,known_factor,140,1.0000,CEBPA
Set 1,ADIPO-02,White adipocyte,Mesenchymal,10,TCF15,0.565552,0.32,program_neighbor,141,0.9929,CEBPA
Set 1,ADIPO-02,White adipocyte,Mesenchymal,11,SOX17,0.557537,0.35,program_neighbor,140,1.0000,CEBPA
Set 1,ADIPO-02,White adipocyte,Mesenchymal,12,KLF14,0.552235,0.38,program_neighbor,11,0.0786,CEBPA
Set 1,ADIPO-02,White adipocyte,Mesenchymal,13,NOTCH4,0.543869,0.41,program_neighbor,21,0.0722,CEBPA
Set 1,ADIPO-02,White adipocyte,Mesenchymal,14,EBF1,0.533088,0.44,program_neighbor,140,1.0000,CEBPA
Set 1,ADIPO-02,White adipocyte,Mesenchymal,15,BARX1,0.531812,0.47,program_neighbor,140,1.0000,CEBPA
Set 1,ADIPO-02,White adipocyte,Mesenchymal,16,NOCT,0.529696,0.51,program_neighbor,13,0.0213,PPARG
Set 1,ADIPO-02,White adipocyte,Mesenchymal,17,SHOX2,0.522608,0.54,program_neighbor,11,0.0694,CEBPA
Set 1,ADIPO-02,White adipocyte,Mesenchymal,18,NR5A2,0.518677,0.57,program_neighbor,141,0.9929,CEBPA
Set 1,ADIPO-02,White adipocyte,Mesenchymal,19,SIX2,0.514024,0.60,program_neighbor,195,0.7179,CEBPA
Set 1,ADIPO-02,White adipocyte,Mesenchymal,20,DMRT3,0.513829,0.63,program_neighbor,14,0.0476,CEBPA
Set 1,ADIPO-02,White adipocyte,Mesenchymal,21,NR2F2,0.511852,0.66,program_neighbor,140,1.0000,CEBPA
Set 1,ADIPO-02,White adipocyte,Mesenchymal,22,IRX6,0.511381,0.69,program_neighbor,23,0.0382,PPARG
Set 1,ADIPO-02,White adipocyte,Mesenchymal,23,ASAH1,0.510145,0.73,program_neighbor,16,0.0278,PPARG
Set 1,ADIPO-02,White adipocyte,Mesenchymal,24,FOSB,0.506095,0.76,program_neighbor,140,1.0000,CEBPA
Set 1,ADIPO-02,White adipocyte,Mesenchymal,25,ALB,0.504620,0.79,program_neighbor,4,0.0286,CEBPA
Set 1,ADIPO-02,White adipocyte,Mesenchymal,26,NR4A3,0.504426,0.82,program_neighbor,3,0.0056,CEBPA
Set 1,ADIPO-02,White adipocyte,Mesenchymal,27,NR1H3,0.503815,0.85,program_neighbor,155,0.8917,CEBPA
Set 1,ADIPO-02,White adipocyte,Mesenchymal,28,MLXIPL,0.500028,0.88,program_neighbor,141,0.9859,CEBPA
Set 1,ADIPO-02,White adipocyte,Mesenchymal,29,SOX7,0.496832,0.92,program_neighbor,140,1.0000,CEBPA
Set 1,ADIPO-02,White adipocyte,Mesenchymal,30,BNC1,0.496207,0.95,program_neighbor,78,0.5385,CEBPA
Set 1,ADIPO-02,White adipocyte,Mesenchymal,31,LOXL2,0.495923,0.98,program_neighbor,1,0.0017,PPARG
Set 1,ADIPO-02,White adipocyte,Mesenchymal,32,FSTL3,0.493683,1.01,program_neighbor,3,0.0214,CEBPA
Set 1,ADIPO-02,White adipocyte,Mesenchymal,33,ZFP36,0.488442,1.04,program_neighbor,4,0.0070,PPARG
Set 1,ADIPO-02,White adipocyte,Mesenchymal,34,IRX4,0.487021,1.07,program_neighbor,12,0.0704,CEBPA
Set 1,ADIPO-02,White adipocyte,Mesenchymal,35,MSX1,0.486250,1.11,novel_prediction,0,0.0000,
Set 1,ADIPO-02,White adipocyte,Mesenchymal,36,BCL6B,0.485038,1.14,novel_prediction,0,0.0000,
Set 1,ADIPO-02,White adipocyte,Mesenchymal,37,MAFB,0.480323,1.17,program_neighbor,140,1.0000,CEBPA
Set 1,ADIPO-02,White adipocyte,Mesenchymal,38,EBF3,0.479135,1.20,program_neighbor,14,0.0229,PPARG
Set 1,ADIPO-02,White adipocyte,Mesenchymal,39,TAL1,0.477356,1.23,program_neighbor,141,0.9929,CEBPA
Set 1,ADIPO-02,White adipocyte,Mesenchymal,40,TWIST2,0.475309,1.26,program_neighbor,140,0.7955,CEBPA
Set 1,ADIPO-02,White adipocyte,Mesenchymal,41,FHL5,0.474512,1.30,program_neighbor,140,1.0000,CEBPA
Set 1,ADIPO-02,White adipocyte,Mesenchymal,42,SIM1,0.473278,1.33,program_neighbor,141,0.9929,CEBPA
Set 1,ADIPO-02,White adipocyte,Mesenchymal,43,DTX1,0.471249,1.36,program_neighbor,144,0.7778,CEBPA
Set 1,ADIPO-02,White adipocyte,Mesenchymal,44,AIFM2,0.470625,1.39,program_neighbor,13,0.0213,PPARG
Set 1,ADIPO-02,White adipocyte,Mesenchymal,45,ZNF366,0.469904,1.42,program_neighbor,140,1.0000,CEBPA
Set 1,ADIPO-02,White adipocyte,Mesenchymal,46,PRDM16,0.469707,1.45,known_cofactor,3,0.0052,PPARG
Set 1,ADIPO-02,White adipocyte,Mesenchymal,47,FLI1,0.469211,1.48,program_neighbor,140,1.0000,CEBPA
Set 1,ADIPO-02,White adipocyte,Mesenchymal,48,NOTCH3,0.467584,1.52,program_neighbor,7,0.0208,CEBPA
Set 1,ADIPO-02,White adipocyte,Mesenchymal,49,EGR1,0.466948,1.55,program_neighbor,142,0.9859,CEBPA
Set 1,ADIPO-02,White adipocyte,Mesenchymal,50,SNAI1,0.465774,1.58,program_neighbor,140,1.0000,CEBPA
Set 1,CHONDRO-01,Chondrocyte,Mesenchymal,1,MSX2,0.656768,0.03,program_neighbor,36,0.2022,MYC
Set 1,CHONDRO-01,Chondrocyte,Mesenchymal,2,ZCCHC12,0.651728,0.06,program_neighbor,3,0.0082,SOX9
Set 1,CHONDRO-01,Chondrocyte,Mesenchymal,3,IRF8,0.649557,0.09,program_neighbor,176,0.3302,MYC
Set 1,CHONDRO-01,Chondrocyte,Mesenchymal,4,TFAP2E,0.631940,0.13,program_neighbor,8,0.0231,SOX9
Set 1,CHONDRO-01,Chondrocyte,Mesenchymal,5,TWIST1,0.626613,0.16,program_neighbor,176,0.9832,MYC
Set 1,CHONDRO-01,Chondrocyte,Mesenchymal,6,AEBP1,0.626523,0.19,program_neighbor,176,0.9888,MYC
Set 1,CHONDRO-01,Chondrocyte,Mesenchymal,7,NANOG,0.617271,0.22,program_neighbor,140,0.7865,MYC
Set 1,CHONDRO-01,Chondrocyte,Mesenchymal,8,HR,0.613865,0.25,program_neighbor,68,0.3542,KLF4
Set 1,CHONDRO-01,Chondrocyte,Mesenchymal,9,SP7,0.612408,0.28,program_neighbor,7,0.0378,MYC
Set 1,CHONDRO-01,Chondrocyte,Mesenchymal,10,NKX1-2,0.604121,0.32,program_neighbor,10,0.0559,MYC
Set 1,CHONDRO-01,Chondrocyte,Mesenchymal,11,APEX2,0.603627,0.35,program_neighbor,45,0.2158,MYC
Set 1,CHONDRO-01,Chondrocyte,Mesenchymal,12,SSBP3,0.600795,0.38,program_neighbor,14,0.0737,KLF4
Set 1,CHONDRO-01,Chondrocyte,Mesenchymal,13,SMAD9,0.593608,0.41,program_neighbor,140,0.7865,MYC
Set 1,CHONDRO-01,Chondrocyte,Mesenchymal,14,ZNF431,0.592903,0.44,program_neighbor,140,0.7865,MYC
Set 1,CHONDRO-01,Chondrocyte,Mesenchymal,15,GLIS1,0.589949,0.47,program_neighbor,14,0.0419,SOX9
Set 1,CHONDRO-01,Chondrocyte,Mesenchymal,16,ZGLP1,0.585858,0.51,program_neighbor,140,0.7865,MYC
Set 1,CHONDRO-01,Chondrocyte,Mesenchymal,17,SBNO2,0.584616,0.54,program_neighbor,141,0.7821,MYC
Set 1,CHONDRO-01,Chondrocyte,Mesenchymal,18,TOP3A,0.576649,0.57,program_neighbor,44,0.1814,MYC
Set 1,CHONDRO-01,Chondrocyte,Mesenchymal,19,ZNF675,0.569420,0.60,program_neighbor,140,0.7865,MYC
Set 1,CHONDRO-01,Chondrocyte,Mesenchymal,20,RIOX1,0.564921,0.63,program_neighbor,3,0.0096,SOX9
Set 1,CHONDRO-01,Chondrocyte,Mesenchymal,21,MTF1,0.563155,0.66,program_neighbor,180,0.9263,MYC
Set 1,CHONDRO-01,Chondrocyte,Mesenchymal,22,WDR5,0.562808,0.69,program_neighbor,140,0.7865,MYC
Set 1,CHONDRO-01,Chondrocyte,Mesenchymal,23,NEIL1,0.547900,0.73,program_neighbor,3,0.0096,SOX9
Set 1,CHONDRO-01,Chondrocyte,Mesenchymal,24,CREB3L1,0.513394,0.76,program_neighbor,140,0.7865,MYC
Set 1,CHONDRO-01,Chondrocyte,Mesenchymal,25,RUNX2,0.507727,0.79,program_neighbor,141,0.7921,MYC
Set 1,CHONDRO-01,Chondrocyte,Mesenchymal,26,TOP3B,0.506711,0.82,program_neighbor,3,0.0096,SOX9
Set 1,CHONDRO-01,Chondrocyte,Mesenchymal,27,POLB,0.480652,0.85,program_neighbor,122,0.2179,MYC
Set 1,CHONDRO-01,Chondrocyte,Mesenchymal,28,MSX1,0.476196,0.88,program_neighbor,36,0.2022,MYC
Set 1,CHONDRO-01,Chondrocyte,Mesenchymal,29,ELF3,0.470855,0.92,program_neighbor,141,0.2645,MYC
Set 1,CHONDRO-01,Chondrocyte,Mesenchymal,30,CITED1,0.464143,0.95,program_neighbor,176,0.9888,MYC
Set 1,CHONDRO-01,Chondrocyte,Mesenchymal,31,TWIST2,0.464143,0.98,program_neighbor,176,0.9888,MYC
Set 1,CHONDRO-01,Chondrocyte,Mesenchymal,32,MAP2K6,0.462886,1.01,program_neighbor,157,0.5164,SOX9
Set 1,CHONDRO-01,Chondrocyte,Mesenchymal,33,LPXN,0.460040,1.04,program_neighbor,121,0.1836,SOX9
Set 1,CHONDRO-01,Chondrocyte,Mesenchymal,34,EBF2,0.454891,1.07,program_neighbor,140,0.7865,MYC
Set 1,CHONDRO-01,Chondrocyte,Mesenchymal,35,LOXL2,0.454554,1.11,novel_prediction,0,0.0000,
Set 1,CHONDRO-01,Chondrocyte,Mesenchymal,36,ZNF467,0.450534,1.14,program_neighbor,140,0.7865,MYC
Set 1,CHONDRO-01,Chondrocyte,Mesenchymal,37,DLX5,0.446793,1.17,program_neighbor,140,0.7865,MYC
Set 1,CHONDRO-01,Chondrocyte,Mesenchymal,38,PRRX1,0.443712,1.20,program_neighbor,11,0.0321,SOX9
Set 1,CHONDRO-01,Chondrocyte,Mesenchymal,39,MUTYH,0.441464,1.23,program_neighbor,44,0.1823,MYC
Set 1,CHONDRO-01,Chondrocyte,Mesenchymal,40,APEX1,0.441219,1.26,program_neighbor,44,0.1457,MYC
Set 1,CHONDRO-01,Chondrocyte,Mesenchymal,41,SOX5,0.439389,1.30,program_neighbor,140,0.7650,MYC
Set 1,CHONDRO-01,Chondrocyte,Mesenchymal,42,NOTCH2,0.437702,1.33,program_neighbor,47,0.2640,MYC
Set 1,CHONDRO-01,Chondrocyte,Mesenchymal,43,ITGB1BP1,0.436330,1.36,novel_prediction,0,0.0000,
Set 1,CHONDRO-01,Chondrocyte,Mesenchymal,44,SATB2,0.436167,1.39,program_neighbor,140,0.7778,MYC
Set 1,CHONDRO-01,Chondrocyte,Mesenchymal,45,TOP1MT,0.433937,1.42,program_neighbor,44,0.1823,MYC
Set 1,CHONDRO-01,Chondrocyte,Mesenchymal,46,RRP1B,0.433655,1.45,program_neighbor,36,0.1572,MYC
Set 1,CHONDRO-01,Chondrocyte,Mesenchymal,47,SMAD3,0.430750,1.48,program_neighbor,176,0.3302,MYC
Set 1,CHONDRO-01,Chondrocyte,Mesenchymal,48,TOX,0.427989,1.52,program_neighbor,118,0.6126,KLF4
Set 1,CHONDRO-01,Chondrocyte,Mesenchymal,49,MT-RNR1,0.426358,1.55,program_neighbor,41,0.1947,MYC
Set 1,CHONDRO-01,Chondrocyte,Mesenchymal,50,TDG,0.425382,1.58,program_neighbor,4,0.0110,SOX9
Set 1,OSTEO-01,Osteoblast,Mesenchymal,1,IRF8,0.687174,0.03,program_neighbor,140,0.2632,RUNX2
Set 1,OSTEO-01,Osteoblast,Mesenchymal,2,AEBP1,0.681764,0.06,program_neighbor,140,0.7910,RUNX2
Set 1,OSTEO-01,Osteoblast,Mesenchymal,3,NANOG,0.670566,0.09,program_neighbor,140,0.9929,RUNX2
Set 1,OSTEO-01,Osteoblast,Mesenchymal,4,NKX1-2,0.666075,0.13,program_neighbor,10,0.0704,RUNX2
Set 1,OSTEO-01,Osteoblast,Mesenchymal,5,TWIST1,0.665063,0.16,program_neighbor,140,0.7865,RUNX2
Set 1,OSTEO-01,Osteoblast,Mesenchymal,6,SP7,0.657871,0.19,known_factor,14,1.0000,SP7
Set 1,OSTEO-01,Osteoblast,Mesenchymal,7,ZGLP1,0.653311,0.22,program_neighbor,140,0.9929,RUNX2
Set 1,OSTEO-01,Osteoblast,Mesenchymal,8,SMAD9,0.646902,0.25,program_neighbor,140,0.9929,RUNX2
Set 1,OSTEO-01,Osteoblast,Mesenchymal,9,ZNF431,0.645247,0.28,program_neighbor,140,0.9929,RUNX2
Set 1,OSTEO-01,Osteoblast,Mesenchymal,10,TFAP2E,0.634113,0.32,program_neighbor,3,0.0160,RUNX2
Set 1,OSTEO-01,Osteoblast,Mesenchymal,11,SBNO2,0.632422,0.35,program_neighbor,140,0.9859,RUNX2
Set 1,OSTEO-01,Osteoblast,Mesenchymal,12,ZNF675,0.625885,0.38,program_neighbor,140,0.9929,RUNX2
Set 1,OSTEO-01,Osteoblast,Mesenchymal,13,ZCCHC12,0.625371,0.41,novel_prediction,0,0.0000,
Set 1,OSTEO-01,Osteoblast,Mesenchymal,14,WDR5,0.620914,0.44,program_neighbor,140,0.9929,RUNX2
Set 1,OSTEO-01,Osteoblast,Mesenchymal,15,GLIS1,0.617426,0.47,program_neighbor,3,0.0191,RUNX2
Set 1,OSTEO-01,Osteoblast,Mesenchymal,16,HR,0.615888,0.51,program_neighbor,22,0.1164,RUNX2
Set 1,OSTEO-01,Osteoblast,Mesenchymal,17,SSBP3,0.614806,0.54,program_neighbor,10,0.0690,RUNX2
Set 1,OSTEO-01,Osteoblast,Mesenchymal,18,MTF1,0.608410,0.57,program_neighbor,147,0.7407,RUNX2
Set 1,OSTEO-01,Osteoblast,Mesenchymal,19,MSX2,0.599055,0.60,novel_prediction,0,0.0000,
Set 1,OSTEO-01,Osteoblast,Mesenchymal,20,RUNX2,0.576838,0.63,known_factor,141,1.0000,RUNX2
Set 1,OSTEO-01,Osteoblast,Mesenchymal,21,APEX2,0.562166,0.66,program_neighbor,12,0.1356,SP7
Set 1,OSTEO-01,Osteoblast,Mesenchymal,22,CREB3L1,0.558360,0.69,program_neighbor,140,0.9929,RUNX2
Set 1,OSTEO-01,Osteoblast,Mesenchymal,23,RIOX1,0.538837,0.73,novel_prediction,0,0.0000,
Set 1,OSTEO-01,Osteoblast,Mesenchymal,24,NEIL1,0.535759,0.76,novel_prediction,0,0.0000,
Set 1,OSTEO-01,Osteoblast,Mesenchymal,25,TOP3A,0.534010,0.79,program_neighbor,8,0.1159,SP7
Set 1,OSTEO-01,Osteoblast,Mesenchymal,26,EBF2,0.518968,0.82,program_neighbor,140,0.9929,RUNX2
Set 1,OSTEO-01,Osteoblast,Mesenchymal,27,CITED1,0.516424,0.85,program_neighbor,140,0.7910,RUNX2
Set 1,OSTEO-01,Osteoblast,Mesenchymal,28,ELF3,0.512089,0.88,program_neighbor,140,0.2817,RUNX2
Set 1,OSTEO-01,Osteoblast,Mesenchymal,29,TWIST2,0.505930,0.92,program_neighbor,140,0.7910,RUNX2
Set 1,OSTEO-01,Osteoblast,Mesenchymal,30,DLX5,0.500066,0.95,program_neighbor,140,0.9929,RUNX2
Set 1,OSTEO-01,Osteoblast,Mesenchymal,31,SATB2,0.496429,0.98,program_neighbor,140,0.9790,RUNX2
Set 1,OSTEO-01,Osteoblast,Mesenchymal,32,POLB,0.495461,1.01,program_neighbor,83,0.1523,RUNX2
Set 1,OSTEO-01,Osteoblast,Mesenchymal,33,ZNF467,0.494292,1.04,program_neighbor,140,0.9929,RUNX2
Set 1,OSTEO-01,Osteoblast,Mesenchymal,34,SOX5,0.493046,1.07,program_neighbor,140,0.9589,RUNX2
Set 1,OSTEO-01,Osteoblast,Mesenchymal,35,TOP3B,0.486274,1.11,novel_prediction,0,0.0000,
Set 1,OSTEO-01,Osteoblast,Mesenchymal,36,SOX6,0.484245,1.14,program_neighbor,140,0.9859,RUNX2
Set 1,OSTEO-01,Osteoblast,Mesenchymal,37,LPXN,0.479888,1.17,program_neighbor,17,0.0283,RUNX2
Set 1,OSTEO-01,Osteoblast,Mesenchymal,38,TOX,0.477241,1.20,program_neighbor,87,0.5058,RUNX2
Set 1,OSTEO-01,Osteoblast,Mesenchymal,39,ITGB1BP1,0.465057,1.23,novel_prediction,0,0.0000,
Set 1,OSTEO-01,Osteoblast,Mesenchymal,40,LIMD1,0.463924,1.26,program_neighbor,140,0.8485,RUNX2
Set 1,OSTEO-01,Osteoblast,Mesenchymal,41,FOSL2,0.462866,1.30,program_neighbor,140,0.2823,RUNX2
Set 1,OSTEO-01,Osteoblast,Mesenchymal,42,BCL11B,0.453547,1.33,program_neighbor,141,0.7877,RUNX2
Set 1,OSTEO-01,Osteoblast,Mesenchymal,43,RORB,0.451352,1.36,program_neighbor,140,0.9929,RUNX2
Set 1,OSTEO-01,Osteoblast,Mesenchymal,44,POU4F2,0.451065,1.39,program_neighbor,140,0.7865,RUNX2
Set 1,OSTEO-01,Osteoblast,Mesenchymal,45,AIRE,0.449429,1.42,program_neighbor,140,0.2823,RUNX2
Set 1,OSTEO-01,Osteoblast,Mesenchymal,46,GATA6,0.449363,1.45,program_neighbor,140,0.7910,RUNX2
Set 1,OSTEO-01,Osteoblast,Mesenchymal,47,LOXL2,0.445976,1.48,novel_prediction,0,0.0000,
Set 1,OSTEO-01,Osteoblast,Mesenchymal,48,MN1,0.445029,1.52,program_neighbor,140,0.9589,RUNX2
Set 1,OSTEO-01,Osteoblast,Mesenchymal,49,SMAD3,0.444979,1.55,program_neighbor,140,0.2632,RUNX2
Set 1,OSTEO-01,Osteoblast,Mesenchymal,50,REST,0.438336,1.58,program_neighbor,141,0.8924,RUNX2
Set 2,HAIR-01,Cochlear hair cell,Sensory,1,TBX22,0.671019,0.03,program_neighbor,140,0.9929,GFI1
Set 2,HAIR-01,Cochlear hair cell,Sensory,2,HMX3,0.654974,0.06,program_neighbor,20,0.1342,GFI1
Set 2,HAIR-01,Cochlear hair cell,Sensory,3,POU3F4,0.650272,0.09,program_neighbor,140,1.0000,GFI1
Set 2,HAIR-01,Cochlear hair cell,Sensory,4,IKZF2,0.650272,0.13,known_cofactor,140,1.0000,GFI1
Set 2,HAIR-01,Cochlear hair cell,Sensory,5,ATOH1,0.649228,0.16,known_factor,176,1.0000,ATOH1
Set 2,HAIR-01,Cochlear hair cell,Sensory,6,HMX2,0.633497,0.19,program_neighbor,3,0.0135,ATOH1
Set 2,HAIR-01,Cochlear hair cell,Sensory,7,THRB,0.626706,0.22,program_neighbor,176,1.0000,ATOH1
Set 2,HAIR-01,Cochlear hair cell,Sensory,8,RFC4,0.608287,0.25,novel_prediction,0,0.0000,
Set 2,HAIR-01,Cochlear hair cell,Sensory,9,POU4F3,0.601642,0.28,known_factor,140,1.0000,GFI1
Set 2,HAIR-01,Cochlear hair cell,Sensory,10,BDP1,0.579386,0.32,program_neighbor,140,0.8750,GFI1
Set 2,HAIR-01,Cochlear hair cell,Sensory,11,WBP2,0.530748,0.35,program_neighbor,7,0.0476,GFI1
Set 2,HAIR-01,Cochlear hair cell,Sensory,12,FOXL1,0.501669,0.38,program_neighbor,140,0.9929,GFI1
Set 2,HAIR-01,Cochlear hair cell,Sensory,13,GATA3,0.501638,0.41,program_neighbor,140,0.2337,GFI1
Set 2,HAIR-01,Cochlear hair cell,Sensory,14,SALL4,0.499715,0.44,program_neighbor,140,0.8917,GFI1
Set 2,HAIR-01,Cochlear hair cell,Sensory,15,NLRP3,0.497853,0.47,program_neighbor,176,0.2716,ATOH1
Set 2,HAIR-01,Cochlear hair cell,Sensory,16,CECR2,0.494023,0.51,program_neighbor,99,0.1612,ATOH1
Set 2,HAIR-01,Cochlear hair cell,Sensory,17,PAX1,0.490245,0.54,program_neighbor,140,1.0000,GFI1
Set 2,HAIR-01,Cochlear hair cell,Sensory,18,SALL1,0.487420,0.57,program_neighbor,10,0.0690,GFI1
Set 2,HAIR-01,Cochlear hair cell,Sensory,19,LMX1A,0.481429,0.60,program_neighbor,5,0.0270,GFI1
Set 2,HAIR-01,Cochlear hair cell,Sensory,20,DLX5,0.479772,0.63,program_neighbor,140,1.0000,GFI1
Set 2,HAIR-01,Cochlear hair cell,Sensory,21,ESRRB,0.479772,0.66,program_neighbor,140,1.0000,GFI1
Set 2,HAIR-01,Cochlear hair cell,Sensory,22,NEUROG1,0.479772,0.69,program_neighbor,140,1.0000,GFI1
Set 2,HAIR-01,Cochlear hair cell,Sensory,23,FOXI1,0.479772,0.73,program_neighbor,140,1.0000,GFI1
Set 2,HAIR-01,Cochlear hair cell,Sensory,24,TBL1Y,0.477157,0.76,program_neighbor,5,0.0226,ATOH1
Set 2,HAIR-01,Cochlear hair cell,Sensory,25,STOX1,0.475173,0.79,program_neighbor,140,0.8917,GFI1
Set 2,HAIR-01,Cochlear hair cell,Sensory,26,TBX3,0.474791,0.82,program_neighbor,176,1.0000,ATOH1
Set 2,HAIR-01,Cochlear hair cell,Sensory,27,ATOH7,0.471035,0.85,program_neighbor,4,0.0215,GFI1
Set 2,HAIR-01,Cochlear hair cell,Sensory,28,MCM2,0.459000,0.88,program_neighbor,38,0.0691,ATOH1
Set 2,HAIR-01,Cochlear hair cell,Sensory,29,PCNA,0.443730,0.92,program_neighbor,77,0.5000,GFI1
Set 2,HAIR-01,Cochlear hair cell,Sensory,30,LEF1,0.438955,0.95,program_neighbor,176,0.7333,ATOH1
Set 2,HAIR-01,Cochlear hair cell,Sensory,31,DNMT1,0.438280,0.98,program_neighbor,176,0.9362,ATOH1
Set 2,HAIR-01,Cochlear hair cell,Sensory,32,LONP1,0.434457,1.01,program_neighbor,37,0.1958,ATOH1
Set 2,HAIR-01,Cochlear hair cell,Sensory,33,REST,0.433600,1.04,program_neighbor,140,0.8861,GFI1
Set 2,HAIR-01,Cochlear hair cell,Sensory,34,CRYM,0.433561,1.07,program_neighbor,37,0.1968,ATOH1
Set 2,HAIR-01,Cochlear hair cell,Sensory,35,EYA4,0.431869,1.11,program_neighbor,86,0.4624,GFI1
Set 2,HAIR-01,Cochlear hair cell,Sensory,36,TRRAP,0.429793,1.14,program_neighbor,140,0.9589,GFI1
Set 2,HAIR-01,Cochlear hair cell,Sensory,37,GRHL2,0.427767,1.17,program_neighbor,141,0.2823,GFI1
Set 2,HAIR-01,Cochlear hair cell,Sensory,38,GFI1,0.426407,1.20,known_factor,140,1.0000,GFI1
Set 2,HAIR-01,Cochlear hair cell,Sensory,39,FOXI3,0.421450,1.23,program_neighbor,1,0.0071,GFI1
Set 2,HAIR-01,Cochlear hair cell,Sensory,40,EYA1,0.417286,1.26,program_neighbor,12,0.0231,GFI1
Set 2,HAIR-01,Cochlear hair cell,Sensory,41,SIX5,0.415357,1.30,program_neighbor,93,0.5407,GFI1
Set 2,HAIR-01,Cochlear hair cell,Sensory,42,SIX1,0.414491,1.33,program_neighbor,176,0.9944,ATOH1
Set 2,HAIR-01,Cochlear hair cell,Sensory,43,ZNF699,0.406983,1.36,program_neighbor,140,1.0000,GFI1
Set 2,HAIR-01,Cochlear hair cell,Sensory,44,SMARCA4,0.399453,1.39,program_neighbor,93,0.3394,ATOH1
Set 2,HAIR-01,Cochlear hair cell,Sensory,45,NEUROD1,0.393141,1.42,program_neighbor,140,1.0000,GFI1
Set 2,HAIR-01,Cochlear hair cell,Sensory,46,ERCC2,0.386324,1.45,program_neighbor,176,0.9312,ATOH1
Set 2,HAIR-01,Cochlear hair cell,Sensory,47,PAX3,0.386256,1.48,program_neighbor,176,1.0000,ATOH1
Set 2,HAIR-01,Cochlear hair cell,Sensory,48,FOXC1,0.386030,1.52,program_neighbor,143,0.9524,GFI1
Set 2,HAIR-01,Cochlear hair cell,Sensory,49,SNAI2,0.384520,1.55,program_neighbor,176,0.9944,ATOH1
Set 2,HAIR-01,Cochlear hair cell,Sensory,50,TBL1X,0.382784,1.58,program_neighbor,36,0.2045,ATOH1
Set 2,HAIR-02,Cochlear hair cell,Sensory,1,TBX22,0.671019,0.03,program_neighbor,140,0.9929,GFI1
Set 2,HAIR-02,Cochlear hair cell,Sensory,2,HMX3,0.654974,0.06,program_neighbor,20,0.1342,GFI1
Set 2,HAIR-02,Cochlear hair cell,Sensory,3,POU3F4,0.650272,0.09,program_neighbor,140,1.0000,GFI1
Set 2,HAIR-02,Cochlear hair cell,Sensory,4,IKZF2,0.650272,0.13,known_cofactor,140,1.0000,GFI1
Set 2,HAIR-02,Cochlear hair cell,Sensory,5,ATOH1,0.649228,0.16,known_factor,176,1.0000,ATOH1
Set 2,HAIR-02,Cochlear hair cell,Sensory,6,HMX2,0.633497,0.19,program_neighbor,3,0.0135,ATOH1
Set 2,HAIR-02,Cochlear hair cell,Sensory,7,THRB,0.626706,0.22,program_neighbor,176,1.0000,ATOH1
Set 2,HAIR-02,Cochlear hair cell,Sensory,8,RFC4,0.608287,0.25,novel_prediction,0,0.0000,
Set 2,HAIR-02,Cochlear hair cell,Sensory,9,POU4F3,0.601642,0.28,known_cofactor,140,1.0000,GFI1
Set 2,HAIR-02,Cochlear hair cell,Sensory,10,BDP1,0.579386,0.32,program_neighbor,140,0.8750,GFI1
Set 2,HAIR-02,Cochlear hair cell,Sensory,11,WBP2,0.530748,0.35,program_neighbor,7,0.0476,GFI1
Set 2,HAIR-02,Cochlear hair cell,Sensory,12,FOXL1,0.501669,0.38,program_neighbor,140,0.9929,GFI1
Set 2,HAIR-02,Cochlear hair cell,Sensory,13,GATA3,0.501638,0.41,program_neighbor,140,0.2337,GFI1
Set 2,HAIR-02,Cochlear hair cell,Sensory,14,SALL4,0.499715,0.44,program_neighbor,140,0.8917,GFI1
Set 2,HAIR-02,Cochlear hair cell,Sensory,15,NLRP3,0.497853,0.47,program_neighbor,176,0.2716,ATOH1
Set 2,HAIR-02,Cochlear hair cell,Sensory,16,CECR2,0.494023,0.51,program_neighbor,99,0.1612,ATOH1
Set 2,HAIR-02,Cochlear hair cell,Sensory,17,PAX1,0.490245,0.54,program_neighbor,140,1.0000,GFI1
Set 2,HAIR-02,Cochlear hair cell,Sensory,18,SALL1,0.487420,0.57,program_neighbor,10,0.0690,GFI1
Set 2,HAIR-02,Cochlear hair cell,Sensory,19,LMX1A,0.481429,0.60,program_neighbor,5,0.0270,GFI1
Set 2,HAIR-02,Cochlear hair cell,Sensory,20,DLX5,0.479772,0.63,program_neighbor,140,1.0000,GFI1
Set 2,HAIR-02,Cochlear hair cell,Sensory,21,ESRRB,0.479772,0.66,program_neighbor,140,1.0000,GFI1
Set 2,HAIR-02,Cochlear hair cell,Sensory,22,NEUROG1,0.479772,0.69,program_neighbor,140,1.0000,GFI1
Set 2,HAIR-02,Cochlear hair cell,Sensory,23,FOXI1,0.479772,0.73,program_neighbor,140,1.0000,GFI1
Set 2,HAIR-02,Cochlear hair cell,Sensory,24,TBL1Y,0.477157,0.76,program_neighbor,5,0.0226,ATOH1
Set 2,HAIR-02,Cochlear hair cell,Sensory,25,STOX1,0.475173,0.79,program_neighbor,140,0.8917,GFI1
Set 2,HAIR-02,Cochlear hair cell,Sensory,26,TBX3,0.474791,0.82,program_neighbor,176,1.0000,ATOH1
Set 2,HAIR-02,Cochlear hair cell,Sensory,27,ATOH7,0.471035,0.85,program_neighbor,4,0.0215,GFI1
Set 2,HAIR-02,Cochlear hair cell,Sensory,28,MCM2,0.459000,0.88,program_neighbor,38,0.0691,ATOH1
Set 2,HAIR-02,Cochlear hair cell,Sensory,29,PCNA,0.443730,0.92,program_neighbor,77,0.5000,GFI1
Set 2,HAIR-02,Cochlear hair cell,Sensory,30,LEF1,0.438955,0.95,program_neighbor,176,0.7333,ATOH1
Set 2,HAIR-02,Cochlear hair cell,Sensory,31,DNMT1,0.438280,0.98,program_neighbor,176,0.9362,ATOH1
Set 2,HAIR-02,Cochlear hair cell,Sensory,32,LONP1,0.434457,1.01,program_neighbor,37,0.1958,ATOH1
Set 2,HAIR-02,Cochlear hair cell,Sensory,33,REST,0.433600,1.04,program_neighbor,140,0.8861,GFI1
Set 2,HAIR-02,Cochlear hair cell,Sensory,34,CRYM,0.433561,1.07,program_neighbor,37,0.1968,ATOH1
Set 2,HAIR-02,Cochlear hair cell,Sensory,35,EYA4,0.431869,1.11,program_neighbor,86,0.4624,GFI1
Set 2,HAIR-02,Cochlear hair cell,Sensory,36,TRRAP,0.429793,1.14,program_neighbor,140,0.9589,GFI1
Set 2,HAIR-02,Cochlear hair cell,Sensory,37,GRHL2,0.427767,1.17,program_neighbor,141,0.2823,GFI1
Set 2,HAIR-02,Cochlear hair cell,Sensory,38,GFI1,0.426407,1.20,known_factor,140,1.0000,GFI1
Set 2,HAIR-02,Cochlear hair cell,Sensory,39,FOXI3,0.421450,1.23,program_neighbor,1,0.0071,GFI1
Set 2,HAIR-02,Cochlear hair cell,Sensory,40,EYA1,0.417286,1.26,program_neighbor,12,0.0231,GFI1
Set 2,HAIR-02,Cochlear hair cell,Sensory,41,SIX5,0.415357,1.30,program_neighbor,93,0.5407,GFI1
Set 2,HAIR-02,Cochlear hair cell,Sensory,42,SIX1,0.414491,1.33,program_neighbor,176,0.9944,ATOH1
Set 2,HAIR-02,Cochlear hair cell,Sensory,43,ZNF699,0.406983,1.36,program_neighbor,140,1.0000,GFI1
Set 2,HAIR-02,Cochlear hair cell,Sensory,44,SMARCA4,0.399453,1.39,program_neighbor,93,0.3394,ATOH1
Set 2,HAIR-02,Cochlear hair cell,Sensory,45,NEUROD1,0.393141,1.42,program_neighbor,140,1.0000,GFI1
Set 2,HAIR-02,Cochlear hair cell,Sensory,46,ERCC2,0.386324,1.45,program_neighbor,176,0.9312,ATOH1
Set 2,HAIR-02,Cochlear hair cell,Sensory,47,PAX3,0.386256,1.48,program_neighbor,176,1.0000,ATOH1
Set 2,HAIR-02,Cochlear hair cell,Sensory,48,FOXC1,0.386030,1.52,program_neighbor,143,0.9524,GFI1
Set 2,HAIR-02,Cochlear hair cell,Sensory,49,SNAI2,0.384520,1.55,program_neighbor,176,0.9944,ATOH1
Set 2,HAIR-02,Cochlear hair cell,Sensory,50,TBL1X,0.382784,1.58,program_neighbor,36,0.2045,ATOH1
Set 2,HAIR-03,Outer hair cell,Sensory,1,TBX22,0.671019,0.03,program_neighbor,140,0.9929,IKZF2
Set 2,HAIR-03,Outer hair cell,Sensory,2,HMX3,0.654974,0.06,program_neighbor,20,0.1342,IKZF2
Set 2,HAIR-03,Outer hair cell,Sensory,3,POU3F4,0.650272,0.09,program_neighbor,140,1.0000,IKZF2
Set 2,HAIR-03,Outer hair cell,Sensory,4,IKZF2,0.650272,0.13,known_factor,140,1.0000,IKZF2
Set 2,HAIR-03,Outer hair cell,Sensory,5,ATOH1,0.649228,0.16,known_factor,176,1.0000,ATOH1
Set 2,HAIR-03,Outer hair cell,Sensory,6,HMX2,0.633497,0.19,program_neighbor,3,0.0135,ATOH1
Set 2,HAIR-03,Outer hair cell,Sensory,7,THRB,0.626706,0.22,program_neighbor,176,1.0000,ATOH1
Set 2,HAIR-03,Outer hair cell,Sensory,8,RFC4,0.608287,0.25,novel_prediction,0,0.0000,
Set 2,HAIR-03,Outer hair cell,Sensory,9,POU4F3,0.601642,0.28,known_cofactor,140,1.0000,IKZF2
Set 2,HAIR-03,Outer hair cell,Sensory,10,BDP1,0.579386,0.32,program_neighbor,140,0.8750,IKZF2
Set 2,HAIR-03,Outer hair cell,Sensory,11,WBP2,0.530748,0.35,program_neighbor,7,0.0476,IKZF2
Set 2,HAIR-03,Outer hair cell,Sensory,12,FOXL1,0.501669,0.38,program_neighbor,140,0.9929,IKZF2
Set 2,HAIR-03,Outer hair cell,Sensory,13,GATA3,0.501638,0.41,program_neighbor,140,0.2337,IKZF2
Set 2,HAIR-03,Outer hair cell,Sensory,14,SALL4,0.499715,0.44,program_neighbor,140,0.8917,IKZF2
Set 2,HAIR-03,Outer hair cell,Sensory,15,NLRP3,0.497853,0.47,program_neighbor,176,0.2716,ATOH1
Set 2,HAIR-03,Outer hair cell,Sensory,16,CECR2,0.494023,0.51,program_neighbor,99,0.1612,ATOH1
Set 2,HAIR-03,Outer hair cell,Sensory,17,PAX1,0.490245,0.54,program_neighbor,140,1.0000,IKZF2
Set 2,HAIR-03,Outer hair cell,Sensory,18,SALL1,0.487420,0.57,program_neighbor,10,0.0690,IKZF2
Set 2,HAIR-03,Outer hair cell,Sensory,19,LMX1A,0.481429,0.60,program_neighbor,5,0.0270,IKZF2
Set 2,HAIR-03,Outer hair cell,Sensory,20,DLX5,0.479772,0.63,program_neighbor,140,1.0000,IKZF2
Set 2,HAIR-03,Outer hair cell,Sensory,21,ESRRB,0.479772,0.66,program_neighbor,140,1.0000,IKZF2
Set 2,HAIR-03,Outer hair cell,Sensory,22,NEUROG1,0.479772,0.69,program_neighbor,140,1.0000,IKZF2
Set 2,HAIR-03,Outer hair cell,Sensory,23,FOXI1,0.479772,0.73,program_neighbor,140,1.0000,IKZF2
Set 2,HAIR-03,Outer hair cell,Sensory,24,TBL1Y,0.477157,0.76,program_neighbor,5,0.0226,ATOH1
Set 2,HAIR-03,Outer hair cell,Sensory,25,STOX1,0.475173,0.79,program_neighbor,140,0.8917,IKZF2
Set 2,HAIR-03,Outer hair cell,Sensory,26,TBX3,0.474791,0.82,program_neighbor,176,1.0000,ATOH1
Set 2,HAIR-03,Outer hair cell,Sensory,27,ATOH7,0.471035,0.85,program_neighbor,4,0.0215,IKZF2
Set 2,HAIR-03,Outer hair cell,Sensory,28,MCM2,0.459000,0.88,program_neighbor,38,0.0691,ATOH1
Set 2,HAIR-03,Outer hair cell,Sensory,29,PCNA,0.443730,0.92,program_neighbor,77,0.5000,IKZF2
Set 2,HAIR-03,Outer hair cell,Sensory,30,LEF1,0.438955,0.95,program_neighbor,176,0.7333,ATOH1
Set 2,HAIR-03,Outer hair cell,Sensory,31,DNMT1,0.438280,0.98,program_neighbor,176,0.9362,ATOH1
Set 2,HAIR-03,Outer hair cell,Sensory,32,LONP1,0.434457,1.01,program_neighbor,37,0.1958,ATOH1
Set 2,HAIR-03,Outer hair cell,Sensory,33,REST,0.433600,1.04,program_neighbor,140,0.8861,IKZF2
Set 2,HAIR-03,Outer hair cell,Sensory,34,CRYM,0.433561,1.07,program_neighbor,37,0.1968,ATOH1
Set 2,HAIR-03,Outer hair cell,Sensory,35,EYA4,0.431869,1.11,program_neighbor,86,0.4624,IKZF2
Set 2,HAIR-03,Outer hair cell,Sensory,36,TRRAP,0.429793,1.14,program_neighbor,140,0.9589,IKZF2
Set 2,HAIR-03,Outer hair cell,Sensory,37,GRHL2,0.427767,1.17,program_neighbor,141,0.2823,IKZF2
Set 2,HAIR-03,Outer hair cell,Sensory,38,GFI1,0.426407,1.20,known_cofactor,140,1.0000,IKZF2
Set 2,HAIR-03,Outer hair cell,Sensory,39,FOXI3,0.421450,1.23,program_neighbor,1,0.0071,IKZF2
Set 2,HAIR-03,Outer hair cell,Sensory,40,EYA1,0.417286,1.26,program_neighbor,12,0.0231,IKZF2
Set 2,HAIR-03,Outer hair cell,Sensory,41,SIX5,0.415357,1.30,program_neighbor,93,0.5407,IKZF2
Set 2,HAIR-03,Outer hair cell,Sensory,42,SIX1,0.414491,1.33,program_neighbor,176,0.9944,ATOH1
Set 2,HAIR-03,Outer hair cell,Sensory,43,ZNF699,0.406983,1.36,program_neighbor,140,1.0000,IKZF2
Set 2,HAIR-03,Outer hair cell,Sensory,44,SMARCA4,0.399453,1.39,program_neighbor,93,0.3394,ATOH1
Set 2,HAIR-03,Outer hair cell,Sensory,45,NEUROD1,0.393141,1.42,program_neighbor,140,1.0000,IKZF2
Set 2,HAIR-03,Outer hair cell,Sensory,46,ERCC2,0.386324,1.45,program_neighbor,176,0.9312,ATOH1
Set 2,HAIR-03,Outer hair cell,Sensory,47,PAX3,0.386256,1.48,program_neighbor,176,1.0000,ATOH1
Set 2,HAIR-03,Outer hair cell,Sensory,48,FOXC1,0.386030,1.52,program_neighbor,143,0.9524,IKZF2
Set 2,HAIR-03,Outer hair cell,Sensory,49,SNAI2,0.384520,1.55,program_neighbor,176,0.9944,ATOH1
Set 2,HAIR-03,Outer hair cell,Sensory,50,TBL1X,0.382784,1.58,program_neighbor,36,0.2045,ATOH1
Set 2,HAIR-04,Cochlear hair cell,Sensory,1,TBX22,0.671019,0.03,program_neighbor,141,0.7921,MYC
Set 2,HAIR-04,Cochlear hair cell,Sensory,2,HMX3,0.654974,0.06,program_neighbor,22,0.1189,MYC
Set 2,HAIR-04,Cochlear hair cell,Sensory,3,POU3F4,0.650272,0.09,program_neighbor,140,0.7955,ATOH1
Set 2,HAIR-04,Cochlear hair cell,Sensory,4,IKZF2,0.650272,0.13,known_cofactor,140,0.7955,ATOH1
Set 2,HAIR-04,Cochlear hair cell,Sensory,5,ATOH1,0.649228,0.16,known_factor,176,1.0000,ATOH1
Set 2,HAIR-04,Cochlear hair cell,Sensory,6,HMX2,0.633497,0.19,program_neighbor,12,0.0204,NOTCH1
Set 2,HAIR-04,Cochlear hair cell,Sensory,7,THRB,0.626706,0.22,program_neighbor,176,1.0000,ATOH1
Set 2,HAIR-04,Cochlear hair cell,Sensory,8,RFC4,0.608287,0.25,novel_prediction,0,0.0000,
Set 2,HAIR-04,Cochlear hair cell,Sensory,9,POU4F3,0.601642,0.28,known_cofactor,140,0.7955,ATOH1
Set 2,HAIR-04,Cochlear hair cell,Sensory,10,BDP1,0.579386,0.32,program_neighbor,142,0.7157,MYC
Set 2,HAIR-04,Cochlear hair cell,Sensory,11,WBP2,0.530748,0.35,program_neighbor,7,0.0383,ATOH1
Set 2,HAIR-04,Cochlear hair cell,Sensory,12,FOXL1,0.501669,0.38,program_neighbor,141,0.7921,MYC
Set 2,HAIR-04,Cochlear hair cell,Sensory,13,GATA3,0.501638,0.41,program_neighbor,495,0.7569,NOTCH1
Set 2,HAIR-04,Cochlear hair cell,Sensory,14,SALL4,0.499715,0.44,program_neighbor,141,0.7268,MYC
Set 2,HAIR-04,Cochlear hair cell,Sensory,15,NLRP3,0.497853,0.47,program_neighbor,532,0.7139,NOTCH1
Set 2,HAIR-04,Cochlear hair cell,Sensory,16,CECR2,0.494023,0.51,program_neighbor,457,0.6370,NOTCH1
Set 2,HAIR-04,Cochlear hair cell,Sensory,17,PAX1,0.490245,0.54,program_neighbor,140,0.7955,ATOH1
Set 2,HAIR-04,Cochlear hair cell,Sensory,18,SALL1,0.487420,0.57,program_neighbor,12,0.0663,MYC
Set 2,HAIR-04,Cochlear hair cell,Sensory,19,LMX1A,0.481429,0.60,program_neighbor,18,0.0309,NOTCH1
Set 2,HAIR-04,Cochlear hair cell,Sensory,20,DLX5,0.479772,0.63,program_neighbor,140,0.7955,ATOH1
Set 2,HAIR-04,Cochlear hair cell,Sensory,21,ESRRB,0.479772,0.66,program_neighbor,140,0.7955,ATOH1
Set 2,HAIR-04,Cochlear hair cell,Sensory,22,NEUROG1,0.479772,0.69,program_neighbor,140,0.7955,ATOH1
Set 2,HAIR-04,Cochlear hair cell,Sensory,23,FOXI1,0.479772,0.73,program_neighbor,140,0.7955,ATOH1
Set 2,HAIR-04,Cochlear hair cell,Sensory,24,TBL1Y,0.477157,0.76,program_neighbor,18,0.0292,NOTCH1
Set 2,HAIR-04,Cochlear hair cell,Sensory,25,STOX1,0.475173,0.79,program_neighbor,141,0.7254,ATOH1
Set 2,HAIR-04,Cochlear hair cell,Sensory,26,TBX3,0.474791,0.82,program_neighbor,176,1.0000,ATOH1
Set 2,HAIR-04,Cochlear hair cell,Sensory,27,ATOH7,0.471035,0.85,program_neighbor,19,0.0327,NOTCH1
Set 2,HAIR-04,Cochlear hair cell,Sensory,28,MCM2,0.459000,0.88,program_neighbor,45,0.0691,ATOH1
Set 2,HAIR-04,Cochlear hair cell,Sensory,29,PCNA,0.443730,0.92,program_neighbor,78,0.4084,MYC
Set 2,HAIR-04,Cochlear hair cell,Sensory,30,LEF1,0.438955,0.95,program_neighbor,227,0.7333,ATOH1
Set 2,HAIR-04,Cochlear hair cell,Sensory,31,DNMT1,0.438280,0.98,program_neighbor,176,0.9362,ATOH1
Set 2,HAIR-04,Cochlear hair cell,Sensory,32,LONP1,0.434457,1.01,program_neighbor,38,0.2000,MYC
Set 2,HAIR-04,Cochlear hair cell,Sensory,33,REST,0.433600,1.04,program_neighbor,142,0.7231,MYC
Set 2,HAIR-04,Cochlear hair cell,Sensory,34,CRYM,0.433561,1.07,program_neighbor,37,0.1968,ATOH1
Set 2,HAIR-04,Cochlear hair cell,Sensory,35,EYA4,0.431869,1.11,program_neighbor,88,0.3964,MYC
Set 2,HAIR-04,Cochlear hair cell,Sensory,36,TRRAP,0.429793,1.14,program_neighbor,142,0.7802,MYC
Set 2,HAIR-04,Cochlear hair cell,Sensory,37,GRHL2,0.427767,1.17,program_neighbor,496,0.8984,NOTCH1
Set 2,HAIR-04,Cochlear hair cell,Sensory,38,GFI1,0.426407,1.20,known_cofactor,140,0.7955,ATOH1
Set 2,HAIR-04,Cochlear hair cell,Sensory,39,FOXI3,0.421450,1.23,program_neighbor,1,0.0057,ATOH1
Set 2,HAIR-04,Cochlear hair cell,Sensory,40,EYA1,0.417286,1.26,program_neighbor,362,0.6213,NOTCH1
Set 2,HAIR-04,Cochlear hair cell,Sensory,41,SIX5,0.415357,1.30,program_neighbor,94,0.4498,MYC
Set 2,HAIR-04,Cochlear hair cell,Sensory,42,SIX1,0.414491,1.33,program_neighbor,177,0.9944,ATOH1
Set 2,HAIR-04,Cochlear hair cell,Sensory,43,ZNF699,0.406983,1.36,program_neighbor,140,0.7955,ATOH1
Set 2,HAIR-04,Cochlear hair cell,Sensory,44,SMARCA4,0.399453,1.39,program_neighbor,146,0.3467,MYC
Set 2,HAIR-04,Cochlear hair cell,Sensory,45,NEUROD1,0.393141,1.42,program_neighbor,140,0.7955,ATOH1
Set 2,HAIR-04,Cochlear hair cell,Sensory,46,ERCC2,0.386324,1.45,program_neighbor,176,0.9312,ATOH1
Set 2,HAIR-04,Cochlear hair cell,Sensory,47,PAX3,0.386256,1.48,program_neighbor,176,1.0000,ATOH1
Set 2,HAIR-04,Cochlear hair cell,Sensory,48,FOXC1,0.386030,1.52,program_neighbor,146,0.8056,MYC
Set 2,HAIR-04,Cochlear hair cell,Sensory,49,SNAI2,0.384520,1.55,program_neighbor,177,0.9944,MYC
Set 2,HAIR-04,Cochlear hair cell,Sensory,50,TBL1X,0.382784,1.58,program_neighbor,36,0.2045,ATOH1
Set 2,MELANO-01,Melanocyte,Pigment,1,TFAP2A,0.880070,0.03,program_neighbor,176,1.0000,SOX10
Set 2,MELANO-01,Melanocyte,Pigment,2,PKP1,0.877579,0.06,program_neighbor,66,0.1019,MITF
Set 2,MELANO-01,Melanocyte,Pigment,3,SDR16C5,0.859298,0.09,program_neighbor,6,0.0259,MITF
Set 2,MELANO-01,Melanocyte,Pigment,4,IRF6,0.847305,0.13,program_neighbor,140,0.2637,SOX10
Set 2,MELANO-01,Melanocyte,Pigment,5,IRX6,0.835506,0.16,program_neighbor,8,0.0367,SOX10
Set 2,MELANO-01,Melanocyte,Pigment,6,ZNF750,0.809060,0.19,program_neighbor,1,0.0056,SOX10
Set 2,MELANO-01,Melanocyte,Pigment,7,GRHL3,0.801184,0.22,program_neighbor,140,0.7000,SOX10
Set 2,MELANO-01,Melanocyte,Pigment,8,EN1,0.773573,0.25,program_neighbor,51,0.2464,SOX10
Set 2,MELANO-01,Melanocyte,Pigment,9,OVOL2,0.745574,0.28,program_neighbor,140,0.7955,SOX10
Set 2,MELANO-01,Melanocyte,Pigment,10,BARX2,0.740374,0.32,program_neighbor,140,0.7000,SOX10
Set 2,MELANO-01,Melanocyte,Pigment,11,ETV4,0.721393,0.35,program_neighbor,1,0.0057,SOX10
Set 2,MELANO-01,Melanocyte,Pigment,12,ELF5,0.719039,0.38,program_neighbor,140,0.7955,SOX10
Set 2,MELANO-01,Melanocyte,Pigment,13,ASCL4,0.699332,0.41,program_neighbor,2,0.0089,SOX10
Set 2,MELANO-01,Melanocyte,Pigment,14,SP9,0.694166,0.44,program_neighbor,4,0.0180,SOX10
Set 2,MELANO-01,Melanocyte,Pigment,15,HOXC13,0.690195,0.47,program_neighbor,140,0.7910,SOX10
Set 2,MELANO-01,Melanocyte,Pigment,16,POU2F3,0.688740,0.51,program_neighbor,140,0.7955,SOX10
Set 2,MELANO-01,Melanocyte,Pigment,17,ZBED2,0.684294,0.54,program_neighbor,8,0.0367,SOX10
Set 2,MELANO-01,Melanocyte,Pigment,18,VSX2,0.680472,0.57,program_neighbor,5,0.0226,SOX10
Set 2,MELANO-01,Melanocyte,Pigment,19,RAX,0.679404,0.60,program_neighbor,10,0.0568,SOX10
Set 2,MELANO-01,Melanocyte,Pigment,20,TBX6,0.677379,0.63,program_neighbor,4,0.0177,SOX10
Set 2,MELANO-01,Melanocyte,Pigment,21,SIX3,0.674731,0.66,program_neighbor,93,0.4097,SOX10
Set 2,MELANO-01,Melanocyte,Pigment,22,TLE4,0.671936,0.69,program_neighbor,140,0.7910,SOX10
Set 2,MELANO-01,Melanocyte,Pigment,23,VSX1,0.667659,0.73,program_neighbor,140,0.7955,SOX10
Set 2,MELANO-01,Melanocyte,Pigment,24,GRHL2,0.665542,0.76,program_neighbor,141,0.2655,SOX10
Set 2,MELANO-01,Melanocyte,Pigment,25,CRX,0.664841,0.79,program_neighbor,140,0.7955,SOX10
Set 2,MELANO-01,Melanocyte,Pigment,26,VAX2,0.664841,0.82,program_neighbor,140,0.7955,SOX10
Set 2,MELANO-01,Melanocyte,Pigment,27,NR2E3,0.663025,0.85,program_neighbor,152,0.5429,MITF
Set 2,MELANO-01,Melanocyte,Pigment,28,NR2E1,0.662639,0.88,program_neighbor,36,0.2045,SOX10
Set 2,MELANO-01,Melanocyte,Pigment,29,DLX2,0.661827,0.92,program_neighbor,140,0.7910,SOX10
Set 2,MELANO-01,Melanocyte,Pigment,30,GRHL1,0.660802,0.95,program_neighbor,140,0.7910,SOX10
Set 2,MELANO-01,Melanocyte,Pigment,31,BARX1,0.660179,0.98,program_neighbor,140,0.7955,SOX10
Set 2,MELANO-01,Melanocyte,Pigment,32,SP8,0.659641,1.01,program_neighbor,10,0.0562,SOX10
Set 2,MELANO-01,Melanocyte,Pigment,33,SAMD7,0.658988,1.04,program_neighbor,20,0.0901,SOX10
Set 2,MELANO-01,Melanocyte,Pigment,34,SAMD11,0.656216,1.07,program_neighbor,59,0.2719,SOX10
Set 2,MELANO-01,Melanocyte,Pigment,35,KLF4,0.651090,1.11,program_neighbor,140,0.6195,SOX10
Set 2,MELANO-01,Melanocyte,Pigment,36,LENEP,0.648748,1.14,program_neighbor,2,0.0089,SOX10
Set 2,MELANO-01,Melanocyte,Pigment,37,BNC2,0.647924,1.17,program_neighbor,140,0.7865,SOX10
Set 2,MELANO-01,Melanocyte,Pigment,38,ZIC5,0.647421,1.20,program_neighbor,140,0.7910,SOX10
Set 2,MELANO-01,Melanocyte,Pigment,39,RAX2,0.642135,1.23,program_neighbor,37,0.1968,SOX10
Set 2,MELANO-01,Melanocyte,Pigment,40,CTNND1,0.637820,1.26,novel_prediction,0,0.0000,
Set 2,MELANO-01,Melanocyte,Pigment,41,TP63,0.637650,1.30,program_neighbor,176,1.0000,SOX10
Set 2,MELANO-01,Melanocyte,Pigment,42,NRL,0.631338,1.33,program_neighbor,140,0.7955,SOX10
Set 2,MELANO-01,Melanocyte,Pigment,43,ZEB1,0.629354,1.36,program_neighbor,147,0.7462,MITF
Set 2,MELANO-01,Melanocyte,Pigment,44,ZNF513,0.619996,1.39,program_neighbor,143,0.8125,SOX10
Set 2,MELANO-01,Melanocyte,Pigment,45,KLF9,0.615143,1.42,program_neighbor,140,0.7955,SOX10
Set 2,MELANO-01,Melanocyte,Pigment,46,RECQL4,0.614215,1.45,program_neighbor,24,0.0984,SOX10
Set 2,MELANO-01,Melanocyte,Pigment,47,TCF7L1,0.610550,1.48,program_neighbor,143,0.6356,SOX10
Set 2,MELANO-01,Melanocyte,Pigment,48,JUP,0.607163,1.52,novel_prediction,0,0.0000,
Set 2,MELANO-01,Melanocyte,Pigment,49,FOXN1,0.603512,1.55,program_neighbor,85,0.1601,SOX10
Set 2,MELANO-01,Melanocyte,Pigment,50,BNC1,0.603324,1.58,program_neighbor,77,0.4302,SOX10
Set 2,MELANO-02,Melanocyte,Pigment,1,TFAP2A,0.880070,0.03,program_neighbor,176,0.9362,MITF
Set 2,MELANO-02,Melanocyte,Pigment,2,PKP1,0.877579,0.06,program_neighbor,66,0.1019,MITF
Set 2,MELANO-02,Melanocyte,Pigment,3,SDR16C5,0.859298,0.09,program_neighbor,6,0.0259,MITF
Set 2,MELANO-02,Melanocyte,Pigment,4,IRF6,0.847305,0.13,program_neighbor,140,0.2578,MITF
Set 2,MELANO-02,Melanocyte,Pigment,5,IRX6,0.835506,0.16,program_neighbor,8,0.0348,MITF
Set 2,MELANO-02,Melanocyte,Pigment,6,ZNF750,0.809060,0.19,program_neighbor,1,0.0053,MITF
Set 2,MELANO-02,Melanocyte,Pigment,7,GRHL3,0.801184,0.22,program_neighbor,140,0.6604,MITF
Set 2,MELANO-02,Melanocyte,Pigment,8,EN1,0.773573,0.25,program_neighbor,51,0.2329,MITF
Set 2,MELANO-02,Melanocyte,Pigment,9,OVOL2,0.745574,0.28,program_neighbor,140,0.7447,MITF
Set 2,MELANO-02,Melanocyte,Pigment,10,BARX2,0.740374,0.32,program_neighbor,140,0.6604,MITF
Set 2,MELANO-02,Melanocyte,Pigment,11,ETV4,0.721393,0.35,program_neighbor,1,0.0053,MITF
Set 2,MELANO-02,Melanocyte,Pigment,12,ELF5,0.719039,0.38,program_neighbor,140,0.7447,MITF
Set 2,MELANO-02,Melanocyte,Pigment,13,ASCL4,0.699332,0.41,program_neighbor,2,0.0085,MITF
Set 2,MELANO-02,Melanocyte,Pigment,14,SP9,0.694166,0.44,program_neighbor,4,0.0171,MITF
Set 2,MELANO-02,Melanocyte,Pigment,15,HOXC13,0.690195,0.47,program_neighbor,140,0.7407,MITF
Set 2,MELANO-02,Melanocyte,Pigment,16,POU2F3,0.688740,0.51,program_neighbor,140,0.7447,MITF
Set 2,MELANO-02,Melanocyte,Pigment,17,ZBED2,0.684294,0.54,program_neighbor,8,0.0348,MITF
Set 2,MELANO-02,Melanocyte,Pigment,18,VSX2,0.680472,0.57,program_neighbor,5,0.0215,MITF
Set 2,MELANO-02,Melanocyte,Pigment,19,RAX,0.679404,0.60,program_neighbor,10,0.0532,MITF
Set 2,MELANO-02,Melanocyte,Pigment,20,TBX6,0.677379,0.63,program_neighbor,4,0.0168,MITF
Set 2,MELANO-02,Melanocyte,Pigment,21,SIX3,0.674731,0.66,program_neighbor,93,0.3891,MITF
Set 2,MELANO-02,Melanocyte,Pigment,22,TLE4,0.671936,0.69,program_neighbor,140,0.7407,MITF
Set 2,MELANO-02,Melanocyte,Pigment,23,VSX1,0.667659,0.73,program_neighbor,140,0.7447,MITF
Set 2,MELANO-02,Melanocyte,Pigment,24,GRHL2,0.665542,0.76,program_neighbor,141,0.2597,MITF
Set 2,MELANO-02,Melanocyte,Pigment,25,CRX,0.664841,0.79,program_neighbor,140,0.7447,MITF
Set 2,MELANO-02,Melanocyte,Pigment,26,VAX2,0.664841,0.82,program_neighbor,140,0.7447,MITF
Set 2,MELANO-02,Melanocyte,Pigment,27,NR2E3,0.663025,0.85,program_neighbor,152,0.5429,MITF
Set 2,MELANO-02,Melanocyte,Pigment,28,NR2E1,0.662639,0.88,program_neighbor,36,0.1915,MITF
Set 2,MELANO-02,Melanocyte,Pigment,29,DLX2,0.661827,0.92,program_neighbor,140,0.7407,MITF
Set 2,MELANO-02,Melanocyte,Pigment,30,GRHL1,0.660802,0.95,program_neighbor,140,0.7407,MITF
Set 2,MELANO-02,Melanocyte,Pigment,31,BARX1,0.660179,0.98,program_neighbor,140,0.7447,MITF
Set 2,MELANO-02,Melanocyte,Pigment,32,SP8,0.659641,1.01,program_neighbor,10,0.0526,MITF
Set 2,MELANO-02,Melanocyte,Pigment,33,SAMD7,0.658988,1.04,program_neighbor,20,0.0855,MITF
Set 2,MELANO-02,Melanocyte,Pigment,34,SAMD11,0.656216,1.07,program_neighbor,59,0.2576,MITF
Set 2,MELANO-02,Melanocyte,Pigment,35,KLF4,0.651090,1.11,program_neighbor,140,0.5882,MITF
Set 2,MELANO-02,Melanocyte,Pigment,36,LENEP,0.648748,1.14,program_neighbor,2,0.0085,MITF
Set 2,MELANO-02,Melanocyte,Pigment,37,BNC2,0.647924,1.17,program_neighbor,140,0.7368,MITF
Set 2,MELANO-02,Melanocyte,Pigment,38,ZIC5,0.647421,1.20,program_neighbor,140,0.7407,MITF
Set 2,MELANO-02,Melanocyte,Pigment,39,RAX2,0.642135,1.23,program_neighbor,37,0.1850,MITF
Set 2,MELANO-02,Melanocyte,Pigment,40,CTNND1,0.637820,1.26,novel_prediction,0,0.0000,
Set 2,MELANO-02,Melanocyte,Pigment,41,TP63,0.637650,1.30,program_neighbor,176,0.9362,MITF
Set 2,MELANO-02,Melanocyte,Pigment,42,NRL,0.631338,1.33,program_neighbor,140,0.7447,MITF
Set 2,MELANO-02,Melanocyte,Pigment,43,ZEB1,0.629354,1.36,program_neighbor,147,0.7462,MITF
Set 2,MELANO-02,Melanocyte,Pigment,44,ZNF513,0.619996,1.39,program_neighbor,143,0.7606,MITF
Set 2,MELANO-02,Melanocyte,Pigment,45,KLF9,0.615143,1.42,program_neighbor,140,0.7447,MITF
Set 2,MELANO-02,Melanocyte,Pigment,46,RECQL4,0.614215,1.45,program_neighbor,24,0.0938,MITF
Set 2,MELANO-02,Melanocyte,Pigment,47,TCF7L1,0.610550,1.48,program_neighbor,143,0.6034,MITF
Set 2,MELANO-02,Melanocyte,Pigment,48,JUP,0.607163,1.52,novel_prediction,0,0.0000,
Set 2,MELANO-02,Melanocyte,Pigment,49,FOXN1,0.603512,1.55,program_neighbor,85,0.1565,MITF
Set 2,MELANO-02,Melanocyte,Pigment,50,BNC1,0.603324,1.58,program_neighbor,77,0.4031,MITF
Set 2,PHOTO-01,Photoreceptor,Sensory,1,SAMD7,0.677850,0.03,program_neighbor,20,0.1075,OTX2
Set 2,PHOTO-01,Photoreceptor,Sensory,2,IRX6,0.676129,0.06,program_neighbor,6,0.0326,OTX2
Set 2,PHOTO-01,Photoreceptor,Sensory,3,SDR16C5,0.671451,0.09,program_neighbor,3,0.0160,OTX2
Set 2,PHOTO-01,Photoreceptor,Sensory,4,VSX1,0.668087,0.13,program_neighbor,140,1.0000,OTX2
Set 2,PHOTO-01,Photoreceptor,Sensory,5,SAMD11,0.664898,0.16,program_neighbor,59,0.3260,OTX2
Set 2,PHOTO-01,Photoreceptor,Sensory,6,SIX3,0.658950,0.19,program_neighbor,93,0.4869,OTX2
Set 2,PHOTO-01,Photoreceptor,Sensory,7,VSX2,0.657600,0.22,program_neighbor,2,0.0106,OTX2
Set 2,PHOTO-01,Photoreceptor,Sensory,8,NR2E3,0.653077,0.25,program_neighbor,140,0.5738,OTX2
Set 2,PHOTO-01,Photoreceptor,Sensory,9,TFAP2A,0.646917,0.28,program_neighbor,140,0.7955,OTX2
Set 2,PHOTO-01,Photoreceptor,Sensory,10,TLE4,0.643986,0.32,program_neighbor,140,0.9929,OTX2
Set 2,PHOTO-01,Photoreceptor,Sensory,11,DLX2,0.641254,0.35,program_neighbor,140,0.9929,OTX2
Set 2,PHOTO-01,Photoreceptor,Sensory,12,CRX,0.639416,0.38,known_factor,140,1.0000,OTX2
Set 2,PHOTO-01,Photoreceptor,Sensory,13,VAX2,0.639389,0.41,program_neighbor,140,1.0000,OTX2
Set 2,PHOTO-01,Photoreceptor,Sensory,14,LENEP,0.634203,0.44,program_neighbor,2,0.0106,OTX2
Set 2,PHOTO-01,Photoreceptor,Sensory,15,IMPDH1,0.611037,0.47,novel_prediction,0,0.0000,
Set 2,PHOTO-01,Photoreceptor,Sensory,16,ZEB1,0.607465,0.51,program_neighbor,140,0.8974,OTX2
Set 2,PHOTO-01,Photoreceptor,Sensory,17,RAX,0.606502,0.54,known_factor,10,1.0000,RAX
Set 2,PHOTO-01,Photoreceptor,Sensory,18,NRL,0.606241,0.57,known_cofactor,140,1.0000,OTX2
Set 2,PHOTO-01,Photoreceptor,Sensory,19,ZHX2,0.590845,0.60,program_neighbor,51,0.2982,OTX2
Set 2,PHOTO-01,Photoreceptor,Sensory,20,RAX2,0.590794,0.63,program_neighbor,1,0.0053,OTX2
Set 2,PHOTO-01,Photoreceptor,Sensory,21,ZNF513,0.585805,0.66,program_neighbor,140,0.9790,OTX2
Set 2,PHOTO-01,Photoreceptor,Sensory,22,NR2E1,0.576379,0.69,novel_prediction,0,0.0000,
Set 2,PHOTO-01,Photoreceptor,Sensory,23,ARHGAP35,0.557417,0.73,program_neighbor,3,0.0183,OTX2
Set 2,PHOTO-01,Photoreceptor,Sensory,24,ZNF408,0.543376,0.76,program_neighbor,1,0.0053,OTX2
Set 2,PHOTO-01,Photoreceptor,Sensory,25,TLE5,0.541966,0.79,program_neighbor,140,1.0000,OTX2
Set 2,PHOTO-01,Photoreceptor,Sensory,26,ATF6,0.539857,0.82,program_neighbor,140,0.5691,OTX2
Set 2,PHOTO-01,Photoreceptor,Sensory,27,FIZ1,0.520288,0.85,novel_prediction,0,0.0000,
Set 2,PHOTO-01,Photoreceptor,Sensory,28,MAK,0.506828,0.88,program_neighbor,7,0.0427,OTX2
Set 2,PHOTO-01,Photoreceptor,Sensory,29,LYAR,0.499409,0.92,program_neighbor,83,0.1677,OTX2
Set 2,PHOTO-01,Photoreceptor,Sensory,30,PTF1A,0.487525,0.95,program_neighbor,140,0.9929,OTX2
Set 2,PHOTO-01,Photoreceptor,Sensory,31,DLX1,0.483218,0.98,program_neighbor,3,0.0160,OTX2
Set 2,PHOTO-01,Photoreceptor,Sensory,32,ZIC2,0.481512,1.01,program_neighbor,140,0.9929,OTX2
Set 2,PHOTO-01,Photoreceptor,Sensory,33,VAX1,0.478838,1.04,program_neighbor,140,1.0000,OTX2
Set 2,PHOTO-01,Photoreceptor,Sensory,34,ATOH7,0.474792,1.07,program_neighbor,4,0.0215,OTX2
Set 2,PHOTO-01,Photoreceptor,Sensory,35,PER3,0.474308,1.11,program_neighbor,10,0.7692,RAX
Set 2,PHOTO-01,Photoreceptor,Sensory,36,FOXE3,0.473485,1.14,program_neighbor,140,0.7955,OTX2
Set 2,PHOTO-01,Photoreceptor,Sensory,37,PITX3,0.473117,1.17,program_neighbor,140,1.0000,OTX2
Set 2,PHOTO-01,Photoreceptor,Sensory,38,OVOL2,0.463278,1.20,program_neighbor,140,1.0000,OTX2
Set 2,PHOTO-01,Photoreceptor,Sensory,39,PRDM8,0.446950,1.23,program_neighbor,140,0.9929,OTX2
Set 2,PHOTO-01,Photoreceptor,Sensory,40,HSF4,0.438255,1.26,program_neighbor,1,0.0070,OTX2
Set 2,PHOTO-01,Photoreceptor,Sensory,41,FOXN4,0.436464,1.30,program_neighbor,140,0.9859,OTX2
Set 2,PHOTO-01,Photoreceptor,Sensory,42,SIX5,0.427435,1.33,program_neighbor,93,0.5407,OTX2
Set 2,PHOTO-01,Photoreceptor,Sensory,43,PROX1,0.425330,1.36,program_neighbor,140,0.9929,OTX2
Set 2,PHOTO-01,Photoreceptor,Sensory,44,IKZF1,0.421034,1.39,program_neighbor,140,0.9929,OTX2
Set 2,PHOTO-01,Photoreceptor,Sensory,45,GRHL2,0.419457,1.42,program_neighbor,140,0.2823,OTX2
Set 2,PHOTO-01,Photoreceptor,Sensory,46,RORB,0.418939,1.45,program_neighbor,140,1.0000,OTX2
Set 2,PHOTO-01,Photoreceptor,Sensory,47,ISL1,0.416995,1.48,program_neighbor,140,0.9859,OTX2
Set 2,PHOTO-01,Photoreceptor,Sensory,48,POU4F2,0.416719,1.52,program_neighbor,140,0.7910,OTX2
Set 2,PHOTO-01,Photoreceptor,Sensory,49,FOXD1,0.416574,1.55,program_neighbor,140,0.9929,OTX2
Set 2,PHOTO-01,Photoreceptor,Sensory,50,AHR,0.391784,1.58,program_neighbor,140,0.2504,OTX2
Set 2,PHOTO-02,Rod photoreceptor,Sensory,1,SAMD7,0.672514,0.03,program_neighbor,20,0.1075,OTX2
Set 2,PHOTO-02,Rod photoreceptor,Sensory,2,IRX6,0.670748,0.06,program_neighbor,6,0.0326,OTX2
Set 2,PHOTO-02,Rod photoreceptor,Sensory,3,SDR16C5,0.664218,0.09,program_neighbor,3,0.0160,OTX2
Set 2,PHOTO-02,Rod photoreceptor,Sensory,4,VSX1,0.654490,0.13,program_neighbor,140,1.0000,OTX2
Set 2,PHOTO-02,Rod photoreceptor,Sensory,5,VSX2,0.653273,0.16,program_neighbor,2,0.0106,OTX2
Set 2,PHOTO-02,Rod photoreceptor,Sensory,6,SAMD11,0.652055,0.19,program_neighbor,59,0.3260,OTX2
Set 2,PHOTO-02,Rod photoreceptor,Sensory,7,SIX3,0.652009,0.22,program_neighbor,93,0.4869,OTX2
Set 2,PHOTO-02,Rod photoreceptor,Sensory,8,NR2E3,0.646973,0.25,program_neighbor,140,0.5738,OTX2
Set 2,PHOTO-02,Rod photoreceptor,Sensory,9,TFAP2A,0.638566,0.28,program_neighbor,140,0.7955,OTX2
Set 2,PHOTO-02,Rod photoreceptor,Sensory,10,TLE4,0.634355,0.32,program_neighbor,140,0.9929,OTX2
Set 2,PHOTO-02,Rod photoreceptor,Sensory,11,LENEP,0.629422,0.35,program_neighbor,2,0.0106,OTX2
Set 2,PHOTO-02,Rod photoreceptor,Sensory,12,DLX2,0.627729,0.38,program_neighbor,140,0.9929,OTX2
Set 2,PHOTO-02,Rod photoreceptor,Sensory,13,CRX,0.625819,0.41,known_factor,140,1.0000,OTX2
Set 2,PHOTO-02,Rod photoreceptor,Sensory,14,VAX2,0.625792,0.44,program_neighbor,140,1.0000,OTX2
Set 2,PHOTO-02,Rod photoreceptor,Sensory,15,IMPDH1,0.599124,0.47,novel_prediction,0,0.0000,
Set 2,PHOTO-02,Rod photoreceptor,Sensory,16,ZEB1,0.598802,0.51,program_neighbor,140,0.8974,OTX2
Set 2,PHOTO-02,Rod photoreceptor,Sensory,17,NRL,0.592644,0.54,known_factor,140,1.0000,OTX2
Set 2,PHOTO-02,Rod photoreceptor,Sensory,18,RAX2,0.587332,0.57,program_neighbor,1,0.0053,OTX2
Set 2,PHOTO-02,Rod photoreceptor,Sensory,19,ZHX2,0.579874,0.60,program_neighbor,51,0.2982,OTX2
Set 2,PHOTO-02,Rod photoreceptor,Sensory,20,RAX,0.575631,0.63,known_cofactor,10,0.0714,OTX2
Set 2,PHOTO-02,Rod photoreceptor,Sensory,21,NR2E1,0.574216,0.66,novel_prediction,0,0.0000,
Set 2,PHOTO-02,Rod photoreceptor,Sensory,22,ZNF513,0.574007,0.69,program_neighbor,140,0.9790,OTX2
Set 2,PHOTO-02,Rod photoreceptor,Sensory,23,ARHGAP35,0.553167,0.73,program_neighbor,3,0.0183,OTX2
Set 2,PHOTO-02,Rod photoreceptor,Sensory,24,ZNF408,0.536803,0.76,program_neighbor,1,0.0053,OTX2
Set 2,PHOTO-02,Rod photoreceptor,Sensory,25,ATF6,0.533368,0.79,program_neighbor,140,0.5691,OTX2
Set 2,PHOTO-02,Rod photoreceptor,Sensory,26,TLE5,0.528369,0.82,program_neighbor,140,1.0000,OTX2
Set 2,PHOTO-02,Rod photoreceptor,Sensory,27,FIZ1,0.520288,0.85,novel_prediction,0,0.0000,
Set 2,PHOTO-02,Rod photoreceptor,Sensory,28,LYAR,0.497534,0.88,program_neighbor,83,0.1677,OTX2
Set 2,PHOTO-02,Rod photoreceptor,Sensory,29,MAK,0.490812,0.92,program_neighbor,7,0.0427,OTX2
Set 2,PHOTO-02,Rod photoreceptor,Sensory,30,PTF1A,0.473999,0.95,program_neighbor,140,0.9929,OTX2
Set 2,PHOTO-02,Rod photoreceptor,Sensory,31,ATOH7,0.473843,0.98,program_neighbor,4,0.0215,OTX2
Set 2,PHOTO-02,Rod photoreceptor,Sensory,32,DLX1,0.472380,1.01,program_neighbor,3,0.0160,OTX2
Set 2,PHOTO-02,Rod photoreceptor,Sensory,33,ZIC2,0.467987,1.04,program_neighbor,140,0.9929,OTX2
Set 2,PHOTO-02,Rod photoreceptor,Sensory,34,VAX1,0.465241,1.07,program_neighbor,140,1.0000,OTX2
Set 2,PHOTO-02,Rod photoreceptor,Sensory,35,FOXE3,0.465134,1.11,program_neighbor,140,0.7955,OTX2
Set 2,PHOTO-02,Rod photoreceptor,Sensory,36,PITX3,0.459520,1.14,program_neighbor,140,1.0000,OTX2
Set 2,PHOTO-02,Rod photoreceptor,Sensory,37,PER3,0.450539,1.17,program_neighbor,10,0.0699,OTX2
Set 2,PHOTO-02,Rod photoreceptor,Sensory,38,OVOL2,0.449681,1.20,program_neighbor,140,1.0000,OTX2
Set 2,PHOTO-02,Rod photoreceptor,Sensory,39,HSF4,0.441601,1.23,program_neighbor,1,0.0070,OTX2
Set 2,PHOTO-02,Rod photoreceptor,Sensory,40,PRDM8,0.433425,1.26,program_neighbor,140,0.9929,OTX2
Set 2,PHOTO-02,Rod photoreceptor,Sensory,41,FOXN4,0.423010,1.30,program_neighbor,140,0.9859,OTX2
Set 2,PHOTO-02,Rod photoreceptor,Sensory,42,SIX5,0.418403,1.33,program_neighbor,93,0.5407,OTX2
Set 2,PHOTO-02,Rod photoreceptor,Sensory,43,GRHL2,0.413423,1.36,program_neighbor,140,0.2823,OTX2
Set 2,PHOTO-02,Rod photoreceptor,Sensory,44,PROX1,0.411805,1.39,program_neighbor,140,0.9929,OTX2
Set 2,PHOTO-02,Rod photoreceptor,Sensory,45,POU4F2,0.408414,1.42,program_neighbor,140,0.7910,OTX2
Set 2,PHOTO-02,Rod photoreceptor,Sensory,46,IKZF1,0.407509,1.45,program_neighbor,140,0.9929,OTX2
Set 2,PHOTO-02,Rod photoreceptor,Sensory,47,RORB,0.405342,1.48,program_neighbor,140,1.0000,OTX2
Set 2,PHOTO-02,Rod photoreceptor,Sensory,48,ISL1,0.403773,1.52,program_neighbor,140,0.9859,OTX2
Set 2,PHOTO-02,Rod photoreceptor,Sensory,49,FOXD1,0.403049,1.55,program_neighbor,140,0.9929,OTX2
Set 2,PHOTO-02,Rod photoreceptor,Sensory,50,AHR,0.389069,1.58,program_neighbor,140,0.2504,OTX2
Set 2,PHOTO-03,Photoreceptor,Sensory,1,SAMD7,0.678908,0.03,program_neighbor,20,0.1075,CRX
Set 2,PHOTO-03,Photoreceptor,Sensory,2,IRX6,0.678643,0.06,program_neighbor,6,0.0326,CRX
Set 2,PHOTO-03,Photoreceptor,Sensory,3,SDR16C5,0.673303,0.09,program_neighbor,3,0.0160,CRX
Set 2,PHOTO-03,Photoreceptor,Sensory,4,VSX2,0.661828,0.13,program_neighbor,2,0.0106,CRX
Set 2,PHOTO-03,Photoreceptor,Sensory,5,SAMD11,0.659290,0.16,program_neighbor,59,0.3260,CRX
Set 2,PHOTO-03,Photoreceptor,Sensory,6,VSX1,0.657687,0.19,program_neighbor,140,1.0000,CRX
Set 2,PHOTO-03,Photoreceptor,Sensory,7,NR2E3,0.654540,0.22,program_neighbor,140,0.5738,CRX
Set 2,PHOTO-03,Photoreceptor,Sensory,8,SIX3,0.645218,0.25,program_neighbor,93,0.4869,CRX
Set 2,PHOTO-03,Photoreceptor,Sensory,9,TFAP2A,0.641763,0.28,program_neighbor,140,0.7955,CRX
Set 2,PHOTO-03,Photoreceptor,Sensory,10,LENEP,0.639491,0.32,program_neighbor,2,0.0106,CRX
Set 2,PHOTO-03,Photoreceptor,Sensory,11,TLE4,0.637889,0.35,program_neighbor,140,0.9929,CRX
Set 2,PHOTO-03,Photoreceptor,Sensory,12,CRX,0.629016,0.38,known_factor,140,1.0000,CRX
Set 2,PHOTO-03,Photoreceptor,Sensory,13,VAX2,0.628988,0.41,program_neighbor,140,1.0000,CRX
Set 2,PHOTO-03,Photoreceptor,Sensory,14,DLX2,0.626990,0.44,program_neighbor,140,0.9929,CRX
Set 2,PHOTO-03,Photoreceptor,Sensory,15,ZEB1,0.602176,0.47,program_neighbor,140,0.8974,CRX
Set 2,PHOTO-03,Photoreceptor,Sensory,16,IMPDH1,0.600818,0.51,novel_prediction,0,0.0000,
Set 2,PHOTO-03,Photoreceptor,Sensory,17,RAX2,0.596082,0.54,program_neighbor,1,0.0053,CRX
Set 2,PHOTO-03,Photoreceptor,Sensory,18,NRL,0.595841,0.57,known_cofactor,140,1.0000,CRX
Set 2,PHOTO-03,Photoreceptor,Sensory,19,ZHX2,0.586268,0.60,program_neighbor,51,0.2982,CRX
Set 2,PHOTO-03,Photoreceptor,Sensory,20,NR2E1,0.578759,0.63,novel_prediction,0,0.0000,
Set 2,PHOTO-03,Photoreceptor,Sensory,21,ZNF513,0.577204,0.66,program_neighbor,140,0.9790,CRX
Set 2,PHOTO-03,Photoreceptor,Sensory,22,RAX,0.570584,0.69,known_factor,10,1.0000,RAX
Set 2,PHOTO-03,Photoreceptor,Sensory,23,ARHGAP35,0.552494,0.73,program_neighbor,3,0.0183,CRX
Set 2,PHOTO-03,Photoreceptor,Sensory,24,ZNF408,0.548529,0.76,program_neighbor,1,0.0053,CRX
Set 2,PHOTO-03,Photoreceptor,Sensory,25,ATF6,0.542904,0.79,program_neighbor,140,0.5691,CRX
Set 2,PHOTO-03,Photoreceptor,Sensory,26,TLE5,0.531566,0.82,program_neighbor,140,1.0000,CRX
Set 2,PHOTO-03,Photoreceptor,Sensory,27,MAK,0.506841,0.85,program_neighbor,7,0.0427,CRX
Set 2,PHOTO-03,Photoreceptor,Sensory,28,LYAR,0.504433,0.88,program_neighbor,83,0.1677,CRX
Set 2,PHOTO-03,Photoreceptor,Sensory,29,DLX1,0.485336,0.92,program_neighbor,3,0.0160,CRX
Set 2,PHOTO-03,Photoreceptor,Sensory,30,FIZ1,0.478344,0.95,novel_prediction,0,0.0000,
Set 2,PHOTO-03,Photoreceptor,Sensory,31,ATOH7,0.475849,0.98,program_neighbor,4,0.0215,CRX
Set 2,PHOTO-03,Photoreceptor,Sensory,32,PTF1A,0.473261,1.01,program_neighbor,140,0.9929,CRX
Set 2,PHOTO-03,Photoreceptor,Sensory,33,VAX1,0.468438,1.04,program_neighbor,140,1.0000,CRX
Set 2,PHOTO-03,Photoreceptor,Sensory,34,FOXE3,0.468331,1.07,program_neighbor,140,0.7955,CRX
Set 2,PHOTO-03,Photoreceptor,Sensory,35,ZIC2,0.467248,1.11,program_neighbor,140,0.9929,CRX
Set 2,PHOTO-03,Photoreceptor,Sensory,36,PITX3,0.462717,1.14,program_neighbor,140,1.0000,CRX
Set 2,PHOTO-03,Photoreceptor,Sensory,37,OVOL2,0.452878,1.17,program_neighbor,140,1.0000,CRX
Set 2,PHOTO-03,Photoreceptor,Sensory,38,PER3,0.450035,1.20,program_neighbor,10,0.7692,RAX
Set 2,PHOTO-03,Photoreceptor,Sensory,39,HSF4,0.445976,1.23,program_neighbor,1,0.0070,CRX
Set 2,PHOTO-03,Photoreceptor,Sensory,40,PRDM8,0.432687,1.26,program_neighbor,140,0.9929,CRX
Set 2,PHOTO-03,Photoreceptor,Sensory,41,FOXN4,0.426207,1.30,program_neighbor,140,0.9859,CRX
Set 2,PHOTO-03,Photoreceptor,Sensory,42,SIX5,0.424797,1.33,program_neighbor,93,0.5407,CRX
Set 2,PHOTO-03,Photoreceptor,Sensory,43,GRHL2,0.420826,1.36,program_neighbor,140,0.2823,CRX
Set 2,PHOTO-03,Photoreceptor,Sensory,44,PROX1,0.415002,1.39,program_neighbor,140,0.9929,CRX
Set 2,PHOTO-03,Photoreceptor,Sensory,45,IKZF1,0.410706,1.42,program_neighbor,140,0.9929,CRX
Set 2,PHOTO-03,Photoreceptor,Sensory,46,RORB,0.408539,1.45,program_neighbor,140,1.0000,CRX
Set 2,PHOTO-03,Photoreceptor,Sensory,47,POU4F2,0.407723,1.48,program_neighbor,140,0.7910,CRX
Set 2,PHOTO-03,Photoreceptor,Sensory,48,ISL1,0.406970,1.52,program_neighbor,140,0.9859,CRX
Set 2,PHOTO-03,Photoreceptor,Sensory,49,HIPK1,0.406560,1.55,program_neighbor,1,0.0065,CRX
Set 2,PHOTO-03,Photoreceptor,Sensory,50,FOXD1,0.402310,1.58,program_neighbor,140,0.9929,CRX
Set 2,NEURON-21,Striatal MSN,Neuron,1,EN2,0.711017,0.03,program_neighbor,14,0.0782,BCL11B
Set 2,NEURON-21,Striatal MSN,Neuron,2,FOXG1,0.701394,0.06,known_cofactor,1,0.0071,DLX2
Set 2,NEURON-21,Striatal MSN,Neuron,3,TBR1,0.693769,0.09,program_neighbor,140,0.9929,DLX2
Set 2,NEURON-21,Striatal MSN,Neuron,4,ZIC2,0.676308,0.13,program_neighbor,141,1.0000,DLX2
Set 2,NEURON-21,Striatal MSN,Neuron,5,ZIC1,0.666974,0.16,program_neighbor,140,0.9929,DLX2
Set 2,NEURON-21,Striatal MSN,Neuron,6,NEUROD2,0.663863,0.19,known_cofactor,179,0.8429,BCL11B
Set 2,NEURON-21,Striatal MSN,Neuron,7,MYT1L,0.653252,0.22,known_factor,144,1.0000,MYT1L
Set 2,NEURON-21,Striatal MSN,Neuron,8,DLX1,0.631927,0.25,known_factor,50,1.0000,DLX1
Set 2,NEURON-21,Striatal MSN,Neuron,9,RORB,0.615711,0.28,program_neighbor,140,0.9929,DLX2
Set 2,NEURON-21,Striatal MSN,Neuron,10,OTUD7A,0.615032,0.32,program_neighbor,10,0.0709,DLX2
Set 2,NEURON-21,Striatal MSN,Neuron,11,ACTL6B,0.608512,0.35,program_neighbor,79,0.4643,MYT1L
Set 2,NEURON-21,Striatal MSN,Neuron,12,POU3F3,0.606339,0.38,program_neighbor,177,0.9516,BCL11B
Set 2,NEURON-21,Striatal MSN,Neuron,13,ETV1,0.602547,0.41,program_neighbor,140,0.9929,DLX2
Set 2,NEURON-21,Striatal MSN,Neuron,14,PAX6,0.601543,0.44,known_cofactor,140,0.9929,DLX2
Set 2,NEURON-21,Striatal MSN,Neuron,15,BHLHE22,0.596386,0.47,program_neighbor,11,0.0780,DLX2
Set 2,NEURON-21,Striatal MSN,Neuron,16,FEZF2,0.594978,0.51,program_neighbor,141,1.0000,DLX2
Set 2,NEURON-21,Striatal MSN,Neuron,17,CHD5,0.590222,0.54,program_neighbor,93,0.4715,MYT1L
Set 2,NEURON-21,Striatal MSN,Neuron,18,SCRT2,0.581318,0.57,program_neighbor,141,1.0000,DLX2
Set 2,NEURON-21,Striatal MSN,Neuron,19,SCRT1,0.575819,0.60,program_neighbor,141,0.9859,DLX2
Set 2,NEURON-21,Striatal MSN,Neuron,20,SOHLH1,0.575468,0.63,program_neighbor,140,0.9929,DLX2
Set 2,NEURON-21,Striatal MSN,Neuron,21,NAP1L2,0.571946,0.66,program_neighbor,1,0.0071,DLX2
Set 2,NEURON-21,Striatal MSN,Neuron,22,OTX2,0.570393,0.69,program_neighbor,140,0.9929,DLX2
Set 2,NEURON-21,Striatal MSN,Neuron,23,VSX1,0.568793,0.73,program_neighbor,140,0.9929,DLX2
Set 2,NEURON-21,Striatal MSN,Neuron,24,PTPRN,0.564924,0.76,program_neighbor,57,0.3198,DLX2
Set 2,NEURON-21,Striatal MSN,Neuron,25,NEUROD1,0.560598,0.79,known_cofactor,140,0.9929,DLX2
Set 2,NEURON-21,Striatal MSN,Neuron,26,CELF3,0.559070,0.82,program_neighbor,10,0.0455,DLX2
Set 2,NEURON-21,Striatal MSN,Neuron,27,MAPT,0.558980,0.85,program_neighbor,51,0.2618,BCL11B
Set 2,NEURON-21,Striatal MSN,Neuron,28,NKX6-2,0.558491,0.88,program_neighbor,140,0.9929,DLX2
Set 2,NEURON-21,Striatal MSN,Neuron,29,PURG,0.557283,0.92,program_neighbor,10,0.0709,DLX2
Set 2,NEURON-21,Striatal MSN,Neuron,30,DEAF1,0.553720,0.95,program_neighbor,142,0.9930,DLX2
Set 2,NEURON-21,Striatal MSN,Neuron,31,INSM2,0.552085,0.98,program_neighbor,11,0.0764,MYT1L
Set 2,NEURON-21,Striatal MSN,Neuron,32,AFF3,0.550934,1.01,program_neighbor,141,0.9859,DLX2
Set 2,NEURON-21,Striatal MSN,Neuron,33,CUX2,0.550482,1.04,program_neighbor,6,0.0233,DLX1
Set 2,NEURON-21,Striatal MSN,Neuron,34,DPF3,0.546248,1.07,program_neighbor,2,0.0142,DLX2
Set 2,NEURON-21,Striatal MSN,Neuron,35,DDN,0.545948,1.11,program_neighbor,65,0.3246,MYT1L
Set 2,NEURON-21,Striatal MSN,Neuron,36,VAX2,0.545624,1.14,program_neighbor,140,0.9929,DLX2
Set 2,NEURON-21,Striatal MSN,Neuron,37,KHDRBS3,0.540956,1.17,program_neighbor,11,0.0780,DLX2
Set 2,NEURON-21,Striatal MSN,Neuron,38,CRYM,0.536802,1.20,program_neighbor,38,0.1937,BCL11B
Set 2,NEURON-21,Striatal MSN,Neuron,39,EMX1,0.536772,1.23,program_neighbor,10,0.0709,DLX2
Set 2,NEURON-21,Striatal MSN,Neuron,40,PRDM13,0.533921,1.26,program_neighbor,11,0.0780,DLX2
Set 2,NEURON-21,Striatal MSN,Neuron,41,CRTC1,0.529860,1.30,program_neighbor,54,0.3023,DLX2
Set 2,NEURON-21,Striatal MSN,Neuron,42,POU3F2,0.528786,1.33,known_cofactor,141,1.0000,DLX2
Set 2,NEURON-21,Striatal MSN,Neuron,43,BARHL2,0.527021,1.36,program_neighbor,140,0.9929,DLX2
Set 2,NEURON-21,Striatal MSN,Neuron,44,SATB2,0.525676,1.39,program_neighbor,140,0.9790,DLX2
Set 2,NEURON-21,Striatal MSN,Neuron,45,ZNF711,0.525375,1.42,program_neighbor,140,0.9859,DLX2
Set 2,NEURON-21,Striatal MSN,Neuron,46,ZIC5,0.525178,1.45,program_neighbor,140,0.9859,DLX2
Set 2,NEURON-21,Striatal MSN,Neuron,47,ZBTB18,0.524515,1.48,program_neighbor,5,0.0178,BCL11B
Set 2,NEURON-21,Striatal MSN,Neuron,48,PRDM8,0.523322,1.52,program_neighbor,141,1.0000,DLX2
Set 2,NEURON-21,Striatal MSN,Neuron,49,RBFOX3,0.521498,1.55,program_neighbor,55,0.2342,DLX2
Set 2,NEURON-21,Striatal MSN,Neuron,50,SOX11,0.520240,1.58,program_neighbor,141,0.9860,DLX2
Set 2,NEURON-22,Cortical neuron,Neuron,1,FOXG1,0.745248,0.03,known_cofactor,1,0.0071,NR4A2
Set 2,NEURON-22,Cortical neuron,Neuron,2,EN2,0.731059,0.06,program_neighbor,11,0.0714,NEUROG2
Set 2,NEURON-22,Cortical neuron,Neuron,3,NEUROD2,0.712526,0.09,known_cofactor,141,0.6731,NR4A2
Set 2,NEURON-22,Cortical neuron,Neuron,4,TBR1,0.692311,0.13,program_neighbor,140,1.0000,NR4A2
Set 2,NEURON-22,Cortical neuron,Neuron,5,ZIC1,0.684030,0.16,program_neighbor,140,1.0000,NR4A2
Set 2,NEURON-22,Cortical neuron,Neuron,6,CUX2,0.673644,0.19,program_neighbor,3,0.0171,NR4A2
Set 2,NEURON-22,Cortical neuron,Neuron,7,ZIC2,0.670833,0.22,program_neighbor,141,0.9929,NR4A2
Set 2,NEURON-22,Cortical neuron,Neuron,8,MYT1L,0.667171,0.25,known_cofactor,140,0.9722,NR4A2
Set 2,NEURON-22,Cortical neuron,Neuron,9,ACTL6B,0.639438,0.28,program_neighbor,77,0.4667,NR4A2
Set 2,NEURON-22,Cortical neuron,Neuron,10,MAPT,0.638611,0.32,program_neighbor,13,0.0632,NR4A2
Set 2,NEURON-22,Cortical neuron,Neuron,11,PAX6,0.635729,0.35,known_cofactor,140,1.0000,NR4A2
Set 2,NEURON-22,Cortical neuron,Neuron,12,POU3F3,0.633980,0.38,program_neighbor,141,0.7609,NR4A2
Set 2,NEURON-22,Cortical neuron,Neuron,13,ETV1,0.624817,0.41,program_neighbor,140,1.0000,NR4A2
Set 2,NEURON-22,Cortical neuron,Neuron,14,CTNND2,0.622250,0.44,program_neighbor,19,0.0309,NR4A2
Set 2,NEURON-22,Cortical neuron,Neuron,15,OTUD7A,0.618534,0.47,program_neighbor,10,0.0714,NR4A2
Set 2,NEURON-22,Cortical neuron,Neuron,16,RORB,0.615307,0.51,program_neighbor,140,1.0000,NR4A2
Set 2,NEURON-22,Cortical neuron,Neuron,17,SCRT1,0.612186,0.54,program_neighbor,140,0.9929,NR4A2
Set 2,NEURON-22,Cortical neuron,Neuron,18,ZBTB18,0.611296,0.57,program_neighbor,2,0.0106,NR4A2
Set 2,NEURON-22,Cortical neuron,Neuron,19,CHD5,0.605647,0.60,program_neighbor,90,0.4737,NR4A2
Set 2,NEURON-22,Cortical neuron,Neuron,20,KHDRBS3,0.602602,0.63,program_neighbor,11,0.0786,NR4A2
Set 2,NEURON-22,Cortical neuron,Neuron,21,DEAF1,0.593061,0.66,program_neighbor,141,0.9859,NR4A2
Set 2,NEURON-22,Cortical neuron,Neuron,22,NAP1L2,0.586824,0.69,program_neighbor,1,0.0071,NR4A2
Set 2,NEURON-22,Cortical neuron,Neuron,23,UNCX,0.585422,0.73,program_neighbor,14,0.0966,NR4A2
Set 2,NEURON-22,Cortical neuron,Neuron,24,SCRT2,0.577464,0.76,program_neighbor,141,0.9929,NR4A2
Set 2,NEURON-22,Cortical neuron,Neuron,25,NEUROD1,0.576016,0.79,known_cofactor,140,1.0000,NR4A2
Set 2,NEURON-22,Cortical neuron,Neuron,26,CHD7,0.574970,0.82,program_neighbor,141,0.7735,NR4A2
Set 2,NEURON-22,Cortical neuron,Neuron,27,BARHL2,0.574882,0.85,program_neighbor,140,1.0000,NR4A2
Set 2,NEURON-22,Cortical neuron,Neuron,28,FEZF2,0.571779,0.88,program_neighbor,141,0.9929,NR4A2
Set 2,NEURON-22,Cortical neuron,Neuron,29,ZIC5,0.571463,0.92,program_neighbor,140,0.9929,NR4A2
Set 2,NEURON-22,Cortical neuron,Neuron,30,ZIC3,0.571066,0.95,program_neighbor,140,0.9929,NR4A2
Set 2,NEURON-22,Cortical neuron,Neuron,31,INSM2,0.570212,0.98,program_neighbor,10,0.0709,NR4A2
Set 2,NEURON-22,Cortical neuron,Neuron,32,VAX2,0.569932,1.01,program_neighbor,140,1.0000,NR4A2
Set 2,NEURON-22,Cortical neuron,Neuron,33,PURG,0.566565,1.04,program_neighbor,10,0.0714,NR4A2
Set 2,NEURON-22,Cortical neuron,Neuron,34,BHLHE22,0.565394,1.07,program_neighbor,11,0.0909,NEUROG2
Set 2,NEURON-22,Cortical neuron,Neuron,35,CRYM,0.563643,1.11,program_neighbor,1,0.0053,NR4A2
Set 2,NEURON-22,Cortical neuron,Neuron,36,DDN,0.562859,1.14,program_neighbor,61,0.3245,NR4A2
Set 2,NEURON-22,Cortical neuron,Neuron,37,VSX1,0.561671,1.17,program_neighbor,140,1.0000,NR4A2
Set 2,NEURON-22,Cortical neuron,Neuron,38,BCL11A,0.560296,1.20,program_neighbor,140,0.7692,NR4A2
Set 2,NEURON-22,Cortical neuron,Neuron,39,CELF4,0.558168,1.23,program_neighbor,4,0.0215,NR4A2
Set 2,NEURON-22,Cortical neuron,Neuron,40,DPF3,0.552645,1.26,program_neighbor,2,0.0143,NR4A2
Set 2,NEURON-22,Cortical neuron,Neuron,41,NKX6-2,0.551898,1.30,program_neighbor,140,1.0000,NR4A2
Set 2,NEURON-22,Cortical neuron,Neuron,42,BARHL1,0.550421,1.33,program_neighbor,4,0.0215,NR4A2
Set 2,NEURON-22,Cortical neuron,Neuron,43,CELF3,0.550197,1.36,program_neighbor,9,0.0404,NR4A2
Set 2,NEURON-22,Cortical neuron,Neuron,44,PTPRN,0.549340,1.39,program_neighbor,55,0.3216,NR4A2
Set 2,NEURON-22,Cortical neuron,Neuron,45,AFF3,0.547802,1.42,program_neighbor,140,0.9929,NR4A2
Set 2,NEURON-22,Cortical neuron,Neuron,46,CPEB3,0.545048,1.45,program_neighbor,68,0.3820,NR4A2
Set 2,NEURON-22,Cortical neuron,Neuron,47,EMX1,0.542876,1.48,program_neighbor,10,0.0714,NR4A2
Set 2,NEURON-22,Cortical neuron,Neuron,48,SOX3,0.541460,1.52,program_neighbor,11,0.0833,NEUROG2
Set 2,NEURON-22,Cortical neuron,Neuron,49,EPOP,0.540845,1.55,program_neighbor,12,0.0857,NR4A2
Set 2,NEURON-22,Cortical neuron,Neuron,50,SOHLH1,0.540506,1.58,program_neighbor,140,1.0000,NR4A2
Set 2,NEURON-23,Noradrenergic neuron,Neuron,1,FOXG1,0.745248,0.03,known_cofactor,1,0.0057,TFAP2A
Set 2,NEURON-23,Noradrenergic neuron,Neuron,2,EN2,0.731059,0.06,program_neighbor,14,0.0734,TFAP2A
Set 2,NEURON-23,Noradrenergic neuron,Neuron,3,NEUROD2,0.712526,0.09,known_cofactor,208,0.8462,TFAP2A
Set 2,NEURON-23,Noradrenergic neuron,Neuron,4,TBR1,0.692311,0.13,program_neighbor,140,0.7955,TFAP2A
Set 2,NEURON-23,Noradrenergic neuron,Neuron,5,ZIC1,0.684030,0.16,program_neighbor,140,0.7955,TFAP2A
Set 2,NEURON-23,Noradrenergic neuron,Neuron,6,CUX2,0.673644,0.19,program_neighbor,12,0.0406,ASCL1
Set 2,NEURON-23,Noradrenergic neuron,Neuron,7,ZIC2,0.670833,0.22,program_neighbor,141,0.7910,TFAP2A
Set 2,NEURON-23,Noradrenergic neuron,Neuron,8,MYT1L,0.667171,0.25,known_cofactor,142,0.7778,TFAP2A
Set 2,NEURON-23,Noradrenergic neuron,Neuron,9,ACTL6B,0.639438,0.28,program_neighbor,80,0.3831,TFAP2A
Set 2,NEURON-23,Noradrenergic neuron,Neuron,10,MAPT,0.638611,0.32,program_neighbor,54,0.2526,TFAP2A
Set 2,NEURON-23,Noradrenergic neuron,Neuron,11,PAX6,0.635729,0.35,known_cofactor,140,0.7955,TFAP2A
Set 2,NEURON-23,Noradrenergic neuron,Neuron,12,POU3F3,0.633980,0.38,program_neighbor,181,0.9565,TFAP2A
Set 2,NEURON-23,Noradrenergic neuron,Neuron,13,ETV1,0.624817,0.41,program_neighbor,140,0.7955,TFAP2A
Set 2,NEURON-23,Noradrenergic neuron,Neuron,14,CTNND2,0.622250,0.44,program_neighbor,478,0.7772,GATA3
Set 2,NEURON-23,Noradrenergic neuron,Neuron,15,OTUD7A,0.618534,0.47,program_neighbor,10,0.0568,TFAP2A
Set 2,NEURON-23,Noradrenergic neuron,Neuron,16,RORB,0.615307,0.51,program_neighbor,140,0.7955,TFAP2A
Set 2,NEURON-23,Noradrenergic neuron,Neuron,17,SCRT1,0.612186,0.54,program_neighbor,140,0.7910,TFAP2A
Set 2,NEURON-23,Noradrenergic neuron,Neuron,18,ZBTB18,0.611296,0.57,program_neighbor,15,0.0204,PHOX2B
Set 2,NEURON-23,Noradrenergic neuron,Neuron,19,CHD5,0.605647,0.60,program_neighbor,139,0.3982,TFAP2A
Set 2,NEURON-23,Noradrenergic neuron,Neuron,20,KHDRBS3,0.602602,0.63,program_neighbor,11,0.0625,TFAP2A
Set 2,NEURON-23,Noradrenergic neuron,Neuron,21,DEAF1,0.593061,0.66,program_neighbor,142,0.7966,TFAP2A
Set 2,NEURON-23,Noradrenergic neuron,Neuron,22,NAP1L2,0.586824,0.69,program_neighbor,1,0.0057,TFAP2A
Set 2,NEURON-23,Noradrenergic neuron,Neuron,23,UNCX,0.585422,0.73,program_neighbor,15,0.0773,TFAP2A
Set 2,NEURON-23,Noradrenergic neuron,Neuron,24,SCRT2,0.577464,0.76,program_neighbor,141,0.7910,TFAP2A
Set 2,NEURON-23,Noradrenergic neuron,Neuron,25,NEUROD1,0.576016,0.79,known_cofactor,140,0.7955,TFAP2A
Set 2,NEURON-23,Noradrenergic neuron,Neuron,26,CHD7,0.574970,0.82,program_neighbor,161,0.6452,TFAP2A
Set 2,NEURON-23,Noradrenergic neuron,Neuron,27,BARHL2,0.574882,0.85,program_neighbor,140,0.7955,TFAP2A
Set 2,NEURON-23,Noradrenergic neuron,Neuron,28,FEZF2,0.571779,0.88,program_neighbor,141,0.7910,TFAP2A
Set 2,NEURON-23,Noradrenergic neuron,Neuron,29,ZIC5,0.571463,0.92,program_neighbor,140,0.7910,TFAP2A
Set 2,NEURON-23,Noradrenergic neuron,Neuron,30,ZIC3,0.571066,0.95,program_neighbor,140,0.7910,TFAP2A
Set 2,NEURON-23,Noradrenergic neuron,Neuron,31,INSM2,0.570212,0.98,program_neighbor,11,0.0565,TFAP2A
Set 2,NEURON-23,Noradrenergic neuron,Neuron,32,VAX2,0.569932,1.01,program_neighbor,140,0.7955,TFAP2A
Set 2,NEURON-23,Noradrenergic neuron,Neuron,33,PURG,0.566565,1.04,program_neighbor,10,0.0568,TFAP2A
Set 2,NEURON-23,Noradrenergic neuron,Neuron,34,BHLHE22,0.565394,1.07,program_neighbor,11,0.0565,TFAP2A
Set 2,NEURON-23,Noradrenergic neuron,Neuron,35,CRYM,0.563643,1.11,program_neighbor,42,0.1968,TFAP2A
Set 2,NEURON-23,Noradrenergic neuron,Neuron,36,DDN,0.562859,1.14,program_neighbor,94,0.2723,TFAP2A
Set 2,NEURON-23,Noradrenergic neuron,Neuron,37,VSX1,0.561671,1.17,program_neighbor,140,0.7955,TFAP2A
Set 2,NEURON-23,Noradrenergic neuron,Neuron,38,BCL11A,0.560296,1.20,program_neighbor,176,0.9670,TFAP2A
Set 2,NEURON-23,Noradrenergic neuron,Neuron,39,CELF4,0.558168,1.23,program_neighbor,16,0.0237,GATA3
Set 2,NEURON-23,Noradrenergic neuron,Neuron,40,DPF3,0.552645,1.26,program_neighbor,2,0.0114,TFAP2A
Set 2,NEURON-23,Noradrenergic neuron,Neuron,41,NKX6-2,0.551898,1.30,program_neighbor,140,0.7955,TFAP2A
Set 2,NEURON-23,Noradrenergic neuron,Neuron,42,BARHL1,0.550421,1.33,program_neighbor,18,0.0253,GATA3
Set 2,NEURON-23,Noradrenergic neuron,Neuron,43,CELF3,0.550197,1.36,program_neighbor,63,0.2551,ASCL1
Set 2,NEURON-23,Noradrenergic neuron,Neuron,44,PTPRN,0.549340,1.39,program_neighbor,86,0.2657,TFAP2A
Set 2,NEURON-23,Noradrenergic neuron,Neuron,45,AFF3,0.547802,1.42,program_neighbor,140,0.7910,TFAP2A
Set 2,NEURON-23,Noradrenergic neuron,Neuron,46,CPEB3,0.545048,1.45,program_neighbor,103,0.3178,TFAP2A
Set 2,NEURON-23,Noradrenergic neuron,Neuron,47,EMX1,0.542876,1.48,program_neighbor,10,0.0568,TFAP2A
Set 2,NEURON-23,Noradrenergic neuron,Neuron,48,SOX3,0.541460,1.52,program_neighbor,11,0.0562,TFAP2A
Set 2,NEURON-23,Noradrenergic neuron,Neuron,49,EPOP,0.540845,1.55,program_neighbor,12,0.0682,TFAP2A
Set 2,NEURON-23,Noradrenergic neuron,Neuron,50,SOHLH1,0.540506,1.58,program_neighbor,140,0.7955,TFAP2A
Set 2,NEURON-24,Striatal neuron,Neuron,1,EN2,0.711017,0.03,program_neighbor,14,0.0782,BCL11B
Set 2,NEURON-24,Striatal neuron,Neuron,2,FOXG1,0.701394,0.06,known_cofactor,1,0.0071,DLX2
Set 2,NEURON-24,Striatal neuron,Neuron,3,TBR1,0.693769,0.09,program_neighbor,140,0.9929,DLX2
Set 2,NEURON-24,Striatal neuron,Neuron,4,ZIC2,0.676308,0.13,program_neighbor,141,1.0000,DLX2
Set 2,NEURON-24,Striatal neuron,Neuron,5,ZIC1,0.666974,0.16,program_neighbor,140,0.9929,DLX2
Set 2,NEURON-24,Striatal neuron,Neuron,6,NEUROD2,0.663863,0.19,known_cofactor,177,0.8429,BCL11B
Set 2,NEURON-24,Striatal neuron,Neuron,7,MYT1L,0.653252,0.22,known_cofactor,141,0.9655,DLX2
Set 2,NEURON-24,Striatal neuron,Neuron,8,DLX1,0.631927,0.25,known_cofactor,4,0.0178,BCL11B
Set 2,NEURON-24,Striatal neuron,Neuron,9,RORB,0.615711,0.28,program_neighbor,140,0.9929,DLX2
Set 2,NEURON-24,Striatal neuron,Neuron,10,OTUD7A,0.615032,0.32,program_neighbor,10,0.0709,DLX2
Set 2,NEURON-24,Striatal neuron,Neuron,11,ACTL6B,0.608512,0.35,program_neighbor,79,0.4639,DLX2
Set 2,NEURON-24,Striatal neuron,Neuron,12,POU3F3,0.606339,0.38,program_neighbor,177,0.9516,BCL11B
Set 2,NEURON-24,Striatal neuron,Neuron,13,ETV1,0.602547,0.41,program_neighbor,140,0.9929,DLX2
Set 2,NEURON-24,Striatal neuron,Neuron,14,PAX6,0.601543,0.44,known_cofactor,140,0.9929,DLX2
Set 2,NEURON-24,Striatal neuron,Neuron,15,BHLHE22,0.596386,0.47,program_neighbor,11,0.0780,DLX2
Set 2,NEURON-24,Striatal neuron,Neuron,16,FEZF2,0.594978,0.51,program_neighbor,141,1.0000,DLX2
Set 2,NEURON-24,Striatal neuron,Neuron,17,CHD5,0.590222,0.54,program_neighbor,91,0.4712,DLX2
Set 2,NEURON-24,Striatal neuron,Neuron,18,SCRT2,0.581318,0.57,program_neighbor,141,1.0000,DLX2
Set 2,NEURON-24,Striatal neuron,Neuron,19,SCRT1,0.575819,0.60,program_neighbor,141,0.9859,DLX2
Set 2,NEURON-24,Striatal neuron,Neuron,20,SOHLH1,0.575468,0.63,program_neighbor,140,0.9929,DLX2
Set 2,NEURON-24,Striatal neuron,Neuron,21,NAP1L2,0.571946,0.66,program_neighbor,1,0.0071,DLX2
Set 2,NEURON-24,Striatal neuron,Neuron,22,OTX2,0.570393,0.69,program_neighbor,140,0.9929,DLX2
Set 2,NEURON-24,Striatal neuron,Neuron,23,VSX1,0.568793,0.73,program_neighbor,140,0.9929,DLX2
Set 2,NEURON-24,Striatal neuron,Neuron,24,PTPRN,0.564924,0.76,program_neighbor,55,0.3198,DLX2
Set 2,NEURON-24,Striatal neuron,Neuron,25,NEUROD1,0.560598,0.79,known_cofactor,140,0.9929,DLX2
Set 2,NEURON-24,Striatal neuron,Neuron,26,CELF3,0.559070,0.82,program_neighbor,9,0.0455,DLX2
Set 2,NEURON-24,Striatal neuron,Neuron,27,MAPT,0.558980,0.85,program_neighbor,50,0.2618,BCL11B
Set 2,NEURON-24,Striatal neuron,Neuron,28,NKX6-2,0.558491,0.88,program_neighbor,140,0.9929,DLX2
Set 2,NEURON-24,Striatal neuron,Neuron,29,PURG,0.557283,0.92,program_neighbor,10,0.0709,DLX2
Set 2,NEURON-24,Striatal neuron,Neuron,30,DEAF1,0.553720,0.95,program_neighbor,142,0.9930,DLX2
Set 2,NEURON-24,Striatal neuron,Neuron,31,INSM2,0.552085,0.98,program_neighbor,10,0.0704,DLX2
Set 2,NEURON-24,Striatal neuron,Neuron,32,AFF3,0.550934,1.01,program_neighbor,141,0.9859,DLX2
Set 2,NEURON-24,Striatal neuron,Neuron,33,CUX2,0.550482,1.04,program_neighbor,4,0.0188,BCL11B
Set 2,NEURON-24,Striatal neuron,Neuron,34,DPF3,0.546248,1.07,program_neighbor,2,0.0142,DLX2
Set 2,NEURON-24,Striatal neuron,Neuron,35,DDN,0.545948,1.11,program_neighbor,61,0.3228,DLX2
Set 2,NEURON-24,Striatal neuron,Neuron,36,VAX2,0.545624,1.14,program_neighbor,140,0.9929,DLX2
Set 2,NEURON-24,Striatal neuron,Neuron,37,KHDRBS3,0.540956,1.17,program_neighbor,11,0.0780,DLX2
Set 2,NEURON-24,Striatal neuron,Neuron,38,CRYM,0.536802,1.20,program_neighbor,37,0.1937,BCL11B
Set 2,NEURON-24,Striatal neuron,Neuron,39,EMX1,0.536772,1.23,program_neighbor,10,0.0709,DLX2
Set 2,NEURON-24,Striatal neuron,Neuron,40,PRDM13,0.533921,1.26,program_neighbor,11,0.0780,DLX2
Set 2,NEURON-24,Striatal neuron,Neuron,41,CRTC1,0.529860,1.30,program_neighbor,52,0.3023,DLX2
Set 2,NEURON-24,Striatal neuron,Neuron,42,POU3F2,0.528786,1.33,known_cofactor,141,1.0000,DLX2
Set 2,NEURON-24,Striatal neuron,Neuron,43,BARHL2,0.527021,1.36,program_neighbor,140,0.9929,DLX2
Set 2,NEURON-24,Striatal neuron,Neuron,44,SATB2,0.525676,1.39,program_neighbor,140,0.9790,DLX2
Set 2,NEURON-24,Striatal neuron,Neuron,45,ZNF711,0.525375,1.42,program_neighbor,140,0.9859,DLX2
Set 2,NEURON-24,Striatal neuron,Neuron,46,ZIC5,0.525178,1.45,program_neighbor,140,0.9859,DLX2
Set 2,NEURON-24,Striatal neuron,Neuron,47,ZBTB18,0.524515,1.48,program_neighbor,4,0.0178,BCL11B
Set 2,NEURON-24,Striatal neuron,Neuron,48,PRDM8,0.523322,1.52,program_neighbor,141,1.0000,DLX2
Set 2,NEURON-24,Striatal neuron,Neuron,49,RBFOX3,0.521498,1.55,program_neighbor,52,0.2342,DLX2
Set 2,NEURON-24,Striatal neuron,Neuron,50,SOX11,0.520240,1.58,program_neighbor,141,0.9860,DLX2
Set 2,NEURON-25,Nociceptor,Neuron,1,FOXG1,0.745248,0.03,known_cofactor,1,0.0071,NEUROG1
Set 2,NEURON-25,Nociceptor,Neuron,2,EN2,0.731059,0.06,program_neighbor,14,0.0694,NEUROG1
Set 2,NEURON-25,Nociceptor,Neuron,3,NEUROD2,0.712526,0.09,known_cofactor,177,0.6731,NEUROG1
Set 2,NEURON-25,Nociceptor,Neuron,4,TBR1,0.692311,0.13,program_neighbor,140,1.0000,NEUROG1
Set 2,NEURON-25,Nociceptor,Neuron,5,ZIC1,0.684030,0.16,program_neighbor,140,1.0000,NEUROG1
Set 2,NEURON-25,Nociceptor,Neuron,6,CUX2,0.673644,0.19,program_neighbor,12,0.0406,ASCL1
Set 2,NEURON-25,Nociceptor,Neuron,7,ZIC2,0.670833,0.22,program_neighbor,141,0.9929,NEUROG1
Set 2,NEURON-25,Nociceptor,Neuron,8,MYT1L,0.667171,0.25,known_factor,144,1.0000,MYT1L
Set 2,NEURON-25,Nociceptor,Neuron,9,ACTL6B,0.639438,0.28,program_neighbor,81,0.4667,NEUROG1
Set 2,NEURON-25,Nociceptor,Neuron,10,MAPT,0.638611,0.32,program_neighbor,55,0.2095,ASCL1
Set 2,NEURON-25,Nociceptor,Neuron,11,PAX6,0.635729,0.35,known_cofactor,140,1.0000,NEUROG1
Set 2,NEURON-25,Nociceptor,Neuron,12,POU3F3,0.633980,0.38,program_neighbor,181,0.7609,NEUROG1
Set 2,NEURON-25,Nociceptor,Neuron,13,ETV1,0.624817,0.41,program_neighbor,140,1.0000,NEUROG1
Set 2,NEURON-25,Nociceptor,Neuron,14,CTNND2,0.622250,0.44,program_neighbor,21,0.0340,MYT1L
Set 2,NEURON-25,Nociceptor,Neuron,15,OTUD7A,0.618534,0.47,program_neighbor,10,0.0714,NEUROG1
Set 2,NEURON-25,Nociceptor,Neuron,16,RORB,0.615307,0.51,program_neighbor,140,1.0000,NEUROG1
Set 2,NEURON-25,Nociceptor,Neuron,17,SCRT1,0.612186,0.54,program_neighbor,141,0.9929,NEUROG1
Set 2,NEURON-25,Nociceptor,Neuron,18,ZBTB18,0.611296,0.57,program_neighbor,4,0.0138,ASCL1
Set 2,NEURON-25,Nociceptor,Neuron,19,CHD5,0.605647,0.60,program_neighbor,91,0.4737,NEUROG1
Set 2,NEURON-25,Nociceptor,Neuron,20,KHDRBS3,0.602602,0.63,program_neighbor,11,0.0786,NEUROG1
Set 2,NEURON-25,Nociceptor,Neuron,21,DEAF1,0.593061,0.66,program_neighbor,142,0.9859,NEUROG1
Set 2,NEURON-25,Nociceptor,Neuron,22,NAP1L2,0.586824,0.69,program_neighbor,1,0.0071,NEUROG1
Set 2,NEURON-25,Nociceptor,Neuron,23,UNCX,0.585422,0.73,program_neighbor,14,0.0966,NEUROG1
Set 2,NEURON-25,Nociceptor,Neuron,24,SCRT2,0.577464,0.76,program_neighbor,141,0.9929,NEUROG1
Set 2,NEURON-25,Nociceptor,Neuron,25,NEUROD1,0.576016,0.79,known_cofactor,140,1.0000,NEUROG1
Set 2,NEURON-25,Nociceptor,Neuron,26,CHD7,0.574970,0.82,program_neighbor,143,0.7760,MYT1L
Set 2,NEURON-25,Nociceptor,Neuron,27,BARHL2,0.574882,0.85,program_neighbor,140,1.0000,NEUROG1
Set 2,NEURON-25,Nociceptor,Neuron,28,FEZF2,0.571779,0.88,program_neighbor,141,0.9929,NEUROG1
Set 2,NEURON-25,Nociceptor,Neuron,29,ZIC5,0.571463,0.92,program_neighbor,140,0.9929,NEUROG1
Set 2,NEURON-25,Nociceptor,Neuron,30,ZIC3,0.571066,0.95,program_neighbor,141,0.9929,NEUROG1
Set 2,NEURON-25,Nociceptor,Neuron,31,INSM2,0.570212,0.98,program_neighbor,11,0.0764,MYT1L
Set 2,NEURON-25,Nociceptor,Neuron,32,VAX2,0.569932,1.01,program_neighbor,140,1.0000,NEUROG1
Set 2,NEURON-25,Nociceptor,Neuron,33,PURG,0.566565,1.04,program_neighbor,10,0.0714,NEUROG1
Set 2,NEURON-25,Nociceptor,Neuron,34,BHLHE22,0.565394,1.07,program_neighbor,11,0.0709,NEUROG1
Set 2,NEURON-25,Nociceptor,Neuron,35,CRYM,0.563643,1.11,program_neighbor,42,0.1627,ASCL1
Set 2,NEURON-25,Nociceptor,Neuron,36,DDN,0.562859,1.14,program_neighbor,62,0.3246,MYT1L
Set 2,NEURON-25,Nociceptor,Neuron,37,VSX1,0.561671,1.17,program_neighbor,140,1.0000,NEUROG1
Set 2,NEURON-25,Nociceptor,Neuron,38,BCL11A,0.560296,1.20,program_neighbor,177,0.7692,NEUROG1
Set 2,NEURON-25,Nociceptor,Neuron,39,CELF4,0.558168,1.23,program_neighbor,4,0.0215,NEUROG1
Set 2,NEURON-25,Nociceptor,Neuron,40,DPF3,0.552645,1.26,program_neighbor,2,0.0143,NEUROG1
Set 2,NEURON-25,Nociceptor,Neuron,41,NKX6-2,0.551898,1.30,program_neighbor,140,1.0000,NEUROG1
Set 2,NEURON-25,Nociceptor,Neuron,42,BARHL1,0.550421,1.33,program_neighbor,6,0.0265,MYT1L
Set 2,NEURON-25,Nociceptor,Neuron,43,CELF3,0.550197,1.36,program_neighbor,63,0.2551,ASCL1
Set 2,NEURON-25,Nociceptor,Neuron,44,PTPRN,0.549340,1.39,program_neighbor,55,0.3216,NEUROG1
Set 2,NEURON-25,Nociceptor,Neuron,45,AFF3,0.547802,1.42,program_neighbor,141,0.9929,NEUROG1
Set 2,NEURON-25,Nociceptor,Neuron,46,CPEB3,0.545048,1.45,program_neighbor,72,0.3820,NEUROG1
Set 2,NEURON-25,Nociceptor,Neuron,47,EMX1,0.542876,1.48,program_neighbor,10,0.0714,NEUROG1
Set 2,NEURON-25,Nociceptor,Neuron,48,SOX3,0.541460,1.52,program_neighbor,11,0.0704,NEUROG1
Set 2,NEURON-25,Nociceptor,Neuron,49,EPOP,0.540845,1.55,program_neighbor,12,0.0857,NEUROG1
Set 2,NEURON-25,Nociceptor,Neuron,50,SOHLH1,0.540506,1.58,program_neighbor,140,1.0000,NEUROG1
Set 2,GLIAL-05,Astrocyte (reactive),Glial,1,FOXG1,0.705376,0.03,program_neighbor,1,0.0054,NFIB
Set 2,GLIAL-05,Astrocyte (reactive),Glial,2,TBR1,0.640277,0.06,program_neighbor,140,0.7609,NFIB
Set 2,GLIAL-05,Astrocyte (reactive),Glial,3,FEZF2,0.623501,0.09,program_neighbor,140,0.7568,NFIB
Set 2,GLIAL-05,Astrocyte (reactive),Glial,4,MAPT,0.605134,0.13,program_neighbor,49,0.1546,SOX9
Set 2,GLIAL-05,Astrocyte (reactive),Glial,5,CTNND2,0.597913,0.16,program_neighbor,135,0.2036,SOX9
Set 2,GLIAL-05,Astrocyte (reactive),Glial,6,DDN,0.593950,0.19,program_neighbor,104,0.4577,NFIB
Set 2,GLIAL-05,Astrocyte (reactive),Glial,7,MYT1L,0.590517,0.22,program_neighbor,143,0.7540,NFIB
Set 2,GLIAL-05,Astrocyte (reactive),Glial,8,CHD5,0.589835,0.25,program_neighbor,134,0.5961,NFIB
Set 2,GLIAL-05,Astrocyte (reactive),Glial,9,SOHLH1,0.579882,0.28,program_neighbor,140,0.7609,NFIB
Set 2,GLIAL-05,Astrocyte (reactive),Glial,10,POU3F3,0.576181,0.32,program_neighbor,176,0.6140,NFIB
Set 2,GLIAL-05,Astrocyte (reactive),Glial,11,PTPRN,0.572394,0.35,program_neighbor,86,0.4674,NFIB
Set 2,GLIAL-05,Astrocyte (reactive),Glial,12,OTUD7A,0.564156,0.38,program_neighbor,10,0.0543,NFIB
Set 2,GLIAL-05,Astrocyte (reactive),Glial,13,RORB,0.562844,0.41,program_neighbor,140,0.7609,NFIB
Set 2,GLIAL-05,Astrocyte (reactive),Glial,14,NKX6-2,0.561750,0.44,program_neighbor,140,0.7609,NFIB
Set 2,GLIAL-05,Astrocyte (reactive),Glial,15,CUX2,0.550897,0.47,program_neighbor,31,0.0823,SOX9
Set 2,GLIAL-05,Astrocyte (reactive),Glial,16,LHX2,0.548063,0.51,program_neighbor,1,0.0033,SOX9
Set 2,GLIAL-05,Astrocyte (reactive),Glial,17,BCL11A,0.541824,0.54,program_neighbor,179,0.6195,NFIB
Set 2,GLIAL-05,Astrocyte (reactive),Glial,18,ACTL6B,0.531354,0.57,program_neighbor,101,0.3883,NFIB
Set 2,GLIAL-05,Astrocyte (reactive),Glial,19,TP53INP2,0.529576,0.60,program_neighbor,36,0.1184,SOX9
Set 2,GLIAL-05,Astrocyte (reactive),Glial,20,ZFP57,0.525417,0.63,program_neighbor,140,0.7609,NFIB
Set 2,GLIAL-05,Astrocyte (reactive),Glial,21,POU3F2,0.525097,0.66,program_neighbor,140,0.7568,NFIB
Set 2,GLIAL-05,Astrocyte (reactive),Glial,22,ZFHX2,0.523486,0.69,program_neighbor,13,0.0579,NFIB
Set 2,GLIAL-05,Astrocyte (reactive),Glial,23,PHF24,0.523472,0.73,program_neighbor,9,0.0263,NFIB
Set 2,GLIAL-05,Astrocyte (reactive),Glial,24,SCRT1,0.522600,0.76,program_neighbor,141,0.7568,NFIB
Set 2,GLIAL-05,Astrocyte (reactive),Glial,25,CRYM,0.522577,0.79,program_neighbor,37,0.1171,SOX9
Set 2,GLIAL-05,Astrocyte (reactive),Glial,26,NPAS1,0.522525,0.82,program_neighbor,140,0.7609,NFIB
Set 2,GLIAL-05,Astrocyte (reactive),Glial,27,ZNF488,0.522261,0.85,program_neighbor,140,0.7609,NFIB
Set 2,GLIAL-05,Astrocyte (reactive),Glial,28,STOX1,0.517844,0.88,program_neighbor,152,0.6965,NFIB
Set 2,GLIAL-05,Astrocyte (reactive),Glial,29,EMX1,0.513234,0.92,program_neighbor,10,0.0543,NFIB
Set 2,GLIAL-05,Astrocyte (reactive),Glial,30,NR4A2,0.510355,0.95,program_neighbor,140,0.7609,NFIB
Set 2,GLIAL-05,Astrocyte (reactive),Glial,31,DLX1,0.507597,0.98,program_neighbor,7,0.0263,NFIB
Set 2,GLIAL-05,Astrocyte (reactive),Glial,32,LHX6,0.506887,1.01,program_neighbor,171,0.9293,NFIB
Set 2,GLIAL-05,Astrocyte (reactive),Glial,33,PRKCB,0.506751,1.04,program_neighbor,157,0.5164,SOX9
Set 2,GLIAL-05,Astrocyte (reactive),Glial,34,MYRF,0.506446,1.07,program_neighbor,187,0.8507,NFIB
Set 2,GLIAL-05,Astrocyte (reactive),Glial,35,DPF1,0.505820,1.11,program_neighbor,36,0.1184,SOX9
Set 2,GLIAL-05,Astrocyte (reactive),Glial,36,NAP1L2,0.503709,1.14,program_neighbor,1,0.0054,NFIB
Set 2,GLIAL-05,Astrocyte (reactive),Glial,37,ERBB4,0.502374,1.17,program_neighbor,160,0.2348,SOX9
Set 2,GLIAL-05,Astrocyte (reactive),Glial,38,ARNT2,0.497605,1.20,program_neighbor,280,0.9211,SOX9
Set 2,GLIAL-05,Astrocyte (reactive),Glial,39,ASCL1,0.496740,1.23,program_neighbor,189,0.5564,NFIB
Set 2,GLIAL-05,Astrocyte (reactive),Glial,40,STAT4,0.496617,1.26,program_neighbor,141,0.2593,NFIB
Set 2,GLIAL-05,Astrocyte (reactive),Glial,41,NPAS3,0.494349,1.30,program_neighbor,141,0.7330,NFIB
Set 2,GLIAL-05,Astrocyte (reactive),Glial,42,EN2,0.492238,1.33,program_neighbor,13,0.0532,NFIB
Set 2,GLIAL-05,Astrocyte (reactive),Glial,43,KHDRBS3,0.490972,1.36,program_neighbor,11,0.0598,NFIB
Set 2,GLIAL-05,Astrocyte (reactive),Glial,44,CRTC1,0.489740,1.39,program_neighbor,83,0.4511,NFIB
Set 2,GLIAL-05,Astrocyte (reactive),Glial,45,MEF2C,0.489665,1.42,program_neighbor,176,0.6364,NFIB
Set 2,GLIAL-05,Astrocyte (reactive),Glial,46,CPEB3,0.489062,1.45,program_neighbor,99,0.5183,NFIB
Set 2,GLIAL-05,Astrocyte (reactive),Glial,47,EPOP,0.489002,1.48,program_neighbor,12,0.0652,NFIB
Set 2,GLIAL-05,Astrocyte (reactive),Glial,48,DEAF1,0.488915,1.52,program_neighbor,141,0.7527,NFIB
Set 2,GLIAL-05,Astrocyte (reactive),Glial,49,TENM2,0.488227,1.55,program_neighbor,136,0.1328,SOX9
Set 2,GLIAL-05,Astrocyte (reactive),Glial,50,POLR2F,0.488158,1.58,program_neighbor,140,0.7609,NFIB
Set 2,GLIAL-06,Microglia-like,Immune,1,SOHLH1,0.671717,0.03,program_neighbor,140,1.0000,SPI1
Set 2,GLIAL-06,Microglia-like,Immune,2,FEZF2,0.669310,0.06,program_neighbor,140,0.9929,SPI1
Set 2,GLIAL-06,Microglia-like,Immune,3,STAT4,0.628448,0.09,program_neighbor,140,0.2823,SPI1
Set 2,GLIAL-06,Microglia-like,Immune,4,CHD5,0.617029,0.13,program_neighbor,90,0.4737,SPI1
Set 2,GLIAL-06,Microglia-like,Immune,5,RORB,0.606795,0.16,program_neighbor,140,1.0000,SPI1
Set 2,GLIAL-06,Microglia-like,Immune,6,TBR1,0.599338,0.19,program_neighbor,140,1.0000,SPI1
Set 2,GLIAL-06,Microglia-like,Immune,7,PTPRN,0.591329,0.22,program_neighbor,55,0.3216,SPI1
Set 2,GLIAL-06,Microglia-like,Immune,8,DDN,0.591314,0.25,program_neighbor,61,0.3245,SPI1
Set 2,GLIAL-06,Microglia-like,Immune,9,LHX2,0.589799,0.28,novel_prediction,0,0.0000,
Set 2,GLIAL-06,Microglia-like,Immune,10,MAPT,0.583377,0.32,program_neighbor,12,0.0632,SPI1
Set 2,GLIAL-06,Microglia-like,Immune,11,CTNND2,0.575868,0.35,program_neighbor,19,0.0309,SPI1
Set 2,GLIAL-06,Microglia-like,Immune,12,PRKCB,0.570857,0.38,program_neighbor,17,0.0607,SPI1
Set 2,GLIAL-06,Microglia-like,Immune,13,SCRT1,0.563648,0.41,program_neighbor,140,0.9929,SPI1
Set 2,GLIAL-06,Microglia-like,Immune,14,AIRE,0.562637,0.44,program_neighbor,140,0.2828,SPI1
Set 2,GLIAL-06,Microglia-like,Immune,15,PAX7,0.560811,0.47,program_neighbor,140,0.6763,SPI1
Set 2,GLIAL-06,Microglia-like,Immune,16,CRTC1,0.559770,0.51,program_neighbor,52,0.3041,SPI1
Set 2,GLIAL-06,Microglia-like,Immune,17,DRGX,0.557636,0.54,program_neighbor,140,1.0000,SPI1
Set 2,GLIAL-06,Microglia-like,Immune,18,PHF24,0.547059,0.57,program_neighbor,5,0.0270,SPI1
Set 2,GLIAL-06,Microglia-like,Immune,19,CUX2,0.546251,0.60,program_neighbor,3,0.0171,SPI1
Set 2,GLIAL-06,Microglia-like,Immune,20,SCRT2,0.544573,0.63,program_neighbor,140,0.9929,SPI1
Set 2,GLIAL-06,Microglia-like,Immune,21,DLX2,0.537692,0.66,program_neighbor,140,0.9929,SPI1
Set 2,GLIAL-06,Microglia-like,Immune,22,INSM2,0.537104,0.69,program_neighbor,10,0.0709,SPI1
Set 2,GLIAL-06,Microglia-like,Immune,23,DLX1,0.531567,0.73,program_neighbor,3,0.0160,SPI1
Set 2,GLIAL-06,Microglia-like,Immune,24,NPAS1,0.530580,0.76,program_neighbor,140,1.0000,SPI1
Set 2,GLIAL-06,Microglia-like,Immune,25,EMX1,0.527796,0.79,program_neighbor,10,0.0714,SPI1
Set 2,GLIAL-06,Microglia-like,Immune,26,ARNT2,0.527545,0.82,program_neighbor,140,0.5000,SPI1
Set 2,GLIAL-06,Microglia-like,Immune,27,NR2E1,0.526317,0.85,novel_prediction,0,0.0000,
Set 2,GLIAL-06,Microglia-like,Immune,28,DPF1,0.525454,0.88,novel_prediction,0,0.0000,
Set 2,GLIAL-06,Microglia-like,Immune,29,MEF2C,0.524145,0.92,program_neighbor,140,0.7955,SPI1
Set 2,GLIAL-06,Microglia-like,Immune,30,BCL11A,0.522430,0.95,program_neighbor,141,0.7747,RUNX1
Set 2,GLIAL-06,Microglia-like,Immune,31,FOXG1,0.520665,0.98,program_neighbor,1,0.0071,SPI1
Set 2,GLIAL-06,Microglia-like,Immune,32,EOMES,0.518005,1.01,program_neighbor,140,0.9929,SPI1
Set 2,GLIAL-06,Microglia-like,Immune,33,POU6F2,0.517474,1.04,program_neighbor,141,0.7421,RUNX1
Set 2,GLIAL-06,Microglia-like,Immune,34,DTX1,0.511675,1.07,program_neighbor,140,0.7778,SPI1
Set 2,GLIAL-06,Microglia-like,Immune,35,KCNIP3,0.505940,1.11,program_neighbor,17,0.0258,SPI1
Set 2,GLIAL-06,Microglia-like,Immune,36,POU3F2,0.505735,1.14,program_neighbor,140,0.9929,SPI1
Set 2,GLIAL-06,Microglia-like,Immune,37,ERBB4,0.505251,1.17,program_neighbor,18,0.0277,SPI1
Set 2,GLIAL-06,Microglia-like,Immune,38,STOX1,0.505028,1.20,program_neighbor,140,0.8917,SPI1
Set 2,GLIAL-06,Microglia-like,Immune,39,ASCL1,0.501483,1.23,program_neighbor,140,0.5738,SPI1
Set 2,GLIAL-06,Microglia-like,Immune,40,TCF7,0.498071,1.26,program_neighbor,140,0.2532,SPI1
Set 2,GLIAL-06,Microglia-like,Immune,41,ACTL6B,0.495552,1.30,program_neighbor,78,0.4727,RUNX1
Set 2,GLIAL-06,Microglia-like,Immune,42,CR2,0.494578,1.33,program_neighbor,84,0.1697,SPI1
Set 2,GLIAL-06,Microglia-like,Immune,43,APBB1,0.494032,1.36,program_neighbor,141,0.5018,RUNX1
Set 2,GLIAL-06,Microglia-like,Immune,44,MYT1L,0.493826,1.39,program_neighbor,140,0.9722,SPI1
Set 2,GLIAL-06,Microglia-like,Immune,45,EGR4,0.493667,1.42,program_neighbor,140,0.9859,SPI1
Set 2,GLIAL-06,Microglia-like,Immune,46,BHLHA9,0.493337,1.45,program_neighbor,6,0.0326,SPI1
Set 2,GLIAL-06,Microglia-like,Immune,47,OLIG1,0.490535,1.48,program_neighbor,140,1.0000,SPI1
Set 2,GLIAL-06,Microglia-like,Immune,48,POU3F3,0.489955,1.52,program_neighbor,140,0.7609,SPI1
Set 2,GLIAL-06,Microglia-like,Immune,49,NLK,0.484548,1.55,program_neighbor,140,0.9091,SPI1
Set 2,GLIAL-06,Microglia-like,Immune,50,OLIG2,0.484266,1.58,program_neighbor,140,1.0000,SPI1
Set 2,ASTRO-01,Astrocyte,Glial,1,FEZF2,0.651461,0.03,program_neighbor,140,0.9929,OLIG2
Set 2,ASTRO-01,Astrocyte,Glial,2,TBR1,0.610018,0.06,program_neighbor,140,1.0000,OLIG2
Set 2,ASTRO-01,Astrocyte,Glial,3,CTNND2,0.573137,0.09,program_neighbor,20,0.0325,NKX2-2
Set 2,ASTRO-01,Astrocyte,Glial,4,MAPT,0.566509,0.13,program_neighbor,13,0.0684,NKX2-2
Set 2,ASTRO-01,Astrocyte,Glial,5,FOXG1,0.565146,0.16,program_neighbor,1,0.0071,OLIG2
Set 2,ASTRO-01,Astrocyte,Glial,6,NKX6-2,0.563509,0.19,program_neighbor,140,1.0000,OLIG2
Set 2,ASTRO-01,Astrocyte,Glial,7,HIPK2,0.562310,0.22,novel_prediction,0,0.0000,
Set 2,ASTRO-01,Astrocyte,Glial,8,CHD5,0.551560,0.25,program_neighbor,91,0.4789,NKX2-2
Set 2,ASTRO-01,Astrocyte,Glial,9,SOHLH1,0.549623,0.28,program_neighbor,140,1.0000,OLIG2
Set 2,ASTRO-01,Astrocyte,Glial,10,MYT1L,0.538658,0.32,program_neighbor,141,0.9792,NKX2-2
Set 2,ASTRO-01,Astrocyte,Glial,11,DDN,0.534087,0.35,program_neighbor,61,0.3245,OLIG2
Set 2,ASTRO-01,Astrocyte,Glial,12,TP53INP2,0.533218,0.38,novel_prediction,0,0.0000,
Set 2,ASTRO-01,Astrocyte,Glial,13,POU3F3,0.525172,0.41,program_neighbor,140,0.7609,OLIG2
Set 2,ASTRO-01,Astrocyte,Glial,14,CUX2,0.518763,0.44,program_neighbor,4,0.0229,NKX2-2
Set 2,ASTRO-01,Astrocyte,Glial,15,PTPRN,0.515879,0.47,program_neighbor,55,0.3216,OLIG2
Set 2,ASTRO-01,Astrocyte,Glial,16,PRKCB,0.509279,0.51,program_neighbor,17,0.0607,OLIG2
Set 2,ASTRO-01,Astrocyte,Glial,17,MAGEL2,0.504365,0.54,program_neighbor,1,0.0064,OLIG2
Set 2,ASTRO-01,Astrocyte,Glial,18,LHX2,0.503496,0.57,program_neighbor,1,0.0071,NKX2-2
Set 2,ASTRO-01,Astrocyte,Glial,19,BCL11A,0.498773,0.60,program_neighbor,141,0.7747,SOX2
Set 2,ASTRO-01,Astrocyte,Glial,20,RORB,0.498503,0.63,program_neighbor,140,1.0000,OLIG2
Set 2,ASTRO-01,Astrocyte,Glial,21,ACTL6B,0.497923,0.66,program_neighbor,79,0.4727,NKX2-2
Set 2,ASTRO-01,Astrocyte,Glial,22,CRYM,0.497736,0.69,program_neighbor,1,0.0053,OLIG2
Set 2,ASTRO-01,Astrocyte,Glial,23,RFX4,0.497497,0.73,novel_prediction,0,0.0000,
Set 2,ASTRO-01,Astrocyte,Glial,24,OLIG2,0.496150,0.76,known_factor,140,1.0000,OLIG2
Set 2,ASTRO-01,Astrocyte,Glial,25,ZFP57,0.495159,0.79,program_neighbor,140,1.0000,OLIG2
Set 2,ASTRO-01,Astrocyte,Glial,26,TENM2,0.494496,0.82,program_neighbor,20,0.0208,NKX2-2
Set 2,ASTRO-01,Astrocyte,Glial,27,OLIG1,0.492969,0.85,program_neighbor,140,1.0000,OLIG2
Set 2,ASTRO-01,Astrocyte,Glial,28,MAPK11,0.492612,0.88,novel_prediction,0,0.0000,
Set 2,ASTRO-01,Astrocyte,Glial,29,ZNF488,0.492002,0.92,program_neighbor,140,1.0000,OLIG2
Set 2,ASTRO-01,Astrocyte,Glial,30,MAPK15,0.491496,0.95,novel_prediction,0,0.0000,
Set 2,ASTRO-01,Astrocyte,Glial,31,ERBB4,0.490600,0.98,program_neighbor,18,0.0277,OLIG2
Set 2,ASTRO-01,Astrocyte,Glial,32,MYRF,0.489870,1.01,program_neighbor,142,0.7500,NKX2-2
Set 2,ASTRO-01,Astrocyte,Glial,33,NR2E1,0.488746,1.04,novel_prediction,0,0.0000,
Set 2,ASTRO-01,Astrocyte,Glial,34,NKX2-2,0.487776,1.07,known_factor,141,1.0000,NKX2-2
Set 2,ASTRO-01,Astrocyte,Glial,35,XRCC2,0.487559,1.11,novel_prediction,0,0.0000,
Set 2,ASTRO-01,Astrocyte,Glial,36,NPAS4,0.486291,1.14,novel_prediction,0,0.0000,
Set 2,ASTRO-01,Astrocyte,Glial,37,ASCL1,0.485110,1.17,program_neighbor,140,0.5738,OLIG2
Set 2,ASTRO-01,Astrocyte,Glial,38,NAP1L3,0.480450,1.20,program_neighbor,2,0.0119,NKX2-2
Set 2,ASTRO-01,Astrocyte,Glial,39,NR4A2,0.480096,1.23,program_neighbor,140,1.0000,OLIG2
Set 2,ASTRO-01,Astrocyte,Glial,40,SOX8,0.478937,1.26,program_neighbor,140,0.4982,OLIG2
Set 2,ASTRO-01,Astrocyte,Glial,41,KIF4A,0.478745,1.30,program_neighbor,1,0.0063,OLIG2
Set 2,ASTRO-01,Astrocyte,Glial,42,MAP3K10,0.478311,1.33,program_neighbor,17,0.0607,OLIG2
Set 2,ASTRO-01,Astrocyte,Glial,43,EXO1,0.477064,1.36,program_neighbor,1,0.0065,OLIG2
Set 2,ASTRO-01,Astrocyte,Glial,44,DNER,0.475142,1.39,novel_prediction,0,0.0000,
Set 2,ASTRO-01,Astrocyte,Glial,45,MT-RNR1,0.474075,1.42,program_neighbor,1,0.0053,OLIG2
Set 2,ASTRO-01,Astrocyte,Glial,46,MAK,0.472859,1.45,program_neighbor,8,0.0488,NKX2-2
Set 2,ASTRO-01,Astrocyte,Glial,47,PHF24,0.472820,1.48,program_neighbor,5,0.0270,OLIG2
Set 2,ASTRO-01,Astrocyte,Glial,48,LHX6,0.472069,1.52,program_neighbor,140,0.8187,OLIG2
Set 2,ASTRO-01,Astrocyte,Glial,49,STAT4,0.471158,1.55,program_neighbor,140,0.2823,OLIG2
Set 2,ASTRO-01,Astrocyte,Glial,50,ARNT2,0.467709,1.58,program_neighbor,140,0.5000,OLIG2
Set 2,CARDIO-11,Pacemaker cell,Cardiac,1,ACTN2,0.776582,0.03,novel_prediction,0,0.0000,
Set 2,CARDIO-11,Pacemaker cell,Cardiac,2,CSRP3,0.764290,0.06,program_neighbor,71,0.1461,TBX18
Set 2,CARDIO-11,Pacemaker cell,Cardiac,3,TBX5,0.756333,0.09,known_cofactor,88,0.5146,TBX18
Set 2,CARDIO-11,Pacemaker cell,Cardiac,4,NKX2-5,0.735010,0.13,program_neighbor,88,0.4251,TBX18
Set 2,CARDIO-11,Pacemaker cell,Cardiac,5,TBX20,0.718899,0.16,known_cofactor,88,0.5116,TBX18
Set 2,CARDIO-11,Pacemaker cell,Cardiac,6,ANKRD1,0.650798,0.19,program_neighbor,2,0.0118,TBX18
Set 2,CARDIO-11,Pacemaker cell,Cardiac,7,MLIP,0.648868,0.22,novel_prediction,0,0.0000,
Set 2,CARDIO-11,Pacemaker cell,Cardiac,8,HAND1,0.643927,0.25,program_neighbor,4,0.0242,TBX18
Set 2,CARDIO-11,Pacemaker cell,Cardiac,9,PERM1,0.638425,0.28,program_neighbor,88,0.4467,TBX18
Set 2,CARDIO-11,Pacemaker cell,Cardiac,10,GATA4,0.635944,0.32,known_cofactor,88,0.4231,TBX18
Set 2,CARDIO-11,Pacemaker cell,Cardiac,11,DPF3,0.628249,0.35,novel_prediction,0,0.0000,
Set 2,CARDIO-11,Pacemaker cell,Cardiac,12,PKP2,0.598680,0.38,novel_prediction,0,0.0000,
Set 2,CARDIO-11,Pacemaker cell,Cardiac,13,TENM2,0.575139,0.41,program_neighbor,48,0.0527,TBX18
Set 2,CARDIO-11,Pacemaker cell,Cardiac,14,IRX4,0.568218,0.44,novel_prediction,0,0.0000,
Set 2,CARDIO-11,Pacemaker cell,Cardiac,15,TCF15,0.562883,0.47,program_neighbor,88,0.5116,TBX18
Set 2,CARDIO-11,Pacemaker cell,Cardiac,16,ABRA,0.548095,0.51,program_neighbor,71,0.3447,TBX18
Set 2,CARDIO-11,Pacemaker cell,Cardiac,17,HEYL,0.540498,0.54,program_neighbor,88,0.5146,TBX18
Set 2,CARDIO-11,Pacemaker cell,Cardiac,18,MLF1,0.524253,0.57,program_neighbor,88,0.5146,TBX18
Set 2,CARDIO-11,Pacemaker cell,Cardiac,19,GATA6,0.507454,0.60,program_neighbor,88,0.4251,TBX18
Set 2,CARDIO-11,Pacemaker cell,Cardiac,20,EYA4,0.504730,0.63,program_neighbor,77,0.4425,TBX18
Set 2,CARDIO-11,Pacemaker cell,Cardiac,21,NKX2-6,0.497305,0.66,program_neighbor,88,0.4251,TBX18
Set 2,CARDIO-11,Pacemaker cell,Cardiac,22,HEY2,0.495997,0.69,program_neighbor,88,0.5146,TBX18
Set 2,CARDIO-11,Pacemaker cell,Cardiac,23,FHL2,0.494099,0.73,novel_prediction,0,0.0000,
Set 2,CARDIO-11,Pacemaker cell,Cardiac,24,HAND2,0.487604,0.76,known_cofactor,88,0.4251,TBX18
Set 2,CARDIO-11,Pacemaker cell,Cardiac,25,RAG2,0.482706,0.79,novel_prediction,0,0.0000,
Set 2,CARDIO-11,Pacemaker cell,Cardiac,26,PROX1,0.481476,0.82,program_neighbor,88,0.5116,TBX18
Set 2,CARDIO-11,Pacemaker cell,Cardiac,27,PPARGC1A,0.481324,0.85,program_neighbor,88,0.3247,TBX18
Set 2,CARDIO-11,Pacemaker cell,Cardiac,28,MESP2,0.475327,0.88,program_neighbor,88,0.5029,TBX18
Set 2,CARDIO-11,Pacemaker cell,Cardiac,29,ESRRB,0.474167,0.92,program_neighbor,88,0.5146,TBX18
Set 2,CARDIO-11,Pacemaker cell,Cardiac,30,WNT4,0.472263,0.95,novel_prediction,0,0.0000,
Set 2,CARDIO-11,Pacemaker cell,Cardiac,31,GATA5,0.468945,0.98,program_neighbor,88,0.5146,TBX18
Set 2,CARDIO-11,Pacemaker cell,Cardiac,32,FOXG1,0.465690,1.01,novel_prediction,0,0.0000,
Set 2,CARDIO-11,Pacemaker cell,Cardiac,33,SRF,0.463270,1.04,known_cofactor,88,0.5116,TBX18
Set 2,CARDIO-11,Pacemaker cell,Cardiac,34,PPP1R13L,0.460786,1.07,program_neighbor,77,0.4118,TBX18
Set 2,CARDIO-11,Pacemaker cell,Cardiac,35,MESP1,0.460442,1.11,known_cofactor,88,0.5146,TBX18
Set 2,CARDIO-11,Pacemaker cell,Cardiac,36,KHDRBS3,0.457922,1.14,novel_prediction,0,0.0000,
Set 2,CARDIO-11,Pacemaker cell,Cardiac,37,DBP,0.457812,1.17,program_neighbor,88,0.5146,TBX18
Set 2,CARDIO-11,Pacemaker cell,Cardiac,38,NKX1-2,0.457161,1.20,novel_prediction,0,0.0000,
Set 2,CARDIO-11,Pacemaker cell,Cardiac,39,PRDM6,0.456653,1.23,novel_prediction,0,0.0000,
Set 2,CARDIO-11,Pacemaker cell,Cardiac,40,RAX,0.454283,1.26,novel_prediction,0,0.0000,
Set 2,CARDIO-11,Pacemaker cell,Cardiac,41,TBX1,0.452837,1.30,program_neighbor,88,0.5146,TBX18
Set 2,CARDIO-11,Pacemaker cell,Cardiac,42,PRDM13,0.449699,1.33,novel_prediction,0,0.0000,
Set 2,CARDIO-11,Pacemaker cell,Cardiac,43,COLEC11,0.448044,1.36,novel_prediction,0,0.0000,
Set 2,CARDIO-11,Pacemaker cell,Cardiac,44,MEOX1,0.447373,1.39,program_neighbor,88,0.5146,TBX18
Set 2,CARDIO-11,Pacemaker cell,Cardiac,45,NTN1,0.447193,1.42,novel_prediction,0,0.0000,
Set 2,CARDIO-11,Pacemaker cell,Cardiac,46,MYOCD,0.447147,1.45,known_cofactor,37,0.2079,TBX18
Set 2,CARDIO-11,Pacemaker cell,Cardiac,47,FOXF1,0.444886,1.48,novel_prediction,0,0.0000,
Set 2,CARDIO-11,Pacemaker cell,Cardiac,48,CRYM,0.444726,1.52,novel_prediction,0,0.0000,
Set 2,CARDIO-11,Pacemaker cell,Cardiac,49,PAX1,0.444454,1.55,program_neighbor,88,0.5146,TBX18
Set 2,CARDIO-11,Pacemaker cell,Cardiac,50,ESRRG,0.443961,1.58,known_cofactor,88,0.5146,TBX18
Set 2,CARDIO-12,Cardiomyocyte,Cardiac,1,ACTN2,0.776582,0.03,program_neighbor,5,0.0168,MYOCD
Set 2,CARDIO-12,Cardiomyocyte,Cardiac,2,CSRP3,0.764290,0.06,program_neighbor,83,0.1386,ASCL1
Set 2,CARDIO-12,Cardiomyocyte,Cardiac,3,TBX5,0.756333,0.09,known_cofactor,140,0.5738,ASCL1
Set 2,CARDIO-12,Cardiomyocyte,Cardiac,4,NKX2-5,0.735010,0.13,program_neighbor,176,0.7213,ASCL1
Set 2,CARDIO-12,Cardiomyocyte,Cardiac,5,TBX20,0.718899,0.16,known_cofactor,140,0.5714,ASCL1
Set 2,CARDIO-12,Cardiomyocyte,Cardiac,6,ANKRD1,0.650798,0.19,program_neighbor,12,0.0312,ASCL1
Set 2,CARDIO-12,Cardiomyocyte,Cardiac,7,MLIP,0.648868,0.22,program_neighbor,1,0.0102,MYOCD
Set 2,CARDIO-12,Cardiomyocyte,Cardiac,8,HAND1,0.643927,0.25,program_neighbor,7,0.0282,MYOCD
Set 2,CARDIO-12,Cardiomyocyte,Cardiac,9,PERM1,0.638425,0.28,program_neighbor,152,0.5891,ASCL1
Set 2,CARDIO-12,Cardiomyocyte,Cardiac,10,GATA4,0.635944,0.32,known_cofactor,177,0.7184,ASCL1
Set 2,CARDIO-12,Cardiomyocyte,Cardiac,11,DPF3,0.628249,0.35,program_neighbor,2,0.0208,MYOCD
Set 2,CARDIO-12,Cardiomyocyte,Cardiac,12,PKP2,0.598680,0.38,program_neighbor,41,0.1541,ASCL1
Set 2,CARDIO-12,Cardiomyocyte,Cardiac,13,TENM2,0.575139,0.41,program_neighbor,55,0.0354,ASCL1
Set 2,CARDIO-12,Cardiomyocyte,Cardiac,14,IRX4,0.568218,0.44,program_neighbor,11,0.1020,MYOCD
Set 2,CARDIO-12,Cardiomyocyte,Cardiac,15,TCF15,0.562883,0.47,program_neighbor,141,0.5779,ASCL1
Set 2,CARDIO-12,Cardiomyocyte,Cardiac,16,ABRA,0.548095,0.51,program_neighbor,138,0.5170,ASCL1
Set 2,CARDIO-12,Cardiomyocyte,Cardiac,17,HEYL,0.540498,0.54,program_neighbor,140,0.5738,ASCL1
Set 2,CARDIO-12,Cardiomyocyte,Cardiac,18,MLF1,0.524253,0.57,program_neighbor,140,0.5738,ASCL1
Set 2,CARDIO-12,Cardiomyocyte,Cardiac,19,GATA6,0.507454,0.60,program_neighbor,176,0.7213,ASCL1
Set 2,CARDIO-12,Cardiomyocyte,Cardiac,20,EYA4,0.504730,0.63,program_neighbor,101,0.5302,MYOCD
Set 2,CARDIO-12,Cardiomyocyte,Cardiac,21,NKX2-6,0.497305,0.66,program_neighbor,176,0.7213,ASCL1
Set 2,CARDIO-12,Cardiomyocyte,Cardiac,22,HEY2,0.495997,0.69,program_neighbor,140,0.5738,ASCL1
Set 2,CARDIO-12,Cardiomyocyte,Cardiac,23,FHL2,0.494099,0.73,program_neighbor,36,0.1475,ASCL1
Set 2,CARDIO-12,Cardiomyocyte,Cardiac,24,HAND2,0.487604,0.76,known_cofactor,176,0.7213,ASCL1
Set 2,CARDIO-12,Cardiomyocyte,Cardiac,25,RAG2,0.482706,0.79,program_neighbor,4,0.0417,MYOCD
Set 2,CARDIO-12,Cardiomyocyte,Cardiac,26,PROX1,0.481476,0.82,program_neighbor,141,0.5779,ASCL1
Set 2,CARDIO-12,Cardiomyocyte,Cardiac,27,PPARGC1A,0.481324,0.85,program_neighbor,231,0.9130,ASCL1
Set 2,CARDIO-12,Cardiomyocyte,Cardiac,28,MESP2,0.475327,0.88,program_neighbor,142,0.5645,ASCL1
Set 2,CARDIO-12,Cardiomyocyte,Cardiac,29,ESRRB,0.474167,0.92,program_neighbor,140,0.5738,ASCL1
Set 2,CARDIO-12,Cardiomyocyte,Cardiac,30,WNT4,0.472263,0.95,program_neighbor,10,0.1042,MYOCD
Set 2,CARDIO-12,Cardiomyocyte,Cardiac,31,GATA5,0.468945,0.98,program_neighbor,140,0.5738,ASCL1
Set 2,CARDIO-12,Cardiomyocyte,Cardiac,32,FOXG1,0.465690,1.01,program_neighbor,1,0.0104,MYOCD
Set 2,CARDIO-12,Cardiomyocyte,Cardiac,33,SRF,0.463270,1.04,known_cofactor,141,0.5714,ASCL1
Set 2,CARDIO-12,Cardiomyocyte,Cardiac,34,PPP1R13L,0.460786,1.07,program_neighbor,114,0.4043,ASCL1
Set 2,CARDIO-12,Cardiomyocyte,Cardiac,35,MESP1,0.460442,1.11,known_cofactor,140,0.5738,ASCL1
Set 2,CARDIO-12,Cardiomyocyte,Cardiac,36,KHDRBS3,0.457922,1.14,program_neighbor,11,0.1146,MYOCD
Set 2,CARDIO-12,Cardiomyocyte,Cardiac,37,DBP,0.457812,1.17,program_neighbor,140,0.5738,ASCL1
Set 2,CARDIO-12,Cardiomyocyte,Cardiac,38,NKX1-2,0.457161,1.20,program_neighbor,11,0.1031,MYOCD
Set 2,CARDIO-12,Cardiomyocyte,Cardiac,39,PRDM6,0.456653,1.23,program_neighbor,12,0.1134,MYOCD
Set 2,CARDIO-12,Cardiomyocyte,Cardiac,40,RAX,0.454283,1.26,program_neighbor,10,0.1042,MYOCD
Set 2,CARDIO-12,Cardiomyocyte,Cardiac,41,TBX1,0.452837,1.30,program_neighbor,140,0.5738,ASCL1
Set 2,CARDIO-12,Cardiomyocyte,Cardiac,42,PRDM13,0.449699,1.33,program_neighbor,11,0.1031,MYOCD
Set 2,CARDIO-12,Cardiomyocyte,Cardiac,43,COLEC11,0.448044,1.36,program_neighbor,36,0.1475,ASCL1
Set 2,CARDIO-12,Cardiomyocyte,Cardiac,44,MEOX1,0.447373,1.39,program_neighbor,140,0.5738,ASCL1
Set 2,CARDIO-12,Cardiomyocyte,Cardiac,45,NTN1,0.447193,1.42,program_neighbor,40,0.1472,ASCL1
Set 2,CARDIO-12,Cardiomyocyte,Cardiac,46,MYOCD,0.447147,1.45,known_factor,96,1.0000,MYOCD
Set 2,CARDIO-12,Cardiomyocyte,Cardiac,47,FOXF1,0.444886,1.48,program_neighbor,12,0.1134,MYOCD
Set 2,CARDIO-12,Cardiomyocyte,Cardiac,48,CRYM,0.444726,1.52,program_neighbor,41,0.1627,ASCL1
Set 2,CARDIO-12,Cardiomyocyte,Cardiac,49,PAX1,0.444454,1.55,program_neighbor,140,0.5738,ASCL1
Set 2,CARDIO-12,Cardiomyocyte,Cardiac,50,ESRRG,0.443961,1.58,known_cofactor,140,0.5738,ASCL1
Set 2,CARDIO-13,Cardiomyocyte,Cardiac,1,ACTN2,0.776582,0.03,program_neighbor,1,0.0050,GATA4
Set 2,CARDIO-13,Cardiomyocyte,Cardiac,2,CSRP3,0.764290,0.06,program_neighbor,83,0.1677,TBX5
Set 2,CARDIO-13,Cardiomyocyte,Cardiac,3,TBX5,0.756333,0.09,known_factor,140,1.0000,TBX5
Set 2,CARDIO-13,Cardiomyocyte,Cardiac,4,NKX2-5,0.735010,0.13,program_neighbor,176,1.0000,MEF2C
Set 2,CARDIO-13,Cardiomyocyte,Cardiac,5,TBX20,0.718899,0.16,known_cofactor,140,0.9929,TBX5
Set 2,CARDIO-13,Cardiomyocyte,Cardiac,6,ANKRD1,0.650798,0.19,program_neighbor,6,0.0269,MEF2C
Set 2,CARDIO-13,Cardiomyocyte,Cardiac,7,MLIP,0.648868,0.22,program_neighbor,1,0.0056,GATA4
Set 2,CARDIO-13,Cardiomyocyte,Cardiac,8,HAND1,0.643927,0.25,program_neighbor,6,0.0326,TBX5
Set 2,CARDIO-13,Cardiomyocyte,Cardiac,9,PERM1,0.638425,0.28,program_neighbor,140,0.8434,TBX5
Set 2,CARDIO-13,Cardiomyocyte,Cardiac,10,GATA4,0.635944,0.32,known_factor,177,1.0000,GATA4
Set 2,CARDIO-13,Cardiomyocyte,Cardiac,11,DPF3,0.628249,0.35,program_neighbor,2,0.0143,TBX5
Set 2,CARDIO-13,Cardiomyocyte,Cardiac,12,PKP2,0.598680,0.38,program_neighbor,37,0.1832,MEF2C
Set 2,CARDIO-13,Cardiomyocyte,Cardiac,13,TENM2,0.575139,0.41,program_neighbor,29,0.0294,GATA4
Set 2,CARDIO-13,Cardiomyocyte,Cardiac,14,IRX4,0.568218,0.44,program_neighbor,11,0.0775,ZNF281
Set 2,CARDIO-13,Cardiomyocyte,Cardiac,15,TCF15,0.562883,0.47,program_neighbor,141,1.0000,ZNF281
Set 2,CARDIO-13,Cardiomyocyte,Cardiac,16,ABRA,0.548095,0.51,program_neighbor,85,0.3907,ZNF281
Set 2,CARDIO-13,Cardiomyocyte,Cardiac,17,HEYL,0.540498,0.54,program_neighbor,140,1.0000,TBX5
Set 2,CARDIO-13,Cardiomyocyte,Cardiac,18,MLF1,0.524253,0.57,program_neighbor,140,1.0000,TBX5
Set 2,CARDIO-13,Cardiomyocyte,Cardiac,19,GATA6,0.507454,0.60,program_neighbor,176,1.0000,MEF2C
Set 2,CARDIO-13,Cardiomyocyte,Cardiac,20,EYA4,0.504730,0.63,program_neighbor,87,0.4624,TBX5
Set 2,CARDIO-13,Cardiomyocyte,Cardiac,21,NKX2-6,0.497305,0.66,program_neighbor,176,1.0000,MEF2C
Set 2,CARDIO-13,Cardiomyocyte,Cardiac,22,HEY2,0.495997,0.69,program_neighbor,140,1.0000,TBX5
Set 2,CARDIO-13,Cardiomyocyte,Cardiac,23,FHL2,0.494099,0.73,program_neighbor,36,0.2045,MEF2C
Set 2,CARDIO-13,Cardiomyocyte,Cardiac,24,HAND2,0.487604,0.76,known_cofactor,176,1.0000,MEF2C
Set 2,CARDIO-13,Cardiomyocyte,Cardiac,25,RAG2,0.482706,0.79,program_neighbor,4,0.0286,TBX5
Set 2,CARDIO-13,Cardiomyocyte,Cardiac,26,PROX1,0.481476,0.82,program_neighbor,140,0.9929,TBX5
Set 2,CARDIO-13,Cardiomyocyte,Cardiac,27,PPARGC1A,0.481324,0.85,program_neighbor,177,0.7333,MEF2C
Set 2,CARDIO-13,Cardiomyocyte,Cardiac,28,MESP2,0.475327,0.88,program_neighbor,141,0.9722,TBX5
Set 2,CARDIO-13,Cardiomyocyte,Cardiac,29,ESRRB,0.474167,0.92,program_neighbor,140,1.0000,TBX5
Set 2,CARDIO-13,Cardiomyocyte,Cardiac,30,WNT4,0.472263,0.95,program_neighbor,10,0.0714,TBX5
Set 2,CARDIO-13,Cardiomyocyte,Cardiac,31,GATA5,0.468945,0.98,program_neighbor,140,1.0000,TBX5
Set 2,CARDIO-13,Cardiomyocyte,Cardiac,32,FOXG1,0.465690,1.01,program_neighbor,1,0.0071,TBX5
Set 2,CARDIO-13,Cardiomyocyte,Cardiac,33,SRF,0.463270,1.04,known_cofactor,141,0.9929,TBX5
Set 2,CARDIO-13,Cardiomyocyte,Cardiac,34,PPP1R13L,0.460786,1.07,program_neighbor,109,0.5117,GATA4
Set 2,CARDIO-13,Cardiomyocyte,Cardiac,35,MESP1,0.460442,1.11,known_cofactor,140,1.0000,TBX5
Set 2,CARDIO-13,Cardiomyocyte,Cardiac,36,KHDRBS3,0.457922,1.14,program_neighbor,11,0.0786,TBX5
Set 2,CARDIO-13,Cardiomyocyte,Cardiac,37,DBP,0.457812,1.17,program_neighbor,140,1.0000,TBX5
Set 2,CARDIO-13,Cardiomyocyte,Cardiac,38,NKX1-2,0.457161,1.20,program_neighbor,11,0.0780,ZNF281
Set 2,CARDIO-13,Cardiomyocyte,Cardiac,39,PRDM6,0.456653,1.23,program_neighbor,12,0.0851,ZNF281
Set 2,CARDIO-13,Cardiomyocyte,Cardiac,40,RAX,0.454283,1.26,program_neighbor,10,0.0714,TBX5
Set 2,CARDIO-13,Cardiomyocyte,Cardiac,41,TBX1,0.452837,1.30,program_neighbor,140,1.0000,TBX5
Set 2,CARDIO-13,Cardiomyocyte,Cardiac,42,PRDM13,0.449699,1.33,program_neighbor,11,0.0780,ZNF281
Set 2,CARDIO-13,Cardiomyocyte,Cardiac,43,COLEC11,0.448044,1.36,program_neighbor,36,0.2045,MEF2C
Set 2,CARDIO-13,Cardiomyocyte,Cardiac,44,MEOX1,0.447373,1.39,program_neighbor,140,1.0000,TBX5
Set 2,CARDIO-13,Cardiomyocyte,Cardiac,45,NTN1,0.447193,1.42,program_neighbor,37,0.1850,GATA4
Set 2,CARDIO-13,Cardiomyocyte,Cardiac,46,MYOCD,0.447147,1.45,known_cofactor,78,0.4843,TBX5
Set 2,CARDIO-13,Cardiomyocyte,Cardiac,47,FOXF1,0.444886,1.48,program_neighbor,12,0.0775,ZNF281
Set 2,CARDIO-13,Cardiomyocyte,Cardiac,48,CRYM,0.444726,1.52,program_neighbor,37,0.1968,MEF2C
Set 2,CARDIO-13,Cardiomyocyte,Cardiac,49,PAX1,0.444454,1.55,program_neighbor,140,1.0000,TBX5
Set 2,CARDIO-13,Cardiomyocyte,Cardiac,50,ESRRG,0.443961,1.58,known_cofactor,140,1.0000,TBX5
Set 2,CARDIO-14,Cardiomyocyte (matured),Cardiac,1,ACTN2,0.776582,0.03,program_neighbor,2,0.0168,MYOCD
Set 2,CARDIO-14,Cardiomyocyte (matured),Cardiac,2,CSRP3,0.764290,0.06,program_neighbor,83,0.1677,MESP1
Set 2,CARDIO-14,Cardiomyocyte (matured),Cardiac,3,TBX5,0.756333,0.09,known_factor,140,1.0000,MESP1
Set 2,CARDIO-14,Cardiomyocyte (matured),Cardiac,4,NKX2-5,0.735010,0.13,program_neighbor,176,1.0000,MEF2C
Set 2,CARDIO-14,Cardiomyocyte (matured),Cardiac,5,TBX20,0.718899,0.16,known_cofactor,140,0.9929,MESP1
Set 2,CARDIO-14,Cardiomyocyte (matured),Cardiac,6,ANKRD1,0.650798,0.19,program_neighbor,9,0.0269,MEF2C
Set 2,CARDIO-14,Cardiomyocyte (matured),Cardiac,7,MLIP,0.648868,0.22,program_neighbor,1,0.0102,MYOCD
Set 2,CARDIO-14,Cardiomyocyte (matured),Cardiac,8,HAND1,0.643927,0.25,program_neighbor,7,0.0326,MESP1
Set 2,CARDIO-14,Cardiomyocyte (matured),Cardiac,9,PERM1,0.638425,0.28,program_neighbor,140,0.8434,MESP1
Set 2,CARDIO-14,Cardiomyocyte (matured),Cardiac,10,GATA4,0.635944,0.32,known_factor,177,1.0000,GATA4
Set 2,CARDIO-14,Cardiomyocyte (matured),Cardiac,11,DPF3,0.628249,0.35,program_neighbor,2,0.0208,MYOCD
Set 2,CARDIO-14,Cardiomyocyte (matured),Cardiac,12,PKP2,0.598680,0.38,program_neighbor,37,0.1832,MEF2C
Set 2,CARDIO-14,Cardiomyocyte (matured),Cardiac,13,TENM2,0.575139,0.41,program_neighbor,46,0.0309,MYOCD
Set 2,CARDIO-14,Cardiomyocyte (matured),Cardiac,14,IRX4,0.568218,0.44,program_neighbor,10,0.1020,MYOCD
Set 2,CARDIO-14,Cardiomyocyte (matured),Cardiac,15,TCF15,0.562883,0.47,program_neighbor,140,0.9929,MESP1
Set 2,CARDIO-14,Cardiomyocyte (matured),Cardiac,16,ABRA,0.548095,0.51,program_neighbor,84,0.3860,MESP1
Set 2,CARDIO-14,Cardiomyocyte (matured),Cardiac,17,HEYL,0.540498,0.54,program_neighbor,140,1.0000,MESP1
Set 2,CARDIO-14,Cardiomyocyte (matured),Cardiac,18,MLF1,0.524253,0.57,program_neighbor,140,1.0000,MESP1
Set 2,CARDIO-14,Cardiomyocyte (matured),Cardiac,19,GATA6,0.507454,0.60,program_neighbor,176,1.0000,MEF2C
Set 2,CARDIO-14,Cardiomyocyte (matured),Cardiac,20,EYA4,0.504730,0.63,program_neighbor,88,0.5302,MYOCD
Set 2,CARDIO-14,Cardiomyocyte (matured),Cardiac,21,NKX2-6,0.497305,0.66,program_neighbor,176,1.0000,MEF2C
Set 2,CARDIO-14,Cardiomyocyte (matured),Cardiac,22,HEY2,0.495997,0.69,program_neighbor,140,1.0000,MESP1
Set 2,CARDIO-14,Cardiomyocyte (matured),Cardiac,23,FHL2,0.494099,0.73,program_neighbor,36,0.2045,MEF2C
Set 2,CARDIO-14,Cardiomyocyte (matured),Cardiac,24,HAND2,0.487604,0.76,known_cofactor,176,1.0000,MEF2C
Set 2,CARDIO-14,Cardiomyocyte (matured),Cardiac,25,RAG2,0.482706,0.79,program_neighbor,4,0.0417,MYOCD
Set 2,CARDIO-14,Cardiomyocyte (matured),Cardiac,26,PROX1,0.481476,0.82,program_neighbor,140,0.9929,MESP1
Set 2,CARDIO-14,Cardiomyocyte (matured),Cardiac,27,PPARGC1A,0.481324,0.85,program_neighbor,176,0.7333,MEF2C
Set 2,CARDIO-14,Cardiomyocyte (matured),Cardiac,28,MESP2,0.475327,0.88,program_neighbor,142,0.9722,MESP1
Set 2,CARDIO-14,Cardiomyocyte (matured),Cardiac,29,ESRRB,0.474167,0.92,program_neighbor,140,1.0000,MESP1
Set 2,CARDIO-14,Cardiomyocyte (matured),Cardiac,30,WNT4,0.472263,0.95,program_neighbor,10,0.1042,MYOCD
Set 2,CARDIO-14,Cardiomyocyte (matured),Cardiac,31,GATA5,0.468945,0.98,program_neighbor,140,1.0000,MESP1
Set 2,CARDIO-14,Cardiomyocyte (matured),Cardiac,32,FOXG1,0.465690,1.01,program_neighbor,1,0.0104,MYOCD
Set 2,CARDIO-14,Cardiomyocyte (matured),Cardiac,33,SRF,0.463270,1.04,known_cofactor,141,0.9929,MESP1
Set 2,CARDIO-14,Cardiomyocyte (matured),Cardiac,34,PPP1R13L,0.460786,1.07,program_neighbor,110,0.5117,GATA4
Set 2,CARDIO-14,Cardiomyocyte (matured),Cardiac,35,MESP1,0.460442,1.11,known_factor,140,1.0000,MESP1
Set 2,CARDIO-14,Cardiomyocyte (matured),Cardiac,36,KHDRBS3,0.457922,1.14,program_neighbor,11,0.1146,MYOCD
Set 2,CARDIO-14,Cardiomyocyte (matured),Cardiac,37,DBP,0.457812,1.17,program_neighbor,140,1.0000,MESP1
Set 2,CARDIO-14,Cardiomyocyte (matured),Cardiac,38,NKX1-2,0.457161,1.20,program_neighbor,10,0.1031,MYOCD
Set 2,CARDIO-14,Cardiomyocyte (matured),Cardiac,39,PRDM6,0.456653,1.23,program_neighbor,11,0.1134,MYOCD
Set 2,CARDIO-14,Cardiomyocyte (matured),Cardiac,40,RAX,0.454283,1.26,program_neighbor,10,0.1042,MYOCD
Set 2,CARDIO-14,Cardiomyocyte (matured),Cardiac,41,TBX1,0.452837,1.30,program_neighbor,140,1.0000,MESP1
Set 2,CARDIO-14,Cardiomyocyte (matured),Cardiac,42,PRDM13,0.449699,1.33,program_neighbor,10,0.1031,MYOCD
Set 2,CARDIO-14,Cardiomyocyte (matured),Cardiac,43,COLEC11,0.448044,1.36,program_neighbor,36,0.2045,MEF2C
Set 2,CARDIO-14,Cardiomyocyte (matured),Cardiac,44,MEOX1,0.447373,1.39,program_neighbor,140,1.0000,MESP1
Set 2,CARDIO-14,Cardiomyocyte (matured),Cardiac,45,NTN1,0.447193,1.42,program_neighbor,37,0.1850,GATA4
Set 2,CARDIO-14,Cardiomyocyte (matured),Cardiac,46,MYOCD,0.447147,1.45,known_factor,96,1.0000,MYOCD
Set 2,CARDIO-14,Cardiomyocyte (matured),Cardiac,47,FOXF1,0.444886,1.48,program_neighbor,11,0.1134,MYOCD
Set 2,CARDIO-14,Cardiomyocyte (matured),Cardiac,48,CRYM,0.444726,1.52,program_neighbor,37,0.1968,MEF2C
Set 2,CARDIO-14,Cardiomyocyte (matured),Cardiac,49,PAX1,0.444454,1.55,program_neighbor,140,1.0000,MESP1
Set 2,CARDIO-14,Cardiomyocyte (matured),Cardiac,50,ESRRG,0.443961,1.58,known_factor,140,1.0000,MESP1
Set 2,ENDO-04,Endothelial,Vascular,1,FOXS1,0.855903,0.03,program_neighbor,140,1.0000,ETV2
Set 2,ENDO-04,Endothelial,Vascular,2,ESR1,0.697744,0.06,program_neighbor,140,0.5738,ETV2
Set 2,ENDO-04,Endothelial,Vascular,3,ARHGAP22,0.696833,0.09,program_neighbor,17,0.0688,ETV2
Set 2,ENDO-04,Endothelial,Vascular,4,APLP2,0.688125,0.13,program_neighbor,1,0.0020,ETV2
Set 2,ENDO-04,Endothelial,Vascular,5,CITED4,0.667281,0.16,program_neighbor,1,0.0071,ETV2
Set 2,ENDO-04,Endothelial,Vascular,6,PRDM6,0.665500,0.19,program_neighbor,11,0.0780,ETV2
Set 2,ENDO-04,Endothelial,Vascular,7,GATA2,0.665402,0.22,program_neighbor,140,1.0000,ETV2
Set 2,ENDO-04,Endothelial,Vascular,8,PTPN14,0.638932,0.25,program_neighbor,2,0.0132,ETV2
Set 2,ENDO-04,Endothelial,Vascular,9,SETSIP,0.636537,0.28,program_neighbor,3,0.0160,ETV2
Set 2,ENDO-04,Endothelial,Vascular,10,SOX18,0.628844,0.32,program_neighbor,140,0.9790,ETV2
Set 2,ENDO-04,Endothelial,Vascular,11,ZNF304,0.619754,0.35,program_neighbor,140,0.9790,ETV2
Set 2,ENDO-04,Endothelial,Vascular,12,ID4,0.582568,0.38,program_neighbor,9,0.0497,ETV2
Set 2,ENDO-04,Endothelial,Vascular,13,ATOH8,0.570414,0.41,program_neighbor,140,1.0000,ETV2
Set 2,ENDO-04,Endothelial,Vascular,14,FOXC1,0.563579,0.44,program_neighbor,140,0.9524,ETV2
Set 2,ENDO-04,Endothelial,Vascular,15,HAND2,0.546272,0.47,program_neighbor,140,0.7955,ETV2
Set 2,ENDO-04,Endothelial,Vascular,16,EPAS1,0.524947,0.51,program_neighbor,140,0.5645,ETV2
Set 2,ENDO-04,Endothelial,Vascular,17,SOX7,0.524922,0.54,program_neighbor,140,1.0000,ETV2
Set 2,ENDO-04,Endothelial,Vascular,18,ID3,0.521586,0.57,program_neighbor,8,0.0440,ETV2
Set 2,ENDO-04,Endothelial,Vascular,19,SVEP1,0.518643,0.60,program_neighbor,1,0.0071,ETV2
Set 2,ENDO-04,Endothelial,Vascular,20,FOXL1,0.518461,0.63,program_neighbor,140,0.9929,ETV2
Set 2,ENDO-04,Endothelial,Vascular,21,KHDRBS3,0.518275,0.66,program_neighbor,11,0.0786,ETV2
Set 2,ENDO-04,Endothelial,Vascular,22,ID2,0.513380,0.69,program_neighbor,5,0.0270,ETV2
Set 2,ENDO-04,Endothelial,Vascular,23,FOXC2,0.510318,0.73,known_cofactor,140,1.0000,ETV2
Set 2,ENDO-04,Endothelial,Vascular,24,FHL5,0.504384,0.76,program_neighbor,140,1.0000,ETV2
Set 2,ENDO-04,Endothelial,Vascular,25,TBX18,0.504080,0.79,program_neighbor,88,0.5146,ETV2
Set 2,ENDO-04,Endothelial,Vascular,26,HEY2,0.503164,0.82,program_neighbor,140,1.0000,ETV2
Set 2,ENDO-04,Endothelial,Vascular,27,MEOX2,0.490834,0.85,program_neighbor,140,1.0000,ETV2
Set 2,ENDO-04,Endothelial,Vascular,28,ETS1,0.490448,0.88,program_neighbor,140,0.2504,ETV2
Set 2,ENDO-04,Endothelial,Vascular,29,IL31RA,0.483738,0.92,program_neighbor,83,0.1563,ETV2
Set 2,ENDO-04,Endothelial,Vascular,30,MYC,0.477495,0.95,program_neighbor,140,0.7865,ETV2
Set 2,ENDO-04,Endothelial,Vascular,31,NOTCH1,0.476414,0.98,program_neighbor,140,0.2545,ETV2
Set 2,ENDO-04,Endothelial,Vascular,32,AEBP1,0.470821,1.01,program_neighbor,140,0.7955,ETV2
Set 2,ENDO-04,Endothelial,Vascular,33,WTIP,0.470359,1.04,program_neighbor,140,0.8537,ETV2
Set 2,ENDO-04,Endothelial,Vascular,34,LOXL2,0.466822,1.07,novel_prediction,0,0.0000,
Set 2,ENDO-04,Endothelial,Vascular,35,HOXA9,0.460844,1.11,program_neighbor,140,0.9929,ETV2
Set 2,ENDO-04,Endothelial,Vascular,36,PRMT5,0.457592,1.14,program_neighbor,140,1.0000,ETV2
Set 2,ENDO-04,Endothelial,Vascular,37,HIF3A,0.456924,1.17,program_neighbor,140,0.7368,ETV2
Set 2,ENDO-04,Endothelial,Vascular,38,MN1,0.456554,1.20,program_neighbor,140,0.9655,ETV2
Set 2,ENDO-04,Endothelial,Vascular,39,MYOCD,0.456041,1.23,program_neighbor,77,0.4843,ETV2
Set 2,ENDO-04,Endothelial,Vascular,40,SP100,0.455602,1.26,program_neighbor,2,0.0131,ETV2
Set 2,ENDO-04,Endothelial,Vascular,41,ZNF580,0.455549,1.30,program_neighbor,83,0.1677,ETV2
Set 2,ENDO-04,Endothelial,Vascular,42,ZNF354C,0.455447,1.33,program_neighbor,140,1.0000,ETV2
Set 2,ENDO-04,Endothelial,Vascular,43,HEYL,0.451532,1.36,program_neighbor,140,1.0000,ETV2
Set 2,ENDO-04,Endothelial,Vascular,44,LTF,0.451067,1.39,program_neighbor,83,0.1563,ETV2
Set 2,ENDO-04,Endothelial,Vascular,45,SOX17,0.449280,1.42,known_cofactor,140,1.0000,ETV2
Set 2,ENDO-04,Endothelial,Vascular,46,HOXC12,0.449247,1.45,program_neighbor,10,0.0709,ETV2
Set 2,ENDO-04,Endothelial,Vascular,47,MEOX1,0.448691,1.48,program_neighbor,140,1.0000,ETV2
Set 2,ENDO-04,Endothelial,Vascular,48,FOXD2,0.448652,1.52,program_neighbor,140,0.9722,ETV2
Set 2,ENDO-04,Endothelial,Vascular,49,JUP,0.447324,1.55,novel_prediction,0,0.0000,
Set 2,ENDO-04,Endothelial,Vascular,50,E2F7,0.447322,1.58,program_neighbor,140,0.8187,ETV2
Set 2,ENDO-05,Endothelial,Vascular,1,FOXS1,0.855903,0.03,program_neighbor,140,1.0000,ETV2
Set 2,ENDO-05,Endothelial,Vascular,2,ESR1,0.697744,0.06,program_neighbor,171,0.5738,ETV2
Set 2,ENDO-05,Endothelial,Vascular,3,ARHGAP22,0.696833,0.09,program_neighbor,50,0.1401,FOXO1
Set 2,ENDO-05,Endothelial,Vascular,4,APLP2,0.688125,0.13,program_neighbor,1,0.0020,ETV2
Set 2,ENDO-05,Endothelial,Vascular,5,CITED4,0.667281,0.16,program_neighbor,1,0.0071,ETV2
Set 2,ENDO-05,Endothelial,Vascular,6,PRDM6,0.665500,0.19,program_neighbor,12,0.0780,ETV2
Set 2,ENDO-05,Endothelial,Vascular,7,GATA2,0.665402,0.22,program_neighbor,140,1.0000,ETV2
Set 2,ENDO-05,Endothelial,Vascular,8,PTPN14,0.638932,0.25,program_neighbor,13,0.0459,FOXO1
Set 2,ENDO-05,Endothelial,Vascular,9,SETSIP,0.636537,0.28,program_neighbor,4,0.0160,ETV2
Set 2,ENDO-05,Endothelial,Vascular,10,SOX18,0.628844,0.32,program_neighbor,140,0.9790,ETV2
Set 2,ENDO-05,Endothelial,Vascular,11,ZNF304,0.619754,0.35,program_neighbor,141,0.9790,ETV2
Set 2,ENDO-05,Endothelial,Vascular,12,ID4,0.582568,0.38,program_neighbor,13,0.0497,ETV2
Set 2,ENDO-05,Endothelial,Vascular,13,ATOH8,0.570414,0.41,program_neighbor,140,1.0000,ETV2
Set 2,ENDO-05,Endothelial,Vascular,14,FOXC1,0.563579,0.44,program_neighbor,144,0.9524,ETV2
Set 2,ENDO-05,Endothelial,Vascular,15,HAND2,0.546272,0.47,program_neighbor,176,0.7955,ETV2
Set 2,ENDO-05,Endothelial,Vascular,16,EPAS1,0.524947,0.51,program_neighbor,175,0.5645,ETV2
Set 2,ENDO-05,Endothelial,Vascular,17,SOX7,0.524922,0.54,program_neighbor,140,1.0000,ETV2
Set 2,ENDO-05,Endothelial,Vascular,18,ID3,0.521586,0.57,program_neighbor,12,0.0440,ETV2
Set 2,ENDO-05,Endothelial,Vascular,19,SVEP1,0.518643,0.60,program_neighbor,1,0.0071,ETV2
Set 2,ENDO-05,Endothelial,Vascular,20,FOXL1,0.518461,0.63,program_neighbor,140,0.9929,ETV2
Set 2,ENDO-05,Endothelial,Vascular,21,KHDRBS3,0.518275,0.66,program_neighbor,11,0.0786,ETV2
Set 2,ENDO-05,Endothelial,Vascular,22,ID2,0.513380,0.69,program_neighbor,6,0.0270,ETV2
Set 2,ENDO-05,Endothelial,Vascular,23,FOXC2,0.510318,0.73,known_factor,140,1.0000,ETV2
Set 2,ENDO-05,Endothelial,Vascular,24,FHL5,0.504384,0.76,program_neighbor,140,1.0000,ETV2
Set 2,ENDO-05,Endothelial,Vascular,25,TBX18,0.504080,0.79,program_neighbor,119,0.5146,ETV2
Set 2,ENDO-05,Endothelial,Vascular,26,HEY2,0.503164,0.82,program_neighbor,140,1.0000,ETV2
Set 2,ENDO-05,Endothelial,Vascular,27,MEOX2,0.490834,0.85,program_neighbor,140,1.0000,ETV2
Set 2,ENDO-05,Endothelial,Vascular,28,ETS1,0.490448,0.88,program_neighbor,204,0.3197,FOXO1
Set 2,ENDO-05,Endothelial,Vascular,29,IL31RA,0.483738,0.92,program_neighbor,119,0.1865,FOXO1
Set 2,ENDO-05,Endothelial,Vascular,30,MYC,0.477495,0.95,program_neighbor,176,0.7865,ETV2
Set 2,ENDO-05,Endothelial,Vascular,31,NOTCH1,0.476414,0.98,program_neighbor,194,0.3036,FOXO1
Set 2,ENDO-05,Endothelial,Vascular,32,AEBP1,0.470821,1.01,program_neighbor,176,0.7955,ETV2
Set 2,ENDO-05,Endothelial,Vascular,33,WTIP,0.470359,1.04,program_neighbor,143,0.8537,ETV2
Set 2,ENDO-05,Endothelial,Vascular,34,LOXL2,0.466822,1.07,program_neighbor,1,0.0035,FOXO1
Set 2,ENDO-05,Endothelial,Vascular,35,HOXA9,0.460844,1.11,program_neighbor,140,0.9929,ETV2
Set 2,ENDO-05,Endothelial,Vascular,36,PRMT5,0.457592,1.14,program_neighbor,140,1.0000,ETV2
Set 2,ENDO-05,Endothelial,Vascular,37,HIF3A,0.456924,1.17,program_neighbor,188,0.7368,ETV2
Set 2,ENDO-05,Endothelial,Vascular,38,MN1,0.456554,1.20,program_neighbor,141,0.9655,ETV2
Set 2,ENDO-05,Endothelial,Vascular,39,MYOCD,0.456041,1.23,program_neighbor,77,0.4843,ETV2
Set 2,ENDO-05,Endothelial,Vascular,40,SP100,0.455602,1.26,program_neighbor,15,0.0530,FOXO1
Set 2,ENDO-05,Endothelial,Vascular,41,ZNF580,0.455549,1.30,program_neighbor,83,0.1677,ETV2
Set 2,ENDO-05,Endothelial,Vascular,42,ZNF354C,0.455447,1.33,program_neighbor,140,1.0000,ETV2
Set 2,ENDO-05,Endothelial,Vascular,43,HEYL,0.451532,1.36,program_neighbor,140,1.0000,ETV2
Set 2,ENDO-05,Endothelial,Vascular,44,LTF,0.451067,1.39,program_neighbor,119,0.1865,FOXO1
Set 2,ENDO-05,Endothelial,Vascular,45,SOX17,0.449280,1.42,known_cofactor,140,1.0000,ETV2
Set 2,ENDO-05,Endothelial,Vascular,46,HOXC12,0.449247,1.45,program_neighbor,11,0.0709,ETV2
Set 2,ENDO-05,Endothelial,Vascular,47,MEOX1,0.448691,1.48,program_neighbor,140,1.0000,ETV2
Set 2,ENDO-05,Endothelial,Vascular,48,FOXD2,0.448652,1.52,program_neighbor,144,0.9722,ETV2
Set 2,ENDO-05,Endothelial,Vascular,49,JUP,0.447324,1.55,program_neighbor,3,0.0046,FOXO1
Set 2,ENDO-05,Endothelial,Vascular,50,E2F7,0.447322,1.58,program_neighbor,171,0.8187,ETV2
Set 2,BETA-05,Beta cell,Endocrine,1,PDX1,0.776251,0.03,known_factor,188,1.0000,PDX1
Set 2,BETA-05,Beta cell,Endocrine,2,PTF1A,0.745898,0.06,program_neighbor,141,0.9929,NEUROG3
Set 2,BETA-05,Beta cell,Endocrine,3,ONECUT1,0.722858,0.09,program_neighbor,140,0.9929,NEUROG3
Set 2,BETA-05,Beta cell,Endocrine,4,MNX1,0.691971,0.13,program_neighbor,11,0.0759,MAFA
Set 2,BETA-05,Beta cell,Endocrine,5,NR5A2,0.691490,0.16,program_neighbor,141,0.9929,NEUROG3
Set 2,BETA-05,Beta cell,Endocrine,6,FOXA3,0.677297,0.19,program_neighbor,140,0.8485,NEUROG3
Set 2,BETA-05,Beta cell,Endocrine,7,FOXA2,0.663396,0.22,program_neighbor,141,0.6829,NEUROG3
Set 2,BETA-05,Beta cell,Endocrine,8,HNF1B,0.652667,0.25,program_neighbor,176,0.9362,PDX1
Set 2,BETA-05,Beta cell,Endocrine,9,RBPJL,0.651338,0.28,program_neighbor,141,0.5691,NEUROG3
Set 2,BETA-05,Beta cell,Endocrine,10,HNF1A,0.640736,0.32,program_neighbor,176,0.9263,PDX1
Set 2,BETA-05,Beta cell,Endocrine,11,MAFA,0.612919,0.35,known_factor,144,1.0000,MAFA
Set 2,BETA-05,Beta cell,Endocrine,12,GFI1,0.583429,0.38,program_neighbor,140,1.0000,NEUROG3
Set 2,BETA-05,Beta cell,Endocrine,13,BHLHA15,0.580623,0.41,program_neighbor,140,0.2750,NEUROG3
Set 2,BETA-05,Beta cell,Endocrine,14,ONECUT2,0.579862,0.44,program_neighbor,141,0.8485,NEUROG3
Set 2,BETA-05,Beta cell,Endocrine,15,SERPINA3,0.546253,0.47,program_neighbor,83,0.1677,NEUROG3
Set 2,BETA-05,Beta cell,Endocrine,16,ZNF98,0.532405,0.51,program_neighbor,140,1.0000,NEUROG3
Set 2,BETA-05,Beta cell,Endocrine,17,GATA4,0.529229,0.54,program_neighbor,176,0.9312,PDX1
Set 2,BETA-05,Beta cell,Endocrine,18,RORC,0.528081,0.57,program_neighbor,140,1.0000,NEUROG3
Set 2,BETA-05,Beta cell,Endocrine,19,CREB3L1,0.518525,0.60,program_neighbor,140,1.0000,NEUROG3
Set 2,BETA-05,Beta cell,Endocrine,20,XBP1,0.515815,0.63,program_neighbor,188,0.3443,PDX1
Set 2,BETA-05,Beta cell,Endocrine,21,ZFP57,0.514273,0.66,program_neighbor,140,1.0000,NEUROG3
Set 2,BETA-05,Beta cell,Endocrine,22,PAX6,0.505457,0.69,program_neighbor,140,1.0000,NEUROG3
Set 2,BETA-05,Beta cell,Endocrine,23,HNF4A,0.503431,0.73,program_neighbor,152,0.9032,NEUROG3
Set 2,BETA-05,Beta cell,Endocrine,24,ASCL5,0.501433,0.76,program_neighbor,10,0.0709,NEUROG3
Set 2,BETA-05,Beta cell,Endocrine,25,NKX6-1,0.499771,0.79,program_neighbor,140,1.0000,NEUROG3
Set 2,BETA-05,Beta cell,Endocrine,26,NR0B2,0.495155,0.82,program_neighbor,6,0.0326,NEUROG3
Set 2,BETA-05,Beta cell,Endocrine,27,PAX4,0.492489,0.85,known_cofactor,176,0.9362,PDX1
Set 2,BETA-05,Beta cell,Endocrine,28,NKX2-2,0.489240,0.88,program_neighbor,140,0.9929,NEUROG3
Set 2,BETA-05,Beta cell,Endocrine,29,GLIS3,0.476420,0.92,program_neighbor,140,1.0000,NEUROG3
Set 2,BETA-05,Beta cell,Endocrine,30,MYCL,0.470756,0.95,program_neighbor,140,1.0000,NEUROG3
Set 2,BETA-05,Beta cell,Endocrine,31,HNF4G,0.466309,0.98,program_neighbor,140,1.0000,NEUROG3
Set 2,BETA-05,Beta cell,Endocrine,32,POU4F1,0.459317,1.01,program_neighbor,177,0.9312,PDX1
Set 2,BETA-05,Beta cell,Endocrine,33,SALL4,0.457868,1.04,program_neighbor,141,0.8917,NEUROG3
Set 2,BETA-05,Beta cell,Endocrine,34,FOXF1,0.456775,1.07,program_neighbor,11,0.0759,MAFA
Set 2,BETA-05,Beta cell,Endocrine,35,TCF15,0.455051,1.11,program_neighbor,141,0.9929,NEUROG3
Set 2,BETA-05,Beta cell,Endocrine,36,TRIB3,0.454318,1.14,program_neighbor,36,0.1782,PDX1
Set 2,BETA-05,Beta cell,Endocrine,37,FEZF2,0.454187,1.17,program_neighbor,141,0.9929,NEUROG3
Set 2,BETA-05,Beta cell,Endocrine,38,PROX1,0.453781,1.20,program_neighbor,140,0.9929,NEUROG3
Set 2,BETA-05,Beta cell,Endocrine,39,HEYL,0.452404,1.23,program_neighbor,140,1.0000,NEUROG3
Set 2,BETA-05,Beta cell,Endocrine,40,MUC1,0.450233,1.26,program_neighbor,89,0.5205,NEUROG3
Set 2,BETA-05,Beta cell,Endocrine,41,SIX2,0.449492,1.30,program_neighbor,145,0.7179,NEUROG3
Set 2,BETA-05,Beta cell,Endocrine,42,GRHL1,0.449323,1.33,program_neighbor,140,0.9929,NEUROG3
Set 2,BETA-05,Beta cell,Endocrine,43,POU4F2,0.448536,1.36,program_neighbor,177,0.9312,PDX1
Set 2,BETA-05,Beta cell,Endocrine,44,TWIST1,0.448403,1.39,program_neighbor,177,0.9312,PDX1
Set 2,BETA-05,Beta cell,Endocrine,45,TP53INP1,0.445310,1.42,program_neighbor,36,0.1915,PDX1
Set 2,BETA-05,Beta cell,Endocrine,46,MAFB,0.445258,1.45,program_neighbor,140,1.0000,NEUROG3
Set 2,BETA-05,Beta cell,Endocrine,47,ZIC2,0.444381,1.48,program_neighbor,141,0.9929,NEUROG3
Set 2,BETA-05,Beta cell,Endocrine,48,MLXIPL,0.443597,1.52,program_neighbor,140,0.9859,NEUROG3
Set 2,BETA-05,Beta cell,Endocrine,49,FOXA1,0.443518,1.55,program_neighbor,140,1.0000,NEUROG3
Set 2,BETA-05,Beta cell,Endocrine,50,MLXIP,0.442848,1.58,program_neighbor,140,0.9859,NEUROG3
Set 2,BETA-06,Beta cell,Endocrine,1,PDX1,0.796924,0.03,known_factor,188,1.0000,PDX1
Set 2,BETA-06,Beta cell,Endocrine,2,PTF1A,0.768796,0.06,program_neighbor,141,0.9929,NEUROG3
Set 2,BETA-06,Beta cell,Endocrine,3,NR5A2,0.714388,0.09,program_neighbor,141,0.9929,NEUROG3
Set 2,BETA-06,Beta cell,Endocrine,4,FOXA3,0.694269,0.13,program_neighbor,140,0.8485,NEUROG3
Set 2,BETA-06,Beta cell,Endocrine,5,ONECUT1,0.691560,0.16,program_neighbor,140,0.9929,NEUROG3
Set 2,BETA-06,Beta cell,Endocrine,6,MNX1,0.689955,0.19,program_neighbor,11,0.0759,MAFA
Set 2,BETA-06,Beta cell,Endocrine,7,HNF1B,0.672313,0.22,program_neighbor,176,0.9362,PDX1
Set 2,BETA-06,Beta cell,Endocrine,8,HNF1A,0.654680,0.25,program_neighbor,176,0.9263,PDX1
Set 2,BETA-06,Beta cell,Endocrine,9,RBPJL,0.653608,0.28,program_neighbor,141,0.5691,NEUROG3
Set 2,BETA-06,Beta cell,Endocrine,10,MAFA,0.638677,0.32,known_factor,144,1.0000,MAFA
Set 2,BETA-06,Beta cell,Endocrine,11,FOXA2,0.622042,0.35,program_neighbor,141,0.6829,NEUROG3
Set 2,BETA-06,Beta cell,Endocrine,12,GFI1,0.606517,0.38,program_neighbor,140,1.0000,NEUROG3
Set 2,BETA-06,Beta cell,Endocrine,13,ONECUT2,0.594445,0.41,program_neighbor,141,0.8485,NEUROG3
Set 2,BETA-06,Beta cell,Endocrine,14,BHLHA15,0.585100,0.44,program_neighbor,140,0.2750,NEUROG3
Set 2,BETA-06,Beta cell,Endocrine,15,ASCL5,0.570801,0.47,program_neighbor,10,0.0709,NEUROG3
Set 2,BETA-06,Beta cell,Endocrine,16,ZNF98,0.555493,0.51,program_neighbor,140,1.0000,NEUROG3
Set 2,BETA-06,Beta cell,Endocrine,17,RORC,0.551169,0.54,program_neighbor,140,1.0000,NEUROG3
Set 2,BETA-06,Beta cell,Endocrine,18,SERPINA3,0.545911,0.57,program_neighbor,83,0.1677,NEUROG3
Set 2,BETA-06,Beta cell,Endocrine,19,HNF4A,0.544439,0.60,program_neighbor,152,0.9032,NEUROG3
Set 2,BETA-06,Beta cell,Endocrine,20,GATA4,0.543292,0.63,program_neighbor,176,0.9312,PDX1
Set 2,BETA-06,Beta cell,Endocrine,21,ZFP57,0.537362,0.66,program_neighbor,140,1.0000,NEUROG3
Set 2,BETA-06,Beta cell,Endocrine,22,ALB,0.528869,0.69,program_neighbor,4,0.0286,NEUROG3
Set 2,BETA-06,Beta cell,Endocrine,23,PAX6,0.528546,0.73,program_neighbor,140,1.0000,NEUROG3
Set 2,BETA-06,Beta cell,Endocrine,24,XBP1,0.525430,0.76,program_neighbor,188,0.3443,PDX1
Set 2,BETA-06,Beta cell,Endocrine,25,NKX6-1,0.522859,0.79,program_neighbor,140,1.0000,NEUROG3
Set 2,BETA-06,Beta cell,Endocrine,26,CREB3L1,0.522719,0.82,program_neighbor,140,1.0000,NEUROG3
Set 2,BETA-06,Beta cell,Endocrine,27,HNF4G,0.516746,0.85,program_neighbor,140,1.0000,NEUROG3
Set 2,BETA-06,Beta cell,Endocrine,28,PAX4,0.512135,0.88,known_cofactor,176,0.9362,PDX1
Set 2,BETA-06,Beta cell,Endocrine,29,FOXF1,0.511286,0.92,program_neighbor,11,0.0759,MAFA
Set 2,BETA-06,Beta cell,Endocrine,30,NKX2-2,0.507699,0.95,program_neighbor,140,0.9929,NEUROG3
Set 2,BETA-06,Beta cell,Endocrine,31,GLIS3,0.495740,0.98,program_neighbor,140,1.0000,NEUROG3
Set 2,BETA-06,Beta cell,Endocrine,32,MYCL,0.493844,1.01,program_neighbor,140,1.0000,NEUROG3
Set 2,BETA-06,Beta cell,Endocrine,33,SUV39H1,0.485399,1.04,program_neighbor,77,0.5461,NEUROG3
Set 2,BETA-06,Beta cell,Endocrine,34,NKX1-2,0.481932,1.07,program_neighbor,11,0.0764,MAFA
Set 2,BETA-06,Beta cell,Endocrine,35,POU4F1,0.478842,1.11,program_neighbor,177,0.9312,PDX1
Set 2,BETA-06,Beta cell,Endocrine,36,TCF15,0.477949,1.14,program_neighbor,141,0.9929,NEUROG3
Set 2,BETA-06,Beta cell,Endocrine,37,RAG2,0.477634,1.17,program_neighbor,4,0.0286,NEUROG3
Set 2,BETA-06,Beta cell,Endocrine,38,FEZF2,0.477085,1.20,program_neighbor,141,0.9929,NEUROG3
Set 2,BETA-06,Beta cell,Endocrine,39,PROX1,0.476679,1.23,program_neighbor,140,0.9929,NEUROG3
Set 2,BETA-06,Beta cell,Endocrine,40,SALL4,0.476001,1.26,program_neighbor,141,0.8917,NEUROG3
Set 2,BETA-06,Beta cell,Endocrine,41,IRX4,0.475984,1.30,program_neighbor,12,0.0759,MAFA
Set 2,BETA-06,Beta cell,Endocrine,42,SHOX2,0.475625,1.33,program_neighbor,14,0.0972,MAFA
Set 2,BETA-06,Beta cell,Endocrine,43,PRDM6,0.475549,1.36,program_neighbor,12,0.0833,MAFA
Set 2,BETA-06,Beta cell,Endocrine,44,HEYL,0.475493,1.39,program_neighbor,140,1.0000,NEUROG3
Set 2,BETA-06,Beta cell,Endocrine,45,WNT4,0.473036,1.42,program_neighbor,10,0.0714,NEUROG3
Set 2,BETA-06,Beta cell,Endocrine,46,EN2,0.471183,1.45,program_neighbor,14,0.0972,MAFA
Set 2,BETA-06,Beta cell,Endocrine,47,OTUD7A,0.470868,1.48,program_neighbor,10,0.0714,NEUROG3
Set 2,BETA-06,Beta cell,Endocrine,48,MAFB,0.468347,1.52,program_neighbor,140,1.0000,NEUROG3
Set 2,BETA-06,Beta cell,Endocrine,49,POU4F2,0.468062,1.55,program_neighbor,177,0.9312,PDX1
Set 2,BETA-06,Beta cell,Endocrine,50,TWIST1,0.467928,1.58,program_neighbor,177,0.9312,PDX1
Set 2,ALPHA-01,Alpha cell,Endocrine,1,PDX1,0.771471,0.03,known_cofactor,180,0.9362,PAX4
Set 2,ALPHA-01,Alpha cell,Endocrine,2,PTF1A,0.736804,0.06,program_neighbor,140,0.7910,PAX4
Set 2,ALPHA-01,Alpha cell,Endocrine,3,ONECUT1,0.665279,0.09,program_neighbor,140,0.7910,PAX4
Set 2,ALPHA-01,Alpha cell,Endocrine,4,RBPJL,0.638348,0.13,program_neighbor,140,0.4965,PAX4
Set 2,ALPHA-01,Alpha cell,Endocrine,5,MNX1,0.619687,0.16,program_neighbor,10,0.6250,ARX
Set 2,ALPHA-01,Alpha cell,Endocrine,6,NR5A2,0.618460,0.19,program_neighbor,140,0.7910,PAX4
Set 2,ALPHA-01,Alpha cell,Endocrine,7,FOXA3,0.615069,0.22,program_neighbor,140,0.6965,PAX4
Set 2,ALPHA-01,Alpha cell,Endocrine,8,HNF1B,0.608532,0.25,program_neighbor,176,1.0000,PAX4
Set 2,ALPHA-01,Alpha cell,Endocrine,9,FOXA2,0.602662,0.28,program_neighbor,140,0.5809,PAX4
Set 2,ALPHA-01,Alpha cell,Endocrine,10,MAFA,0.589835,0.32,known_cofactor,143,0.8079,PAX4
Set 2,ALPHA-01,Alpha cell,Endocrine,11,HNF1A,0.589567,0.35,program_neighbor,176,0.9888,PAX4
Set 2,ALPHA-01,Alpha cell,Endocrine,12,BHLHA15,0.578461,0.38,program_neighbor,140,0.2569,PAX4
Set 2,ALPHA-01,Alpha cell,Endocrine,13,ONECUT2,0.542288,0.41,program_neighbor,140,0.6965,PAX4
Set 2,ALPHA-01,Alpha cell,Endocrine,14,GFI1,0.539539,0.44,program_neighbor,140,0.7955,PAX4
Set 2,ALPHA-01,Alpha cell,Endocrine,15,ZFP57,0.505799,0.47,program_neighbor,140,0.7955,PAX4
Set 2,ALPHA-01,Alpha cell,Endocrine,16,PAX6,0.496983,0.51,program_neighbor,140,0.7955,PAX4
Set 2,ALPHA-01,Alpha cell,Endocrine,17,RORC,0.496412,0.54,program_neighbor,140,0.7955,PAX4
Set 2,ALPHA-01,Alpha cell,Endocrine,18,GATA4,0.496067,0.57,program_neighbor,176,0.9944,PAX4
Set 2,ALPHA-01,Alpha cell,Endocrine,19,HNF4A,0.495609,0.60,program_neighbor,144,0.7330,PAX4
Set 2,ALPHA-01,Alpha cell,Endocrine,20,SERPINA3,0.491539,0.63,program_neighbor,83,0.1563,PAX4
Set 2,ALPHA-01,Alpha cell,Endocrine,21,NKX6-1,0.491297,0.66,program_neighbor,140,0.7955,PAX4
Set 2,ALPHA-01,Alpha cell,Endocrine,22,CREB3L1,0.491156,0.69,program_neighbor,140,0.7955,PAX4
Set 2,ALPHA-01,Alpha cell,Endocrine,23,PAX4,0.485319,0.73,known_factor,176,1.0000,PAX4
Set 2,ALPHA-01,Alpha cell,Endocrine,24,ZNF98,0.484989,0.76,program_neighbor,140,0.7955,PAX4
Set 2,ALPHA-01,Alpha cell,Endocrine,25,NKX2-2,0.481418,0.79,program_neighbor,140,0.7910,PAX4
Set 2,ALPHA-01,Alpha cell,Endocrine,26,XBP1,0.475294,0.82,program_neighbor,180,0.3223,PAX4
Set 2,ALPHA-01,Alpha cell,Endocrine,27,GLIS3,0.464178,0.85,program_neighbor,140,0.7955,PAX4
Set 2,ALPHA-01,Alpha cell,Endocrine,28,ASCL5,0.460137,0.88,program_neighbor,10,0.6667,ARX
Set 2,ALPHA-01,Alpha cell,Endocrine,29,HNF4G,0.457836,0.92,program_neighbor,140,0.7955,PAX4
Set 2,ALPHA-01,Alpha cell,Endocrine,30,NR0B2,0.457563,0.95,program_neighbor,6,0.0273,PAX4
Set 2,ALPHA-01,Alpha cell,Endocrine,31,POU4F1,0.451653,0.98,program_neighbor,176,0.9944,PAX4
Set 2,ALPHA-01,Alpha cell,Endocrine,32,TCF15,0.445957,1.01,program_neighbor,140,0.7910,PAX4
Set 2,ALPHA-01,Alpha cell,Endocrine,33,FEZF2,0.445093,1.04,program_neighbor,140,0.7910,PAX4
Set 2,ALPHA-01,Alpha cell,Endocrine,34,GRHL1,0.441501,1.07,program_neighbor,140,0.7910,PAX4
Set 2,ALPHA-01,Alpha cell,Endocrine,35,FOXF1,0.441018,1.11,program_neighbor,10,0.6250,ARX
Set 2,ALPHA-01,Alpha cell,Endocrine,36,POU4F2,0.440872,1.14,program_neighbor,176,0.9944,PAX4
Set 2,ALPHA-01,Alpha cell,Endocrine,37,TWIST1,0.440739,1.17,program_neighbor,176,0.9944,PAX4
Set 2,ALPHA-01,Alpha cell,Endocrine,38,TRIB3,0.440581,1.20,program_neighbor,36,0.1895,PAX4
Set 2,ALPHA-01,Alpha cell,Endocrine,39,SALL4,0.438471,1.23,program_neighbor,140,0.7254,PAX4
Set 2,ALPHA-01,Alpha cell,Endocrine,40,MLXIPL,0.438165,1.26,program_neighbor,140,0.7865,PAX4
Set 2,ALPHA-01,Alpha cell,Endocrine,41,MLXIP,0.437416,1.30,program_neighbor,140,0.7865,PAX4
Set 2,ALPHA-01,Alpha cell,Endocrine,42,MAFB,0.436784,1.33,program_neighbor,140,0.7955,PAX4
Set 2,ALPHA-01,Alpha cell,Endocrine,43,PLAGL1,0.436510,1.36,program_neighbor,36,0.2045,PAX4
Set 2,ALPHA-01,Alpha cell,Endocrine,44,MYCL,0.435867,1.39,program_neighbor,140,0.7955,PAX4
Set 2,ALPHA-01,Alpha cell,Endocrine,45,ZIC2,0.435287,1.42,program_neighbor,140,0.7910,PAX4
Set 2,ALPHA-01,Alpha cell,Endocrine,46,FOXA1,0.435044,1.45,program_neighbor,140,0.7955,PAX4
Set 2,ALPHA-01,Alpha cell,Endocrine,47,SIX2,0.434730,1.48,program_neighbor,144,0.6061,PAX4
Set 2,ALPHA-01,Alpha cell,Endocrine,48,SUV39H1,0.434237,1.52,program_neighbor,77,0.4350,PAX4
Set 2,ALPHA-01,Alpha cell,Endocrine,49,TFAP2A,0.433970,1.55,program_neighbor,176,1.0000,PAX4
Set 2,ALPHA-01,Alpha cell,Endocrine,50,PROX1,0.433052,1.58,program_neighbor,140,0.7910,PAX4
Set 2,ENTEROCYTE-01,Enterocyte,Gut,1,ISX,0.790425,0.03,program_neighbor,4,0.0184,CDX2
Set 2,ENTEROCYTE-01,Enterocyte,Gut,2,CDX1,0.755288,0.06,known_cofactor,140,0.8187,CDX2
Set 2,ENTEROCYTE-01,Enterocyte,Gut,3,CDX2,0.748097,0.09,known_factor,171,1.0000,CDX2
Set 2,ENTEROCYTE-01,Enterocyte,Gut,4,TLX2,0.746761,0.13,program_neighbor,140,0.8187,CDX2
Set 2,ENTEROCYTE-01,Enterocyte,Gut,5,ASCL2,0.677709,0.16,program_neighbor,140,0.8140,CDX2
Set 2,ENTEROCYTE-01,Enterocyte,Gut,6,WNT3A,0.625386,0.19,program_neighbor,48,0.1967,CDX2
Set 2,ENTEROCYTE-01,Enterocyte,Gut,7,STAT1,0.620309,0.22,program_neighbor,140,0.2662,CDX2
Set 2,ENTEROCYTE-01,Enterocyte,Gut,8,LRRFIP1,0.592858,0.25,program_neighbor,140,0.8140,CDX2
Set 2,ENTEROCYTE-01,Enterocyte,Gut,9,RBPMS,0.583947,0.28,novel_prediction,0,0.0000,
Set 2,ENTEROCYTE-01,Enterocyte,Gut,10,FOXP2,0.529537,0.32,program_neighbor,140,0.2431,CDX2
Set 2,ENTEROCYTE-01,Enterocyte,Gut,11,MYOCD,0.518660,0.35,program_neighbor,77,0.4053,CDX2
Set 2,ENTEROCYTE-01,Enterocyte,Gut,12,GATA5,0.493730,0.38,program_neighbor,140,0.8187,CDX2
Set 2,ENTEROCYTE-01,Enterocyte,Gut,13,PRDM6,0.491934,0.41,program_neighbor,11,0.0640,CDX2
Set 2,ENTEROCYTE-01,Enterocyte,Gut,14,ALB,0.483178,0.44,program_neighbor,4,0.0234,CDX2
Set 2,ENTEROCYTE-01,Enterocyte,Gut,15,FOXL1,0.475551,0.47,program_neighbor,140,0.8140,CDX2
Set 2,ENTEROCYTE-01,Enterocyte,Gut,16,NR1H4,0.466905,0.51,program_neighbor,140,0.2491,CDX2
Set 2,ENTEROCYTE-01,Enterocyte,Gut,17,GLI1,0.466554,0.54,program_neighbor,171,0.5836,CDX2
Set 2,ENTEROCYTE-01,Enterocyte,Gut,18,INSM1,0.464426,0.57,program_neighbor,140,0.7447,CDX2
Set 2,ENTEROCYTE-01,Enterocyte,Gut,19,HNF4G,0.461178,0.60,program_neighbor,140,0.8187,CDX2
Set 2,ENTEROCYTE-01,Enterocyte,Gut,20,CELF4,0.453267,0.63,program_neighbor,4,0.0184,CDX2
Set 2,ENTEROCYTE-01,Enterocyte,Gut,21,RBFOX2,0.453182,0.66,program_neighbor,82,0.3178,CDX2
Set 2,ENTEROCYTE-01,Enterocyte,Gut,22,PHOX2B,0.446911,0.69,program_neighbor,3,0.0138,CDX2
Set 2,ENTEROCYTE-01,Enterocyte,Gut,23,ATOH1,0.436801,0.73,program_neighbor,140,0.6763,CDX2
Set 2,ENTEROCYTE-01,Enterocyte,Gut,24,HAND1,0.436445,0.76,program_neighbor,7,0.0327,CDX2
Set 2,ENTEROCYTE-01,Enterocyte,Gut,25,TRIM31,0.425628,0.79,program_neighbor,84,0.0924,CDX2
Set 2,ENTEROCYTE-01,Enterocyte,Gut,26,PHOX2A,0.420577,0.82,program_neighbor,140,0.8187,CDX2
Set 2,ENTEROCYTE-01,Enterocyte,Gut,27,NR1I2,0.419671,0.85,program_neighbor,171,0.7008,CDX2
Set 2,ENTEROCYTE-01,Enterocyte,Gut,28,MYRFL,0.418104,0.88,program_neighbor,140,0.7821,CDX2
Set 2,ENTEROCYTE-01,Enterocyte,Gut,29,TBX10,0.417603,0.92,program_neighbor,5,0.0231,CDX2
Set 2,ENTEROCYTE-01,Enterocyte,Gut,30,MMP12,0.411702,0.95,program_neighbor,83,0.3217,CDX2
Set 2,ENTEROCYTE-01,Enterocyte,Gut,31,NKX2-3,0.408784,0.98,program_neighbor,93,0.1765,CDX2
Set 2,ENTEROCYTE-01,Enterocyte,Gut,32,TCF7L2,0.406403,1.01,program_neighbor,171,1.0000,CDX2
Set 2,ENTEROCYTE-01,Enterocyte,Gut,33,TRIM15,0.403847,1.04,program_neighbor,83,0.1578,CDX2
Set 2,ENTEROCYTE-01,Enterocyte,Gut,34,TFEB,0.403270,1.07,program_neighbor,140,0.6763,CDX2
Set 2,ENTEROCYTE-01,Enterocyte,Gut,35,HNF4A,0.400730,1.11,program_neighbor,140,0.7527,CDX2
Set 2,ENTEROCYTE-01,Enterocyte,Gut,36,NR5A2,0.399276,1.14,program_neighbor,140,0.8140,CDX2
Set 2,ENTEROCYTE-01,Enterocyte,Gut,37,HOXD13,0.399235,1.17,program_neighbor,140,0.8140,CDX2
Set 2,ENTEROCYTE-01,Enterocyte,Gut,38,AIM2,0.394032,1.20,program_neighbor,84,0.1463,CDX2
Set 2,ENTEROCYTE-01,Enterocyte,Gut,39,CBFA2T2,0.393824,1.23,program_neighbor,171,1.0000,CDX2
Set 2,ENTEROCYTE-01,Enterocyte,Gut,40,ERN2,0.391898,1.26,program_neighbor,140,0.6306,CDX2
Set 2,ENTEROCYTE-01,Enterocyte,Gut,41,SETD3,0.386896,1.30,program_neighbor,1,0.0058,CDX2
Set 2,ENTEROCYTE-01,Enterocyte,Gut,42,NKX3-2,0.383613,1.33,novel_prediction,0,0.0000,
Set 2,ENTEROCYTE-01,Enterocyte,Gut,43,ATF7,0.383453,1.36,program_neighbor,140,0.8187,CDX2
Set 2,ENTEROCYTE-01,Enterocyte,Gut,44,FOXF1,0.380409,1.39,program_neighbor,10,0.0578,CDX2
Set 2,ENTEROCYTE-01,Enterocyte,Gut,45,HNF1A,0.379467,1.42,program_neighbor,140,0.6699,CDX2
Set 2,ENTEROCYTE-01,Enterocyte,Gut,46,HAND2,0.379289,1.45,program_neighbor,140,0.6763,CDX2
Set 2,ENTEROCYTE-01,Enterocyte,Gut,47,FOXF2,0.378783,1.48,program_neighbor,140,0.8092,CDX2
Set 2,ENTEROCYTE-01,Enterocyte,Gut,48,HMGB2,0.377751,1.52,program_neighbor,140,0.2657,CDX2
Set 2,ENTEROCYTE-01,Enterocyte,Gut,49,HOXB9,0.373919,1.55,program_neighbor,140,0.8187,CDX2
Set 2,ENTEROCYTE-01,Enterocyte,Gut,50,CREB3L3,0.370789,1.58,program_neighbor,6,0.0279,CDX2
Set 2,ENTEROCYTE-02,Intestinal,Gut,1,ISX,0.790425,0.03,program_neighbor,2,0.0106,KLF5
Set 2,ENTEROCYTE-02,Intestinal,Gut,2,CDX1,0.755288,0.06,known_factor,140,1.0000,KLF5
Set 2,ENTEROCYTE-02,Intestinal,Gut,3,CDX2,0.748097,0.09,known_cofactor,140,0.8187,KLF5
Set 2,ENTEROCYTE-02,Intestinal,Gut,4,TLX2,0.746761,0.13,program_neighbor,140,1.0000,KLF5
Set 2,ENTEROCYTE-02,Intestinal,Gut,5,ASCL2,0.677709,0.16,program_neighbor,141,0.9929,KLF5
Set 2,ENTEROCYTE-02,Intestinal,Gut,6,WNT3A,0.625386,0.19,program_neighbor,17,0.0697,KLF5
Set 2,ENTEROCYTE-02,Intestinal,Gut,7,STAT1,0.620309,0.22,program_neighbor,140,0.2828,KLF5
Set 2,ENTEROCYTE-02,Intestinal,Gut,8,LRRFIP1,0.592858,0.25,program_neighbor,140,0.9929,KLF5
Set 2,ENTEROCYTE-02,Intestinal,Gut,9,RBPMS,0.583947,0.28,novel_prediction,0,0.0000,
Set 2,ENTEROCYTE-02,Intestinal,Gut,10,FOXP2,0.529537,0.32,program_neighbor,141,0.2569,KLF5
Set 2,ENTEROCYTE-02,Intestinal,Gut,11,MYOCD,0.518660,0.35,program_neighbor,78,0.4843,KLF5
Set 2,ENTEROCYTE-02,Intestinal,Gut,12,GATA5,0.493730,0.38,program_neighbor,140,1.0000,KLF5
Set 2,ENTEROCYTE-02,Intestinal,Gut,13,PRDM6,0.491934,0.41,program_neighbor,11,0.0780,KLF5
Set 2,ENTEROCYTE-02,Intestinal,Gut,14,ALB,0.483178,0.44,program_neighbor,4,0.0286,KLF5
Set 2,ENTEROCYTE-02,Intestinal,Gut,15,FOXL1,0.475551,0.47,program_neighbor,141,0.9929,KLF5
Set 2,ENTEROCYTE-02,Intestinal,Gut,16,NR1H4,0.466905,0.51,program_neighbor,140,0.2637,KLF5
Set 2,ENTEROCYTE-02,Intestinal,Gut,17,GLI1,0.466554,0.54,program_neighbor,140,0.4778,KLF5
Set 2,ENTEROCYTE-02,Intestinal,Gut,18,INSM1,0.464426,0.57,program_neighbor,151,0.9264,SALL4
Set 2,ENTEROCYTE-02,Intestinal,Gut,19,HNF4G,0.461178,0.60,program_neighbor,140,1.0000,KLF5
Set 2,ENTEROCYTE-02,Intestinal,Gut,20,CELF4,0.453267,0.63,program_neighbor,5,0.0248,SALL4
Set 2,ENTEROCYTE-02,Intestinal,Gut,21,RBFOX2,0.453182,0.66,program_neighbor,51,0.1977,KLF5
Set 2,ENTEROCYTE-02,Intestinal,Gut,22,PHOX2B,0.446911,0.69,program_neighbor,1,0.0053,KLF5
Set 2,ENTEROCYTE-02,Intestinal,Gut,23,ATOH1,0.436801,0.73,program_neighbor,140,0.7955,KLF5
Set 2,ENTEROCYTE-02,Intestinal,Gut,24,HAND1,0.436445,0.76,program_neighbor,6,0.0326,KLF5
Set 2,ENTEROCYTE-02,Intestinal,Gut,25,TRIM31,0.425628,0.79,program_neighbor,85,0.0957,KLF5
Set 2,ENTEROCYTE-02,Intestinal,Gut,26,PHOX2A,0.420577,0.82,program_neighbor,140,1.0000,KLF5
Set 2,ENTEROCYTE-02,Intestinal,Gut,27,NR1I2,0.419671,0.85,program_neighbor,140,0.5738,KLF5
Set 2,ENTEROCYTE-02,Intestinal,Gut,28,MYRFL,0.418104,0.88,program_neighbor,142,0.9459,KLF5
Set 2,ENTEROCYTE-02,Intestinal,Gut,29,TBX10,0.417603,0.92,program_neighbor,5,0.0270,KLF5
Set 2,ENTEROCYTE-02,Intestinal,Gut,30,MMP12,0.411702,0.95,program_neighbor,83,0.3656,KLF5
Set 2,ENTEROCYTE-02,Intestinal,Gut,31,NKX2-3,0.408784,0.98,program_neighbor,93,0.1875,KLF5
Set 2,ENTEROCYTE-02,Intestinal,Gut,32,TCF7L2,0.406403,1.01,program_neighbor,140,0.8187,KLF5
Set 2,ENTEROCYTE-02,Intestinal,Gut,33,TRIM15,0.403847,1.04,program_neighbor,83,0.1677,KLF5
Set 2,ENTEROCYTE-02,Intestinal,Gut,34,TFEB,0.403270,1.07,program_neighbor,140,0.7955,KLF5
Set 2,ENTEROCYTE-02,Intestinal,Gut,35,HNF4A,0.400730,1.11,program_neighbor,144,0.9032,KLF5
Set 2,ENTEROCYTE-02,Intestinal,Gut,36,NR5A2,0.399276,1.14,program_neighbor,141,0.9929,KLF5
Set 2,ENTEROCYTE-02,Intestinal,Gut,37,HOXD13,0.399235,1.17,program_neighbor,141,0.9929,KLF5
Set 2,ENTEROCYTE-02,Intestinal,Gut,38,AIM2,0.394032,1.20,program_neighbor,85,0.1547,KLF5
Set 2,ENTEROCYTE-02,Intestinal,Gut,39,CBFA2T2,0.393824,1.23,program_neighbor,140,0.8187,KLF5
Set 2,ENTEROCYTE-02,Intestinal,Gut,40,ERN2,0.391898,1.26,program_neighbor,140,0.7330,KLF5
Set 2,ENTEROCYTE-02,Intestinal,Gut,41,SETD3,0.386896,1.30,program_neighbor,1,0.0071,KLF5
Set 2,ENTEROCYTE-02,Intestinal,Gut,42,NKX3-2,0.383613,1.33,novel_prediction,0,0.0000,
Set 2,ENTEROCYTE-02,Intestinal,Gut,43,ATF7,0.383453,1.36,program_neighbor,140,1.0000,KLF5
Set 2,ENTEROCYTE-02,Intestinal,Gut,44,FOXF1,0.380409,1.39,program_neighbor,11,0.0704,KLF5
Set 2,ENTEROCYTE-02,Intestinal,Gut,45,HNF1A,0.379467,1.42,program_neighbor,141,0.7865,KLF5
Set 2,ENTEROCYTE-02,Intestinal,Gut,46,HAND2,0.379289,1.45,program_neighbor,140,0.7955,KLF5
Set 2,ENTEROCYTE-02,Intestinal,Gut,47,FOXF2,0.378783,1.48,program_neighbor,141,0.9859,KLF5
Set 2,ENTEROCYTE-02,Intestinal,Gut,48,HMGB2,0.377751,1.52,program_neighbor,140,0.2823,KLF5
Set 2,ENTEROCYTE-02,Intestinal,Gut,49,HOXB9,0.373919,1.55,program_neighbor,140,1.0000,KLF5
Set 2,ENTEROCYTE-02,Intestinal,Gut,50,CREB3L3,0.370789,1.58,program_neighbor,7,0.0350,SALL4
Set 2,GOBLET-01,Goblet cell,Gut,1,CDX1,0.776364,0.03,program_neighbor,140,0.7955,ATOH1
Set 2,GOBLET-01,Goblet cell,Gut,2,ISX,0.769507,0.06,program_neighbor,4,0.0180,ATOH1
Set 2,GOBLET-01,Goblet cell,Gut,3,CDX2,0.765351,0.09,program_neighbor,140,0.6763,ATOH1
Set 2,GOBLET-01,Goblet cell,Gut,4,TLX2,0.755306,0.13,program_neighbor,140,0.7955,ATOH1
Set 2,GOBLET-01,Goblet cell,Gut,5,ASCL2,0.720457,0.16,program_neighbor,140,0.7910,ATOH1
Set 2,GOBLET-01,Goblet cell,Gut,6,WNT3A,0.614274,0.19,program_neighbor,17,0.0607,ATOH1
Set 2,GOBLET-01,Goblet cell,Gut,7,LRRFIP1,0.613926,0.22,program_neighbor,140,0.7910,ATOH1
Set 2,GOBLET-01,Goblet cell,Gut,8,STAT1,0.610862,0.25,program_neighbor,140,0.2637,ATOH1
Set 2,GOBLET-01,Goblet cell,Gut,9,RBPMS,0.595918,0.28,novel_prediction,0,0.0000,
Set 2,GOBLET-01,Goblet cell,Gut,10,MYOCD,0.563932,0.32,program_neighbor,77,0.3949,ATOH1
Set 2,GOBLET-01,Goblet cell,Gut,11,FOXP2,0.559582,0.35,program_neighbor,140,0.2410,ATOH1
Set 2,GOBLET-01,Goblet cell,Gut,12,GATA5,0.513000,0.38,program_neighbor,140,0.7955,ATOH1
Set 2,GOBLET-01,Goblet cell,Gut,13,PRDM6,0.506243,0.41,program_neighbor,11,0.0621,ATOH1
Set 2,GOBLET-01,Goblet cell,Gut,14,FOXL1,0.505175,0.44,program_neighbor,140,0.7910,ATOH1
Set 2,GOBLET-01,Goblet cell,Gut,15,GLI1,0.479013,0.47,program_neighbor,140,0.4255,ATOH1
Set 2,GOBLET-01,Goblet cell,Gut,16,ATOH1,0.478996,0.51,known_factor,176,1.0000,ATOH1
Set 2,GOBLET-01,Goblet cell,Gut,17,RBFOX2,0.472740,0.54,program_neighbor,87,0.3372,ATOH1
Set 2,GOBLET-01,Goblet cell,Gut,18,INSM1,0.468739,0.57,program_neighbor,140,0.7254,ATOH1
Set 2,GOBLET-01,Goblet cell,Gut,19,NKX3-2,0.468027,0.60,program_neighbor,36,0.2045,ATOH1
Set 2,GOBLET-01,Goblet cell,Gut,20,ALB,0.464826,0.63,program_neighbor,4,0.0227,ATOH1
Set 2,GOBLET-01,Goblet cell,Gut,21,MYRFL,0.462385,0.66,program_neighbor,140,0.7609,ATOH1
Set 2,GOBLET-01,Goblet cell,Gut,22,NR1H4,0.461684,0.69,program_neighbor,176,0.3315,ATOH1
Set 2,GOBLET-01,Goblet cell,Gut,23,HOXD13,0.454993,0.73,program_neighbor,140,0.7910,ATOH1
Set 2,GOBLET-01,Goblet cell,Gut,24,TFEB,0.450065,0.76,program_neighbor,176,1.0000,ATOH1
Set 2,GOBLET-01,Goblet cell,Gut,25,MMP12,0.448033,0.79,program_neighbor,119,0.5242,ATOH1
Set 2,GOBLET-01,Goblet cell,Gut,26,HNF4G,0.443393,0.82,program_neighbor,140,0.7955,ATOH1
Set 2,GOBLET-01,Goblet cell,Gut,27,CELF4,0.442856,0.85,program_neighbor,4,0.0180,ATOH1
Set 2,GOBLET-01,Goblet cell,Gut,28,HNF1A,0.442101,0.88,program_neighbor,176,0.9888,ATOH1
Set 2,GOBLET-01,Goblet cell,Gut,29,TSHZ3,0.437447,0.92,program_neighbor,37,0.1968,ATOH1
Set 2,GOBLET-01,Goblet cell,Gut,30,FOXF2,0.436648,0.95,program_neighbor,140,0.7865,ATOH1
Set 2,GOBLET-01,Goblet cell,Gut,31,PHOX2A,0.436093,0.98,program_neighbor,140,0.7955,ATOH1
Set 2,GOBLET-01,Goblet cell,Gut,32,PHOX2B,0.434702,1.01,program_neighbor,2,0.0089,ATOH1
Set 2,GOBLET-01,Goblet cell,Gut,33,TCF7L2,0.431265,1.04,program_neighbor,140,0.6763,ATOH1
Set 2,GOBLET-01,Goblet cell,Gut,34,HAND2,0.428686,1.07,program_neighbor,176,1.0000,ATOH1
Set 2,GOBLET-01,Goblet cell,Gut,35,HAND1,0.428685,1.11,program_neighbor,6,0.0273,ATOH1
Set 2,GOBLET-01,Goblet cell,Gut,36,ATF7,0.425464,1.14,program_neighbor,140,0.7955,ATOH1
Set 2,GOBLET-01,Goblet cell,Gut,37,DAPK3,0.422229,1.17,program_neighbor,176,0.9215,ATOH1
Set 2,GOBLET-01,Goblet cell,Gut,38,NR5A2,0.420115,1.20,program_neighbor,140,0.7910,ATOH1
Set 2,GOBLET-01,Goblet cell,Gut,39,TRIM31,0.415381,1.23,program_neighbor,120,0.1367,ATOH1
Set 2,GOBLET-01,Goblet cell,Gut,40,NKX2-3,0.410900,1.26,program_neighbor,93,0.1748,ATOH1
Set 2,GOBLET-01,Goblet cell,Gut,41,CBFA2T2,0.408961,1.30,program_neighbor,140,0.6763,ATOH1
Set 2,GOBLET-01,Goblet cell,Gut,42,HOXB9,0.407108,1.33,program_neighbor,140,0.7955,ATOH1
Set 2,GOBLET-01,Goblet cell,Gut,43,HNF4A,0.405703,1.36,program_neighbor,140,0.7330,ATOH1
Set 2,GOBLET-01,Goblet cell,Gut,44,TRIM15,0.404427,1.39,program_neighbor,83,0.1563,ATOH1
Set 2,GOBLET-01,Goblet cell,Gut,45,FOXF1,0.403394,1.42,program_neighbor,10,0.0562,ATOH1
Set 2,GOBLET-01,Goblet cell,Gut,46,ZBP1,0.403197,1.45,program_neighbor,37,0.2090,ATOH1
Set 2,GOBLET-01,Goblet cell,Gut,47,AIM2,0.403066,1.48,program_neighbor,120,0.2210,ATOH1
Set 2,GOBLET-01,Goblet cell,Gut,48,SETD3,0.402998,1.52,program_neighbor,1,0.0057,ATOH1
Set 2,GOBLET-01,Goblet cell,Gut,49,HOXB5,0.402088,1.55,program_neighbor,140,0.7955,ATOH1
Set 2,GOBLET-01,Goblet cell,Gut,50,ERN2,0.400646,1.58,program_neighbor,176,0.9215,ATOH1
Set 2,LUNG-01,AT2 cell,Lung,1,TBX4,0.807173,0.03,program_neighbor,11,0.0324,FOXA2
Set 2,LUNG-01,AT2 cell,Lung,2,NKX2-1,0.797047,0.06,known_factor,141,1.0000,NKX2-1
Set 2,LUNG-01,AT2 cell,Lung,3,FOXF1,0.731294,0.09,program_neighbor,12,0.0775,NKX2-1
Set 2,LUNG-01,AT2 cell,Lung,4,MKI67,0.602694,0.13,program_neighbor,14,0.0392,NKX2-1
Set 2,LUNG-01,AT2 cell,Lung,5,FOXP4,0.590864,0.16,program_neighbor,141,0.9859,NKX2-1
Set 2,LUNG-01,AT2 cell,Lung,6,FOXJ1,0.584419,0.19,program_neighbor,140,0.9655,NKX2-1
Set 2,LUNG-01,AT2 cell,Lung,7,TCF21,0.582829,0.22,program_neighbor,3,0.0098,SOX9
Set 2,LUNG-01,AT2 cell,Lung,8,FOXF2,0.566568,0.25,program_neighbor,142,0.9930,NKX2-1
Set 2,LUNG-01,AT2 cell,Lung,9,EPAS1,0.548661,0.28,program_neighbor,244,0.7922,SOX9
Set 2,LUNG-01,AT2 cell,Lung,10,TBX3,0.547249,0.32,program_neighbor,176,1.0000,GATA6
Set 2,LUNG-01,AT2 cell,Lung,11,TBX21,0.531621,0.35,program_neighbor,9,0.0231,SOX9
Set 2,LUNG-01,AT2 cell,Lung,12,FOXA2,0.520219,0.38,known_factor,205,1.0000,FOXA2
Set 2,LUNG-01,AT2 cell,Lung,13,TBX2,0.518214,0.41,program_neighbor,176,1.0000,GATA6
Set 2,LUNG-01,AT2 cell,Lung,14,AGER,0.475216,0.44,program_neighbor,98,0.1750,FOXA2
Set 2,LUNG-01,AT2 cell,Lung,15,TBX5,0.473445,0.47,program_neighbor,140,0.9929,NKX2-1
Set 2,LUNG-01,AT2 cell,Lung,16,FOXP2,0.458435,0.51,program_neighbor,158,0.2564,NKX2-1
Set 2,LUNG-01,AT2 cell,Lung,17,FOXA1,0.453031,0.54,program_neighbor,140,0.9929,NKX2-1
Set 2,LUNG-01,AT2 cell,Lung,18,TFEC,0.450473,0.57,program_neighbor,140,0.9929,NKX2-1
Set 2,LUNG-01,AT2 cell,Lung,19,ZBP1,0.434545,0.60,program_neighbor,38,0.2090,GATA6
Set 2,LUNG-01,AT2 cell,Lung,20,TAL1,0.431416,0.63,program_neighbor,141,1.0000,NKX2-1
Set 2,LUNG-01,AT2 cell,Lung,21,FOXN4,0.431172,0.66,program_neighbor,141,0.9790,NKX2-1
Set 2,LUNG-01,AT2 cell,Lung,22,WNT3A,0.429369,0.69,program_neighbor,121,0.3980,SOX9
Set 2,LUNG-01,AT2 cell,Lung,23,CEBPA,0.428236,0.73,known_cofactor,140,0.9929,NKX2-1
Set 2,LUNG-01,AT2 cell,Lung,24,SDR16C5,0.418501,0.76,program_neighbor,7,0.0226,GATA6
Set 2,LUNG-01,AT2 cell,Lung,25,IKZF1,0.418199,0.79,program_neighbor,141,0.9859,NKX2-1
Set 2,LUNG-01,AT2 cell,Lung,26,SOX7,0.413964,0.82,program_neighbor,140,0.9929,NKX2-1
Set 2,LUNG-01,AT2 cell,Lung,27,SPI1,0.412776,0.85,program_neighbor,140,0.9929,NKX2-1
Set 2,LUNG-01,AT2 cell,Lung,28,MUC1,0.410289,0.88,program_neighbor,120,0.5174,NKX2-1
Set 2,LUNG-01,AT2 cell,Lung,29,NLRP3,0.407446,0.92,program_neighbor,281,0.4167,SOX9
Set 2,LUNG-01,AT2 cell,Lung,30,STK36,0.404981,0.95,program_neighbor,14,0.0461,SOX9
Set 2,LUNG-01,AT2 cell,Lung,31,GFI1,0.400829,0.98,program_neighbor,140,0.9929,NKX2-1
Set 2,LUNG-01,AT2 cell,Lung,32,NKX2-5,0.397929,1.01,program_neighbor,176,1.0000,GATA6
Set 2,LUNG-01,AT2 cell,Lung,33,MPO,0.397468,1.04,program_neighbor,120,0.2210,GATA6
Set 2,LUNG-01,AT2 cell,Lung,34,GRHL2,0.396974,1.07,program_neighbor,141,0.2817,NKX2-1
Set 2,LUNG-01,AT2 cell,Lung,35,GATA1,0.393443,1.11,program_neighbor,176,1.0000,GATA6
Set 2,LUNG-01,AT2 cell,Lung,36,FLI1,0.393413,1.14,program_neighbor,140,0.9929,NKX2-1
Set 2,LUNG-01,AT2 cell,Lung,37,CD274,0.390368,1.17,program_neighbor,218,0.3308,SOX9
Set 2,LUNG-01,AT2 cell,Lung,38,GATA2,0.390335,1.20,program_neighbor,140,0.9929,NKX2-1
Set 2,LUNG-01,AT2 cell,Lung,39,IRF1,0.389806,1.23,program_neighbor,176,0.3315,GATA6
Set 2,LUNG-01,AT2 cell,Lung,40,HOXA5,0.387774,1.26,program_neighbor,141,0.9859,NKX2-1
Set 2,LUNG-01,AT2 cell,Lung,41,RUNX3,0.386254,1.30,program_neighbor,155,0.9097,NKX2-1
Set 2,LUNG-01,AT2 cell,Lung,42,NOTCH4,0.384855,1.33,program_neighbor,49,0.2446,GATA6
Set 2,LUNG-01,AT2 cell,Lung,43,HOXB5,0.384787,1.36,program_neighbor,140,0.9929,NKX2-1
Set 2,LUNG-01,AT2 cell,Lung,44,ZNF80,0.383916,1.39,program_neighbor,141,0.9859,NKX2-1
Set 2,LUNG-01,AT2 cell,Lung,45,MYO18A,0.383888,1.42,program_neighbor,36,0.2045,GATA6
Set 2,LUNG-01,AT2 cell,Lung,46,IRX2,0.383534,1.45,program_neighbor,1,0.0071,NKX2-1
Set 2,LUNG-01,AT2 cell,Lung,47,TEAD4,0.383101,1.48,program_neighbor,140,0.9929,NKX2-1
Set 2,LUNG-01,AT2 cell,Lung,48,OASL,0.381326,1.52,program_neighbor,83,0.1673,NKX2-1
Set 2,LUNG-01,AT2 cell,Lung,49,RUNX1,0.380385,1.55,program_neighbor,141,0.9859,NKX2-1
Set 2,LUNG-01,AT2 cell,Lung,50,WNT4,0.379081,1.58,program_neighbor,10,0.0709,NKX2-1
Set 2,RPE-01,Retinal pigment epi,Ocular,1,TFAP2A,0.880070,0.03,program_neighbor,176,0.9362,MITF
Set 2,RPE-01,Retinal pigment epi,Ocular,2,PKP1,0.877579,0.06,program_neighbor,66,0.1019,MITF
Set 2,RPE-01,Retinal pigment epi,Ocular,3,SDR16C5,0.859298,0.09,program_neighbor,6,0.0259,MITF
Set 2,RPE-01,Retinal pigment epi,Ocular,4,IRF6,0.847305,0.13,program_neighbor,140,0.2828,OTX2
Set 2,RPE-01,Retinal pigment epi,Ocular,5,IRX6,0.835506,0.16,program_neighbor,8,0.0348,MITF
Set 2,RPE-01,Retinal pigment epi,Ocular,6,ZNF750,0.809060,0.19,program_neighbor,1,0.0071,OTX2
Set 2,RPE-01,Retinal pigment epi,Ocular,7,GRHL3,0.801184,0.22,program_neighbor,140,0.8537,OTX2
Set 2,RPE-01,Retinal pigment epi,Ocular,8,EN1,0.773573,0.25,program_neighbor,51,0.2982,OTX2
Set 2,RPE-01,Retinal pigment epi,Ocular,9,OVOL2,0.745574,0.28,program_neighbor,140,1.0000,OTX2
Set 2,RPE-01,Retinal pigment epi,Ocular,10,BARX2,0.740374,0.32,program_neighbor,140,0.8537,OTX2
Set 2,RPE-01,Retinal pigment epi,Ocular,11,ETV4,0.721393,0.35,program_neighbor,1,0.0071,OTX2
Set 2,RPE-01,Retinal pigment epi,Ocular,12,ELF5,0.719039,0.38,program_neighbor,140,1.0000,OTX2
Set 2,RPE-01,Retinal pigment epi,Ocular,13,ASCL4,0.699332,0.41,program_neighbor,2,0.0085,MITF
Set 2,RPE-01,Retinal pigment epi,Ocular,14,SP9,0.694166,0.44,program_neighbor,4,0.0171,MITF
Set 2,RPE-01,Retinal pigment epi,Ocular,15,HOXC13,0.690195,0.47,program_neighbor,140,0.9929,OTX2
Set 2,RPE-01,Retinal pigment epi,Ocular,16,POU2F3,0.688740,0.51,program_neighbor,140,1.0000,OTX2
Set 2,RPE-01,Retinal pigment epi,Ocular,17,ZBED2,0.684294,0.54,program_neighbor,8,0.0383,OTX2
Set 2,RPE-01,Retinal pigment epi,Ocular,18,VSX2,0.680472,0.57,program_neighbor,5,0.0215,MITF
Set 2,RPE-01,Retinal pigment epi,Ocular,19,RAX,0.679404,0.60,program_neighbor,10,0.0714,OTX2
Set 2,RPE-01,Retinal pigment epi,Ocular,20,TBX6,0.677379,0.63,program_neighbor,4,0.0168,MITF
Set 2,RPE-01,Retinal pigment epi,Ocular,21,SIX3,0.674731,0.66,program_neighbor,93,0.4869,OTX2
Set 2,RPE-01,Retinal pigment epi,Ocular,22,TLE4,0.671936,0.69,program_neighbor,140,0.9929,OTX2
Set 2,RPE-01,Retinal pigment epi,Ocular,23,VSX1,0.667659,0.73,program_neighbor,140,1.0000,OTX2
Set 2,RPE-01,Retinal pigment epi,Ocular,24,GRHL2,0.665542,0.76,program_neighbor,141,0.2823,OTX2
Set 2,RPE-01,Retinal pigment epi,Ocular,25,CRX,0.664841,0.79,program_neighbor,140,1.0000,OTX2
Set 2,RPE-01,Retinal pigment epi,Ocular,26,VAX2,0.664841,0.82,program_neighbor,140,1.0000,OTX2
Set 2,RPE-01,Retinal pigment epi,Ocular,27,NR2E3,0.663025,0.85,program_neighbor,152,0.5738,OTX2
Set 2,RPE-01,Retinal pigment epi,Ocular,28,NR2E1,0.662639,0.88,program_neighbor,36,0.1915,MITF
Set 2,RPE-01,Retinal pigment epi,Ocular,29,DLX2,0.661827,0.92,program_neighbor,140,0.9929,OTX2
Set 2,RPE-01,Retinal pigment epi,Ocular,30,GRHL1,0.660802,0.95,program_neighbor,140,0.9929,OTX2
Set 2,RPE-01,Retinal pigment epi,Ocular,31,BARX1,0.660179,0.98,program_neighbor,140,1.0000,OTX2
Set 2,RPE-01,Retinal pigment epi,Ocular,32,SP8,0.659641,1.01,program_neighbor,10,0.0704,OTX2
Set 2,RPE-01,Retinal pigment epi,Ocular,33,SAMD7,0.658988,1.04,program_neighbor,20,0.1075,OTX2
Set 2,RPE-01,Retinal pigment epi,Ocular,34,SAMD11,0.656216,1.07,program_neighbor,59,0.3260,OTX2
Set 2,RPE-01,Retinal pigment epi,Ocular,35,KLF4,0.651090,1.11,program_neighbor,140,0.7368,OTX2
Set 2,RPE-01,Retinal pigment epi,Ocular,36,LENEP,0.648748,1.14,program_neighbor,2,0.0106,OTX2
Set 2,RPE-01,Retinal pigment epi,Ocular,37,BNC2,0.647924,1.17,program_neighbor,140,0.9859,OTX2
Set 2,RPE-01,Retinal pigment epi,Ocular,38,ZIC5,0.647421,1.20,program_neighbor,140,0.9929,OTX2
Set 2,RPE-01,Retinal pigment epi,Ocular,39,RAX2,0.642135,1.23,program_neighbor,37,0.1850,MITF
Set 2,RPE-01,Retinal pigment epi,Ocular,40,CTNND1,0.637820,1.26,novel_prediction,0,0.0000,
Set 2,RPE-01,Retinal pigment epi,Ocular,41,TP63,0.637650,1.30,program_neighbor,176,0.9362,MITF
Set 2,RPE-01,Retinal pigment epi,Ocular,42,NRL,0.631338,1.33,program_neighbor,140,1.0000,OTX2
Set 2,RPE-01,Retinal pigment epi,Ocular,43,ZEB1,0.629354,1.36,program_neighbor,147,0.8974,OTX2
Set 2,RPE-01,Retinal pigment epi,Ocular,44,ZNF513,0.619996,1.39,program_neighbor,143,0.9790,OTX2
Set 2,RPE-01,Retinal pigment epi,Ocular,45,KLF9,0.615143,1.42,program_neighbor,140,1.0000,OTX2
Set 2,RPE-01,Retinal pigment epi,Ocular,46,RECQL4,0.614215,1.45,program_neighbor,24,0.1154,OTX2
Set 2,RPE-01,Retinal pigment epi,Ocular,47,TCF7L1,0.610550,1.48,program_neighbor,143,0.7292,OTX2
Set 2,RPE-01,Retinal pigment epi,Ocular,48,JUP,0.607163,1.52,novel_prediction,0,0.0000,
Set 2,RPE-01,Retinal pigment epi,Ocular,49,FOXN1,0.603512,1.55,program_neighbor,85,0.1717,OTX2
Set 2,RPE-01,Retinal pigment epi,Ocular,50,BNC1,0.603324,1.58,program_neighbor,77,0.5385,OTX2
Set 2,RGC-01,Retinal ganglion,Ocular,1,TBR1,0.721264,0.03,program_neighbor,140,0.7910,POU4F2
Set 2,RGC-01,Retinal ganglion,Ocular,2,NEUROD2,0.694209,0.06,known_cofactor,177,0.8510,POU4F2
Set 2,RGC-01,Retinal ganglion,Ocular,3,EN2,0.675777,0.09,program_neighbor,14,0.0791,POU4F2
Set 2,RGC-01,Retinal ganglion,Ocular,4,ZIC1,0.654206,0.13,program_neighbor,140,0.7910,POU4F2
Set 2,RGC-01,Retinal ganglion,Ocular,5,ACTL6B,0.647113,0.16,program_neighbor,80,0.3812,POU4F2
Set 2,RGC-01,Retinal ganglion,Ocular,6,MYT1L,0.641445,0.19,known_cofactor,141,0.7735,POU4F2
Set 2,RGC-01,Retinal ganglion,Ocular,7,ZIC2,0.641199,0.22,program_neighbor,141,0.7966,POU4F2
Set 2,RGC-01,Retinal ganglion,Ocular,8,MAPT,0.629072,0.25,program_neighbor,53,0.2579,POU4F2
Set 2,RGC-01,Retinal ganglion,Ocular,9,CUX2,0.627891,0.28,program_neighbor,11,0.0406,ASCL1
Set 2,RGC-01,Retinal ganglion,Ocular,10,CTNND2,0.624184,0.32,program_neighbor,19,0.0291,POU4F2
Set 2,RGC-01,Retinal ganglion,Ocular,11,FOXG1,0.611619,0.35,known_cofactor,1,0.0056,POU4F2
Set 2,RGC-01,Retinal ganglion,Ocular,12,ZBTB18,0.606587,0.38,program_neighbor,4,0.0179,POU4F2
Set 2,RGC-01,Retinal ganglion,Ocular,13,PAX6,0.605905,0.41,known_cofactor,140,0.7910,POU4F2
Set 2,RGC-01,Retinal ganglion,Ocular,14,CHD5,0.600891,0.44,program_neighbor,90,0.3965,POU4F2
Set 2,RGC-01,Retinal ganglion,Ocular,15,SCRT2,0.600203,0.47,program_neighbor,141,0.7966,POU4F2
Set 2,RGC-01,Retinal ganglion,Ocular,16,ETV1,0.594993,0.51,program_neighbor,140,0.7910,POU4F2
Set 2,RGC-01,Retinal ganglion,Ocular,17,BARHL2,0.591542,0.54,program_neighbor,140,0.7910,POU4F2
Set 2,RGC-01,Retinal ganglion,Ocular,18,ZIC3,0.590503,0.57,program_neighbor,140,0.7865,POU4F2
Set 2,RGC-01,Retinal ganglion,Ocular,19,ZIC5,0.589850,0.60,program_neighbor,140,0.7865,POU4F2
Set 2,RGC-01,Retinal ganglion,Ocular,20,NEUROD1,0.589729,0.63,known_cofactor,140,0.7910,POU4F2
Set 2,RGC-01,Retinal ganglion,Ocular,21,SCRT1,0.585904,0.66,program_neighbor,140,0.7865,POU4F2
Set 2,RGC-01,Retinal ganglion,Ocular,22,RORB,0.585483,0.69,program_neighbor,140,0.7910,POU4F2
Set 2,RGC-01,Retinal ganglion,Ocular,23,POU3F3,0.583512,0.73,program_neighbor,181,0.9620,POU4F2
Set 2,RGC-01,Retinal ganglion,Ocular,24,DEAF1,0.566347,0.76,program_neighbor,142,0.8023,POU4F2
Set 2,RGC-01,Retinal ganglion,Ocular,25,CRYM,0.560663,0.79,program_neighbor,41,0.1958,POU4F2
Set 2,RGC-01,Retinal ganglion,Ocular,26,CELF4,0.557919,0.82,program_neighbor,4,0.0179,POU4F2
Set 2,RGC-01,Retinal ganglion,Ocular,27,CHD7,0.552840,0.85,program_neighbor,141,0.6498,POU4F2
Set 2,RGC-01,Retinal ganglion,Ocular,28,RIT2,0.545464,0.88,program_neighbor,20,0.0276,ASCL1
Set 2,RGC-01,Retinal ganglion,Ocular,29,LHX1,0.544775,0.92,program_neighbor,140,0.7910,POU4F2
Set 2,RGC-01,Retinal ganglion,Ocular,30,OTUD7A,0.544765,0.95,program_neighbor,10,0.0565,POU4F2
Set 2,RGC-01,Retinal ganglion,Ocular,31,BARHL1,0.544576,0.98,program_neighbor,5,0.0225,POU4F2
Set 2,RGC-01,Retinal ganglion,Ocular,32,FEZF2,0.542145,1.01,program_neighbor,141,0.7966,POU4F2
Set 2,RGC-01,Retinal ganglion,Ocular,33,KHDRBS3,0.542018,1.04,program_neighbor,11,0.0621,POU4F2
Set 2,RGC-01,Retinal ganglion,Ocular,34,UNCX,0.541663,1.07,program_neighbor,14,0.0769,POU4F2
Set 2,RGC-01,Retinal ganglion,Ocular,35,INSM2,0.540960,1.11,program_neighbor,10,0.0562,POU4F2
Set 2,RGC-01,Retinal ganglion,Ocular,36,OTX2,0.540907,1.14,program_neighbor,140,0.7910,POU4F2
Set 2,RGC-01,Retinal ganglion,Ocular,37,VAX2,0.540108,1.17,program_neighbor,140,0.7910,POU4F2
Set 2,RGC-01,Retinal ganglion,Ocular,38,MYT1,0.537487,1.20,program_neighbor,148,0.6699,POU4F2
Set 2,RGC-01,Retinal ganglion,Ocular,39,NKX6-3,0.532806,1.23,program_neighbor,5,0.0179,POU4F2
Set 2,RGC-01,Retinal ganglion,Ocular,40,EOMES,0.532320,1.26,program_neighbor,141,0.7966,POU4F2
Set 2,RGC-01,Retinal ganglion,Ocular,41,VSX1,0.531846,1.30,program_neighbor,140,0.7910,POU4F2
Set 2,RGC-01,Retinal ganglion,Ocular,42,CELF3,0.529753,1.33,program_neighbor,63,0.2551,ASCL1
Set 2,RGC-01,Retinal ganglion,Ocular,43,SATB2,0.527911,1.36,program_neighbor,140,0.7821,POU4F2
Set 2,RGC-01,Retinal ganglion,Ocular,44,INSM1,0.526745,1.39,program_neighbor,149,0.7306,POU4F2
Set 2,RGC-01,Retinal ganglion,Ocular,45,PTPRN,0.526453,1.42,program_neighbor,55,0.2644,POU4F2
Set 2,RGC-01,Retinal ganglion,Ocular,46,NKX6-2,0.522074,1.45,program_neighbor,140,0.7910,POU4F2
Set 2,RGC-01,Retinal ganglion,Ocular,47,AFF3,0.521521,1.48,program_neighbor,140,0.7865,POU4F2
Set 2,RGC-01,Retinal ganglion,Ocular,48,CECR2,0.519340,1.52,program_neighbor,107,0.1610,POU4F2
Set 2,RGC-01,Retinal ganglion,Ocular,49,MAP3K9,0.517862,1.55,program_neighbor,54,0.1908,POU4F2
Set 2,RGC-01,Retinal ganglion,Ocular,50,BCL11A,0.517768,1.58,program_neighbor,176,0.9617,POU4F2
Set 2,CORNEA-01,Corneal epithelial,Ocular,1,PKP1,0.824569,0.03,program_neighbor,68,0.1049,KLF4
Set 2,CORNEA-01,Corneal epithelial,Ocular,2,SP8,0.820884,0.06,program_neighbor,10,0.0704,PAX6
Set 2,CORNEA-01,Corneal epithelial,Ocular,3,GRHL3,0.808597,0.09,program_neighbor,140,0.8537,PAX6
Set 2,CORNEA-01,Corneal epithelial,Ocular,4,IRF6,0.792485,0.13,program_neighbor,140,0.2828,PAX6
Set 2,CORNEA-01,Corneal epithelial,Ocular,5,ZNF750,0.772385,0.16,program_neighbor,1,0.0071,PAX6
Set 2,CORNEA-01,Corneal epithelial,Ocular,6,EN1,0.754200,0.19,program_neighbor,82,0.4316,KLF4
Set 2,CORNEA-01,Corneal epithelial,Ocular,7,BARX2,0.735398,0.22,program_neighbor,140,0.8537,PAX6
Set 2,CORNEA-01,Corneal epithelial,Ocular,8,ETV4,0.706648,0.25,program_neighbor,1,0.0071,PAX6
Set 2,CORNEA-01,Corneal epithelial,Ocular,9,HOXC13,0.697425,0.28,program_neighbor,140,0.9929,PAX6
Set 2,CORNEA-01,Corneal epithelial,Ocular,10,ELF5,0.697058,0.32,program_neighbor,140,1.0000,PAX6
Set 2,CORNEA-01,Corneal epithelial,Ocular,11,POU2F3,0.668688,0.35,program_neighbor,140,1.0000,PAX6
Set 2,CORNEA-01,Corneal epithelial,Ocular,12,RECQL4,0.649529,0.38,program_neighbor,24,0.1154,PAX6
Set 2,CORNEA-01,Corneal epithelial,Ocular,13,BARX1,0.641382,0.41,program_neighbor,140,1.0000,PAX6
Set 2,CORNEA-01,Corneal epithelial,Ocular,14,UBTFL1,0.640680,0.44,novel_prediction,0,0.0000,
Set 2,CORNEA-01,Corneal epithelial,Ocular,15,BNC2,0.638389,0.47,program_neighbor,140,0.9859,PAX6
Set 2,CORNEA-01,Corneal epithelial,Ocular,16,ZIC5,0.638123,0.51,program_neighbor,140,0.9929,PAX6
Set 2,CORNEA-01,Corneal epithelial,Ocular,17,GRHL1,0.637532,0.54,program_neighbor,140,0.9929,PAX6
Set 2,CORNEA-01,Corneal epithelial,Ocular,18,SP9,0.633444,0.57,program_neighbor,4,0.0169,KLF4
Set 2,CORNEA-01,Corneal epithelial,Ocular,19,TBX6,0.628148,0.60,program_neighbor,4,0.0167,KLF4
Set 2,CORNEA-01,Corneal epithelial,Ocular,20,KLF4,0.626142,0.63,known_factor,190,1.0000,KLF4
Set 2,CORNEA-01,Corneal epithelial,Ocular,21,TCF7L1,0.621768,0.66,program_neighbor,186,0.9490,KLF4
Set 2,CORNEA-01,Corneal epithelial,Ocular,22,CTNND1,0.611065,0.69,novel_prediction,0,0.0000,
Set 2,CORNEA-01,Corneal epithelial,Ocular,23,ZBED2,0.611016,0.73,program_neighbor,8,0.0383,PAX6
Set 2,CORNEA-01,Corneal epithelial,Ocular,24,KLF9,0.606821,0.76,program_neighbor,140,1.0000,PAX6
Set 2,CORNEA-01,Corneal epithelial,Ocular,25,TP63,0.605810,0.79,program_neighbor,140,0.7955,PAX6
Set 2,CORNEA-01,Corneal epithelial,Ocular,26,BNC1,0.593220,0.82,program_neighbor,77,0.5385,PAX6
Set 2,CORNEA-01,Corneal epithelial,Ocular,27,ASCL4,0.591265,0.85,program_neighbor,3,0.0127,KLF4
Set 2,CORNEA-01,Corneal epithelial,Ocular,28,PPHLN1,0.577921,0.88,novel_prediction,0,0.0000,
Set 2,CORNEA-01,Corneal epithelial,Ocular,29,ALX4,0.576882,0.92,program_neighbor,171,0.8724,KLF4
Set 2,CORNEA-01,Corneal epithelial,Ocular,30,SRSF6,0.571687,0.95,novel_prediction,0,0.0000,
Set 2,CORNEA-01,Corneal epithelial,Ocular,31,HOXC12,0.565388,0.98,program_neighbor,10,0.0709,PAX6
Set 2,CORNEA-01,Corneal epithelial,Ocular,32,JUP,0.548136,1.01,novel_prediction,0,0.0000,
Set 2,CORNEA-01,Corneal epithelial,Ocular,33,OVOL2,0.541266,1.04,program_neighbor,140,1.0000,PAX6
Set 2,CORNEA-01,Corneal epithelial,Ocular,34,PPP1R13L,0.539931,1.07,program_neighbor,103,0.4440,KLF4
Set 2,CORNEA-01,Corneal epithelial,Ocular,35,GRHL2,0.529492,1.11,program_neighbor,140,0.2823,PAX6
Set 2,CORNEA-01,Corneal epithelial,Ocular,36,IRX4,0.520984,1.14,program_neighbor,10,0.0704,PAX6
Set 2,CORNEA-01,Corneal epithelial,Ocular,37,FOXN1,0.511735,1.17,program_neighbor,85,0.1717,PAX6
Set 2,CORNEA-01,Corneal epithelial,Ocular,38,IRX2,0.505111,1.20,novel_prediction,0,0.0000,
Set 2,CORNEA-01,Corneal epithelial,Ocular,39,POU3F1,0.504495,1.23,program_neighbor,140,0.9929,PAX6
Set 2,CORNEA-01,Corneal epithelial,Ocular,40,WNT4,0.498701,1.26,program_neighbor,10,0.0714,PAX6
Set 2,CORNEA-01,Corneal epithelial,Ocular,41,FOXQ1,0.489401,1.30,known_cofactor,10,0.0714,PAX6
Set 2,CORNEA-01,Corneal epithelial,Ocular,42,TWIST2,0.476025,1.33,program_neighbor,140,0.7955,PAX6
Set 2,CORNEA-01,Corneal epithelial,Ocular,43,DLX3,0.474877,1.36,program_neighbor,140,1.0000,PAX6
Set 2,CORNEA-01,Corneal epithelial,Ocular,44,GATA3,0.473941,1.39,program_neighbor,186,0.3085,KLF4
Set 2,CORNEA-01,Corneal epithelial,Ocular,45,CITED1,0.472012,1.42,program_neighbor,140,0.7955,PAX6
Set 2,CORNEA-01,Corneal epithelial,Ocular,46,OTX1,0.470531,1.45,novel_prediction,0,0.0000,
Set 2,CORNEA-01,Corneal epithelial,Ocular,47,SRY,0.469619,1.48,program_neighbor,140,0.6422,PAX6
Set 2,CORNEA-01,Corneal epithelial,Ocular,48,BCL11B,0.467986,1.52,program_neighbor,140,0.7821,PAX6
Set 2,CORNEA-01,Corneal epithelial,Ocular,49,MYCL,0.466683,1.55,program_neighbor,140,1.0000,PAX6
Set 2,CORNEA-01,Corneal epithelial,Ocular,50,TFAP2A,0.463373,1.58,program_neighbor,140,0.7955,PAX6
Set 2,SEBOCYTE-01,Sebocyte,Epithelial,1,THRSP,0.759905,0.03,program_neighbor,16,0.0278,PPARG
Set 2,SEBOCYTE-01,Sebocyte,Epithelial,2,LEP,0.749711,0.06,program_neighbor,16,0.0262,PPARG
Set 2,SEBOCYTE-01,Sebocyte,Epithelial,3,CIDEA,0.686682,0.09,program_neighbor,16,0.0262,PPARG
Set 2,SEBOCYTE-01,Sebocyte,Epithelial,4,CIDEC,0.654492,0.13,novel_prediction,0,0.0000,
Set 2,SEBOCYTE-01,Sebocyte,Epithelial,5,PPARG,0.588818,0.16,known_factor,575,1.0000,PPARG
Set 2,SEBOCYTE-01,Sebocyte,Epithelial,6,MEOX1,0.576927,0.19,program_neighbor,140,1.0000,CEBPA
Set 2,SEBOCYTE-01,Sebocyte,Epithelial,7,TCF15,0.570620,0.22,program_neighbor,141,0.9929,CEBPA
Set 2,SEBOCYTE-01,Sebocyte,Epithelial,8,EBF2,0.567022,0.25,program_neighbor,140,1.0000,CEBPA
Set 2,SEBOCYTE-01,Sebocyte,Epithelial,9,MEOX2,0.559242,0.28,program_neighbor,140,1.0000,CEBPA
Set 2,SEBOCYTE-01,Sebocyte,Epithelial,10,NOCT,0.534248,0.32,program_neighbor,13,0.0213,PPARG
Set 2,SEBOCYTE-01,Sebocyte,Epithelial,11,SOX17,0.530465,0.35,program_neighbor,140,1.0000,CEBPA
Set 2,SEBOCYTE-01,Sebocyte,Epithelial,12,NOTCH4,0.526979,0.38,program_neighbor,21,0.0722,CEBPA
Set 2,SEBOCYTE-01,Sebocyte,Epithelial,13,ASAH1,0.512194,0.41,program_neighbor,16,0.0278,PPARG
Set 2,SEBOCYTE-01,Sebocyte,Epithelial,14,CEBPA,0.510540,0.44,known_factor,140,1.0000,CEBPA
Set 2,SEBOCYTE-01,Sebocyte,Epithelial,15,NR4A3,0.510345,0.47,program_neighbor,3,0.0056,CEBPA
Set 2,SEBOCYTE-01,Sebocyte,Epithelial,16,EBF1,0.506016,0.51,program_neighbor,140,1.0000,CEBPA
Set 2,SEBOCYTE-01,Sebocyte,Epithelial,17,DMRT3,0.505684,0.54,program_neighbor,14,0.0476,CEBPA
Set 2,SEBOCYTE-01,Sebocyte,Epithelial,18,BARX1,0.504740,0.57,program_neighbor,140,1.0000,CEBPA
Set 2,SEBOCYTE-01,Sebocyte,Epithelial,19,ZFP36,0.492084,0.60,program_neighbor,4,0.0070,PPARG
Set 2,SEBOCYTE-01,Sebocyte,Epithelial,20,NR5A2,0.491796,0.63,program_neighbor,141,0.9929,CEBPA
Set 2,SEBOCYTE-01,Sebocyte,Epithelial,21,SIX2,0.491337,0.66,program_neighbor,195,0.7179,CEBPA
Set 2,SEBOCYTE-01,Sebocyte,Epithelial,22,MSX1,0.488299,0.69,novel_prediction,0,0.0000,
Set 2,SEBOCYTE-01,Sebocyte,Epithelial,23,KLF14,0.487305,0.73,program_neighbor,11,0.0786,CEBPA
Set 2,SEBOCYTE-01,Sebocyte,Epithelial,24,BCL6B,0.487087,0.76,novel_prediction,0,0.0000,
Set 2,SEBOCYTE-01,Sebocyte,Epithelial,25,SHOX2,0.485974,0.79,program_neighbor,11,0.0694,CEBPA
Set 2,SEBOCYTE-01,Sebocyte,Epithelial,26,NR2F2,0.484780,0.82,program_neighbor,140,1.0000,CEBPA
Set 2,SEBOCYTE-01,Sebocyte,Epithelial,27,SIM1,0.482997,0.85,program_neighbor,141,0.9929,CEBPA
Set 2,SEBOCYTE-01,Sebocyte,Epithelial,28,TWIST2,0.481593,0.88,program_neighbor,140,0.7955,CEBPA
Set 2,SEBOCYTE-01,Sebocyte,Epithelial,29,EBF3,0.481257,0.92,program_neighbor,14,0.0229,PPARG
Set 2,SEBOCYTE-01,Sebocyte,Epithelial,30,NR1H3,0.479650,0.95,program_neighbor,155,0.8917,CEBPA
Set 2,SEBOCYTE-01,Sebocyte,Epithelial,31,MLXIPL,0.476976,0.98,program_neighbor,141,0.9859,CEBPA
Set 2,SEBOCYTE-01,Sebocyte,Epithelial,32,AIFM2,0.475178,1.01,program_neighbor,13,0.0213,PPARG
Set 2,SEBOCYTE-01,Sebocyte,Epithelial,33,IRX6,0.459759,1.04,program_neighbor,23,0.0382,PPARG
Set 2,SEBOCYTE-01,Sebocyte,Epithelial,34,DTX1,0.452874,1.07,program_neighbor,144,0.7778,CEBPA
Set 2,SEBOCYTE-01,Sebocyte,Epithelial,35,WT1,0.452746,1.11,program_neighbor,191,0.6167,CEBPA
Set 2,SEBOCYTE-01,Sebocyte,Epithelial,36,NOTCH3,0.452542,1.14,program_neighbor,7,0.0208,CEBPA
Set 2,SEBOCYTE-01,Sebocyte,Epithelial,37,BNC1,0.451506,1.17,program_neighbor,78,0.5385,CEBPA
Set 2,SEBOCYTE-01,Sebocyte,Epithelial,38,IFT74,0.449082,1.20,program_neighbor,2,0.0035,PPARG
Set 2,SEBOCYTE-01,Sebocyte,Epithelial,39,IFI27,0.448335,1.23,novel_prediction,0,0.0000,
Set 2,SEBOCYTE-01,Sebocyte,Epithelial,40,FHL5,0.447441,1.26,program_neighbor,140,1.0000,CEBPA
Set 2,SEBOCYTE-01,Sebocyte,Epithelial,41,SIX1,0.447031,1.30,program_neighbor,141,0.7910,CEBPA
Set 2,SEBOCYTE-01,Sebocyte,Epithelial,42,TAL1,0.446667,1.33,program_neighbor,141,0.9929,CEBPA
Set 2,SEBOCYTE-01,Sebocyte,Epithelial,43,FOSB,0.445690,1.36,program_neighbor,140,1.0000,CEBPA
Set 2,SEBOCYTE-01,Sebocyte,Epithelial,44,COLEC11,0.445199,1.39,novel_prediction,0,0.0000,
Set 2,SEBOCYTE-01,Sebocyte,Epithelial,45,SOX7,0.444776,1.42,program_neighbor,140,1.0000,CEBPA
Set 2,SEBOCYTE-01,Sebocyte,Epithelial,46,SNAI2,0.443875,1.45,program_neighbor,140,0.7910,CEBPA
Set 2,SEBOCYTE-01,Sebocyte,Epithelial,47,HOXC5,0.443598,1.48,program_neighbor,140,1.0000,CEBPA
Set 2,SEBOCYTE-01,Sebocyte,Epithelial,48,VRTN,0.442922,1.52,program_neighbor,2,0.0035,PPARG
Set 2,SEBOCYTE-01,Sebocyte,Epithelial,49,ZNF366,0.442832,1.55,program_neighbor,140,1.0000,CEBPA
Set 2,SEBOCYTE-01,Sebocyte,Epithelial,50,FLI1,0.442139,1.58,program_neighbor,140,1.0000,CEBPA
Set 2,ENTERO-01,Enteroendocrine,Gut,1,PDX1,0.776251,0.03,known_cofactor,140,0.7447,NEUROG3
Set 2,ENTERO-01,Enteroendocrine,Gut,2,PTF1A,0.745898,0.06,program_neighbor,140,0.9929,NEUROG3
Set 2,ENTERO-01,Enteroendocrine,Gut,3,ONECUT1,0.722858,0.09,program_neighbor,140,0.9929,NEUROG3
Set 2,ENTERO-01,Enteroendocrine,Gut,4,MNX1,0.691971,0.13,program_neighbor,10,0.0704,NEUROG3
Set 2,ENTERO-01,Enteroendocrine,Gut,5,NR5A2,0.691490,0.16,program_neighbor,140,0.9929,NEUROG3
Set 2,ENTERO-01,Enteroendocrine,Gut,6,FOXA3,0.677297,0.19,program_neighbor,140,0.8485,NEUROG3
Set 2,ENTERO-01,Enteroendocrine,Gut,7,FOXA2,0.663396,0.22,program_neighbor,140,0.6829,NEUROG3
Set 2,ENTERO-01,Enteroendocrine,Gut,8,HNF1B,0.652667,0.25,program_neighbor,140,0.7955,NEUROG3
Set 2,ENTERO-01,Enteroendocrine,Gut,9,RBPJL,0.651338,0.28,program_neighbor,140,0.5691,NEUROG3
Set 2,ENTERO-01,Enteroendocrine,Gut,10,HNF1A,0.640736,0.32,program_neighbor,140,0.7865,NEUROG3
Set 2,ENTERO-01,Enteroendocrine,Gut,11,MAFA,0.612919,0.35,known_cofactor,140,0.9722,NEUROG3
Set 2,ENTERO-01,Enteroendocrine,Gut,12,GFI1,0.583429,0.38,program_neighbor,140,1.0000,NEUROG3
Set 2,ENTERO-01,Enteroendocrine,Gut,13,BHLHA15,0.580623,0.41,program_neighbor,140,0.2750,NEUROG3
Set 2,ENTERO-01,Enteroendocrine,Gut,14,ONECUT2,0.579862,0.44,program_neighbor,140,0.8485,NEUROG3
Set 2,ENTERO-01,Enteroendocrine,Gut,15,SERPINA3,0.546253,0.47,program_neighbor,83,0.1677,NEUROG3
Set 2,ENTERO-01,Enteroendocrine,Gut,16,ZNF98,0.532405,0.51,program_neighbor,140,1.0000,NEUROG3
Set 2,ENTERO-01,Enteroendocrine,Gut,17,GATA4,0.529229,0.54,program_neighbor,140,0.7910,NEUROG3
Set 2,ENTERO-01,Enteroendocrine,Gut,18,RORC,0.528081,0.57,program_neighbor,140,1.0000,NEUROG3
Set 2,ENTERO-01,Enteroendocrine,Gut,19,CREB3L1,0.518525,0.60,program_neighbor,140,1.0000,NEUROG3
Set 2,ENTERO-01,Enteroendocrine,Gut,20,XBP1,0.515815,0.63,program_neighbor,140,0.2564,NEUROG3
Set 2,ENTERO-01,Enteroendocrine,Gut,21,ZFP57,0.514273,0.66,program_neighbor,140,1.0000,NEUROG3
Set 2,ENTERO-01,Enteroendocrine,Gut,22,PAX6,0.505457,0.69,program_neighbor,140,1.0000,NEUROG3
Set 2,ENTERO-01,Enteroendocrine,Gut,23,HNF4A,0.503431,0.73,program_neighbor,140,0.9032,NEUROG3
Set 2,ENTERO-01,Enteroendocrine,Gut,24,ASCL5,0.501433,0.76,program_neighbor,10,0.0709,NEUROG3
Set 2,ENTERO-01,Enteroendocrine,Gut,25,NKX6-1,0.499771,0.79,program_neighbor,140,1.0000,NEUROG3
Set 2,ENTERO-01,Enteroendocrine,Gut,26,NR0B2,0.495155,0.82,program_neighbor,6,0.0326,NEUROG3
Set 2,ENTERO-01,Enteroendocrine,Gut,27,PAX4,0.492489,0.85,known_cofactor,140,0.7955,NEUROG3
Set 2,ENTERO-01,Enteroendocrine,Gut,28,NKX2-2,0.489240,0.88,program_neighbor,140,0.9929,NEUROG3
Set 2,ENTERO-01,Enteroendocrine,Gut,29,GLIS3,0.476420,0.92,program_neighbor,140,1.0000,NEUROG3
Set 2,ENTERO-01,Enteroendocrine,Gut,30,MYCL,0.470756,0.95,program_neighbor,140,1.0000,NEUROG3
Set 2,ENTERO-01,Enteroendocrine,Gut,31,HNF4G,0.466309,0.98,program_neighbor,140,1.0000,NEUROG3
Set 2,ENTERO-01,Enteroendocrine,Gut,32,POU4F1,0.459317,1.01,program_neighbor,140,0.7910,NEUROG3
Set 2,ENTERO-01,Enteroendocrine,Gut,33,SALL4,0.457868,1.04,program_neighbor,140,0.8917,NEUROG3
Set 2,ENTERO-01,Enteroendocrine,Gut,34,FOXF1,0.456775,1.07,program_neighbor,10,0.0704,NEUROG3
Set 2,ENTERO-01,Enteroendocrine,Gut,35,TCF15,0.455051,1.11,program_neighbor,140,0.9929,NEUROG3
Set 2,ENTERO-01,Enteroendocrine,Gut,36,TRIB3,0.454318,1.14,novel_prediction,0,0.0000,
Set 2,ENTERO-01,Enteroendocrine,Gut,37,FEZF2,0.454187,1.17,program_neighbor,140,0.9929,NEUROG3
Set 2,ENTERO-01,Enteroendocrine,Gut,38,PROX1,0.453781,1.20,program_neighbor,140,0.9929,NEUROG3
Set 2,ENTERO-01,Enteroendocrine,Gut,39,HEYL,0.452404,1.23,program_neighbor,140,1.0000,NEUROG3
Set 2,ENTERO-01,Enteroendocrine,Gut,40,MUC1,0.450233,1.26,program_neighbor,89,0.5205,NEUROG3
Set 2,ENTERO-01,Enteroendocrine,Gut,41,SIX2,0.449492,1.30,program_neighbor,140,0.7179,NEUROG3
Set 2,ENTERO-01,Enteroendocrine,Gut,42,GRHL1,0.449323,1.33,program_neighbor,140,0.9929,NEUROG3
Set 2,ENTERO-01,Enteroendocrine,Gut,43,POU4F2,0.448536,1.36,program_neighbor,140,0.7910,NEUROG3
Set 2,ENTERO-01,Enteroendocrine,Gut,44,TWIST1,0.448403,1.39,program_neighbor,140,0.7910,NEUROG3
Set 2,ENTERO-01,Enteroendocrine,Gut,45,TP53INP1,0.445310,1.42,novel_prediction,0,0.0000,
Set 2,ENTERO-01,Enteroendocrine,Gut,46,MAFB,0.445258,1.45,program_neighbor,140,1.0000,NEUROG3
Set 2,ENTERO-01,Enteroendocrine,Gut,47,ZIC2,0.444381,1.48,program_neighbor,140,0.9929,NEUROG3
Set 2,ENTERO-01,Enteroendocrine,Gut,48,MLXIPL,0.443597,1.52,program_neighbor,140,0.9859,NEUROG3
Set 2,ENTERO-01,Enteroendocrine,Gut,49,FOXA1,0.443518,1.55,program_neighbor,140,1.0000,NEUROG3
Set 2,ENTERO-01,Enteroendocrine,Gut,50,MLXIP,0.442848,1.58,program_neighbor,140,0.9859,NEUROG3
Set 2,NK-01,NK cell,Immune,1,TLR8,0.828019,0.03,program_neighbor,438,0.8813,NFIL3
Set 2,NK-01,NK cell,Immune,2,CR2,0.827294,0.06,program_neighbor,439,0.8869,NFIL3
Set 2,NK-01,NK cell,Immune,3,EOMES,0.779456,0.09,known_factor,141,1.0000,EOMES
Set 2,NK-01,NK cell,Immune,4,TCF7,0.777948,0.13,program_neighbor,498,0.8951,NFIL3
Set 2,NK-01,NK cell,Immune,5,SPIB,0.775379,0.16,program_neighbor,140,0.9929,EOMES
Set 2,NK-01,NK cell,Immune,6,TXK,0.761943,0.19,novel_prediction,0,0.0000,
Set 2,NK-01,NK cell,Immune,7,NLRC5,0.745013,0.22,program_neighbor,439,0.8851,NFIL3
Set 2,NK-01,NK cell,Immune,8,AKNA,0.745010,0.25,program_neighbor,102,0.4660,EOMES
Set 2,NK-01,NK cell,Immune,9,IRF5,0.740974,0.28,program_neighbor,462,0.8487,NFIL3
Set 2,NK-01,NK cell,Immune,10,ARID3A,0.732691,0.32,program_neighbor,142,0.9276,EOMES
Set 2,NK-01,NK cell,Immune,11,ARID5A,0.711106,0.35,program_neighbor,440,0.8889,NFIL3
Set 2,NK-01,NK cell,Immune,12,CD274,0.708648,0.38,program_neighbor,452,0.7143,NFIL3
Set 2,NK-01,NK cell,Immune,13,NFATC2,0.696227,0.41,program_neighbor,142,0.8046,EOMES
Set 2,NK-01,NK cell,Immune,14,PADI4,0.690931,0.44,program_neighbor,495,0.9980,NFIL3
Set 2,NK-01,NK cell,Immune,15,BATF3,0.689669,0.47,program_neighbor,140,0.9929,EOMES
Set 2,NK-01,NK cell,Immune,16,GLI2,0.678465,0.51,program_neighbor,141,0.7877,EOMES
Set 2,NK-01,NK cell,Immune,17,FEZF2,0.670276,0.54,program_neighbor,141,1.0000,EOMES
Set 2,NK-01,NK cell,Immune,18,FASLG,0.666480,0.57,program_neighbor,21,0.0605,EOMES
Set 2,NK-01,NK cell,Immune,19,ZFAT,0.664472,0.60,program_neighbor,140,0.9790,EOMES
Set 2,NK-01,NK cell,Immune,20,MSC,0.661744,0.63,program_neighbor,140,0.9929,EOMES
Set 2,NK-01,NK cell,Immune,21,ELF1,0.655774,0.66,program_neighbor,141,0.8092,EOMES
Set 2,NK-01,NK cell,Immune,22,TBX21,0.654483,0.69,known_factor,50,1.0000,TBX21
Set 2,NK-01,NK cell,Immune,23,EBF1,0.650405,0.73,program_neighbor,140,0.9929,EOMES
Set 2,NK-01,NK cell,Immune,24,RAG2,0.641103,0.76,program_neighbor,4,0.0284,EOMES
Set 2,NK-01,NK cell,Immune,25,BCL6B,0.635455,0.79,novel_prediction,0,0.0000,
Set 2,NK-01,NK cell,Immune,26,POLR3F,0.627268,0.82,program_neighbor,495,1.0000,NFIL3
Set 2,NK-01,NK cell,Immune,27,SBNO1,0.626745,0.85,program_neighbor,495,0.9940,NFIL3
Set 2,NK-01,NK cell,Immune,28,IKZF3,0.619756,0.88,program_neighbor,140,0.9929,EOMES
Set 2,NK-01,NK cell,Immune,29,KLF13,0.619142,0.92,program_neighbor,89,0.5116,EOMES
Set 2,NK-01,NK cell,Immune,30,SOX13,0.618491,0.95,program_neighbor,141,0.8140,EOMES
Set 2,NK-01,NK cell,Immune,31,GADD45A,0.618221,0.98,novel_prediction,0,0.0000,
Set 2,NK-01,NK cell,Immune,32,KLF6,0.616983,1.01,program_neighbor,140,0.9929,EOMES
Set 2,NK-01,NK cell,Immune,33,G3BP1,0.609070,1.04,program_neighbor,439,0.8126,NFIL3
Set 2,NK-01,NK cell,Immune,34,PSPC1,0.607734,1.07,program_neighbor,495,1.0000,NFIL3
Set 2,NK-01,NK cell,Immune,35,POLR3C,0.602398,1.11,program_neighbor,495,0.9980,NFIL3
Set 2,NK-01,NK cell,Immune,36,RBM14,0.601658,1.14,program_neighbor,461,0.8185,NFIL3
Set 2,NK-01,NK cell,Immune,37,CABIN1,0.597826,1.17,program_neighbor,78,0.4667,EOMES
Set 2,NK-01,NK cell,Immune,38,BTK,0.596824,1.20,program_neighbor,439,0.8813,NFIL3
Set 2,NK-01,NK cell,Immune,39,PAX5,0.596785,1.23,program_neighbor,141,0.9459,EOMES
Set 2,NK-01,NK cell,Immune,40,RUNX3,0.596753,1.26,program_neighbor,141,0.9097,EOMES
Set 2,NK-01,NK cell,Immune,41,SOX12,0.592940,1.30,program_neighbor,11,0.0206,NFIL3
Set 2,NK-01,NK cell,Immune,42,SERTAD3,0.590234,1.33,program_neighbor,495,0.9980,NFIL3
Set 2,NK-01,NK cell,Immune,43,IKZF4,0.588244,1.36,program_neighbor,140,0.9929,EOMES
Set 2,NK-01,NK cell,Immune,44,ACTN1,0.587369,1.39,program_neighbor,5,0.0533,TBX21
Set 2,NK-01,NK cell,Immune,45,ACTN4,0.585429,1.42,program_neighbor,13,0.0606,EOMES
Set 2,NK-01,NK cell,Immune,46,BATF,0.583716,1.45,program_neighbor,140,0.9929,EOMES
Set 2,NK-01,NK cell,Immune,47,IFIT5,0.583696,1.48,program_neighbor,441,0.8439,NFIL3
Set 2,NK-01,NK cell,Immune,48,POLR3D,0.583511,1.52,program_neighbor,495,1.0000,NFIL3
Set 2,NK-01,NK cell,Immune,49,PBXIP1,0.581391,1.55,program_neighbor,503,0.6074,NFIL3
Set 2,NK-01,NK cell,Immune,50,IRF7,0.579741,1.58,program_neighbor,441,0.8608,NFIL3
Set 2,TREG-01,Regulatory T cell,Immune,1,TLR8,0.848027,0.03,program_neighbor,438,0.8813,FOXP3
Set 2,TREG-01,Regulatory T cell,Immune,2,CR2,0.832233,0.06,program_neighbor,439,0.8869,FOXP3
Set 2,TREG-01,Regulatory T cell,Immune,3,TCF7,0.787069,0.09,program_neighbor,495,0.8951,FOXP3
Set 2,TREG-01,Regulatory T cell,Immune,4,EOMES,0.784904,0.13,program_neighbor,140,0.2823,FOXP3
Set 2,TREG-01,Regulatory T cell,Immune,5,NLRC5,0.783149,0.16,program_neighbor,439,0.8851,FOXP3
Set 2,TREG-01,Regulatory T cell,Immune,6,SPIB,0.780527,0.19,program_neighbor,140,0.2828,FOXP3
Set 2,TREG-01,Regulatory T cell,Immune,7,IRF5,0.772523,0.22,program_neighbor,460,0.8487,FOXP3
Set 2,TREG-01,Regulatory T cell,Immune,8,ARID3A,0.755908,0.25,program_neighbor,140,0.2761,FOXP3
Set 2,TREG-01,Regulatory T cell,Immune,9,TXK,0.753328,0.28,novel_prediction,0,0.0000,
Set 2,TREG-01,Regulatory T cell,Immune,10,AKNA,0.750845,0.32,program_neighbor,97,0.1735,FOXP3
Set 2,TREG-01,Regulatory T cell,Immune,11,CD274,0.742486,0.35,program_neighbor,445,0.7143,FOXP3
Set 2,TREG-01,Regulatory T cell,Immune,12,ARID5A,0.726297,0.38,program_neighbor,440,0.8889,FOXP3
Set 2,TREG-01,Regulatory T cell,Immune,13,PADI4,0.720242,0.41,program_neighbor,495,0.9980,FOXP3
Set 2,TREG-01,Regulatory T cell,Immune,14,NFATC2,0.713541,0.44,program_neighbor,141,0.2676,FOXP3
Set 2,TREG-01,Regulatory T cell,Immune,15,FEZF2,0.703388,0.47,program_neighbor,140,0.2823,FOXP3
Set 2,TREG-01,Regulatory T cell,Immune,16,MSC,0.703162,0.51,program_neighbor,140,0.2828,FOXP3
Set 2,TREG-01,Regulatory T cell,Immune,17,BATF3,0.700673,0.54,program_neighbor,140,0.2828,FOXP3
Set 2,TREG-01,Regulatory T cell,Immune,18,GLI2,0.680444,0.57,program_neighbor,140,0.2622,FOXP3
Set 2,TREG-01,Regulatory T cell,Immune,19,ZFAT,0.674940,0.60,program_neighbor,140,0.2817,FOXP3
Set 2,TREG-01,Regulatory T cell,Immune,20,EBF1,0.668879,0.63,program_neighbor,140,0.2828,FOXP3
Set 2,TREG-01,Regulatory T cell,Immune,21,TBX21,0.668512,0.66,program_neighbor,12,0.0225,FOXP3
Set 2,TREG-01,Regulatory T cell,Immune,22,POLR3F,0.658655,0.69,program_neighbor,495,1.0000,FOXP3
Set 2,TREG-01,Regulatory T cell,Immune,23,RAG2,0.650546,0.73,program_neighbor,4,0.0081,FOXP3
Set 2,TREG-01,Regulatory T cell,Immune,24,FASLG,0.649397,0.76,program_neighbor,17,0.0268,FOXP3
Set 2,TREG-01,Regulatory T cell,Immune,25,SBNO1,0.648207,0.79,program_neighbor,495,0.9940,FOXP3
Set 2,TREG-01,Regulatory T cell,Immune,26,ELF1,0.646422,0.82,program_neighbor,140,0.2657,FOXP3
Set 2,TREG-01,Regulatory T cell,Immune,27,G3BP1,0.642828,0.85,program_neighbor,438,0.8126,FOXP3
Set 2,TREG-01,Regulatory T cell,Immune,28,IKZF3,0.642516,0.88,program_neighbor,140,0.2828,FOXP3
Set 2,TREG-01,Regulatory T cell,Immune,29,RUNX3,0.634999,0.92,program_neighbor,140,0.2745,FOXP3
Set 2,TREG-01,Regulatory T cell,Immune,30,SOX13,0.629339,0.95,program_neighbor,140,0.2662,FOXP3
Set 2,TREG-01,Regulatory T cell,Immune,31,PSPC1,0.628841,0.98,program_neighbor,495,1.0000,FOXP3
Set 2,TREG-01,Regulatory T cell,Immune,32,KLF6,0.628287,1.01,program_neighbor,140,0.2828,FOXP3
Set 2,TREG-01,Regulatory T cell,Immune,33,ACTN1,0.627884,1.04,program_neighbor,1,0.0019,FOXP3
Set 2,TREG-01,Regulatory T cell,Immune,34,BCL6B,0.624800,1.07,novel_prediction,0,0.0000,
Set 2,TREG-01,Regulatory T cell,Immune,35,POLR3C,0.623040,1.11,program_neighbor,495,0.9980,FOXP3
Set 2,TREG-01,Regulatory T cell,Immune,36,KLF13,0.620885,1.14,program_neighbor,88,0.1673,FOXP3
Set 2,TREG-01,Regulatory T cell,Immune,37,BTK,0.616808,1.17,program_neighbor,438,0.8813,FOXP3
Set 2,TREG-01,Regulatory T cell,Immune,38,SERTAD3,0.610793,1.20,program_neighbor,495,0.9980,FOXP3
Set 2,TREG-01,Regulatory T cell,Immune,39,IFIT5,0.610515,1.23,program_neighbor,438,0.8439,FOXP3
Set 2,TREG-01,Regulatory T cell,Immune,40,PAX5,0.608278,1.26,program_neighbor,140,0.2789,FOXP3
Set 2,TREG-01,Regulatory T cell,Immune,41,GADD45A,0.607565,1.30,novel_prediction,0,0.0000,
Set 2,TREG-01,Regulatory T cell,Immune,42,ACTN4,0.606427,1.33,program_neighbor,10,0.0193,FOXP3
Set 2,TREG-01,Regulatory T cell,Immune,43,CABIN1,0.604773,1.36,program_neighbor,77,0.1484,FOXP3
Set 2,TREG-01,Regulatory T cell,Immune,44,POLR3D,0.604154,1.39,program_neighbor,495,1.0000,FOXP3
Set 2,TREG-01,Regulatory T cell,Immune,45,PBXIP1,0.603741,1.42,program_neighbor,495,0.6074,FOXP3
Set 2,TREG-01,Regulatory T cell,Immune,46,IKZF4,0.601784,1.45,program_neighbor,140,0.2828,FOXP3
Set 2,TREG-01,Regulatory T cell,Immune,47,ILF2,0.600639,1.48,program_neighbor,1,0.0020,FOXP3
Set 2,TREG-01,Regulatory T cell,Immune,48,HEXIM1,0.597321,1.52,program_neighbor,449,0.9071,FOXP3
Set 2,TREG-01,Regulatory T cell,Immune,49,BATF,0.597255,1.55,program_neighbor,140,0.2828,FOXP3
Set 2,TREG-01,Regulatory T cell,Immune,50,IRF7,0.597110,1.58,program_neighbor,439,0.8608,FOXP3
Set 2,TH17-01,Th17 cell,Immune,1,TLR8,0.848027,0.03,program_neighbor,438,0.6718,STAT3
Set 2,TH17-01,Th17 cell,Immune,2,CR2,0.832233,0.06,program_neighbor,439,0.6754,STAT3
Set 2,TH17-01,Th17 cell,Immune,3,TCF7,0.787069,0.09,program_neighbor,495,0.6992,STAT3
Set 2,TH17-01,Th17 cell,Immune,4,EOMES,0.784904,0.13,program_neighbor,141,0.9929,RORC
Set 2,TH17-01,Th17 cell,Immune,5,NLRC5,0.783149,0.16,program_neighbor,440,0.6769,STAT3
Set 2,TH17-01,Th17 cell,Immune,6,SPIB,0.780527,0.19,program_neighbor,140,1.0000,RORC
Set 2,TH17-01,Th17 cell,Immune,7,IRF5,0.772523,0.22,program_neighbor,506,0.7773,STAT3
Set 2,TH17-01,Th17 cell,Immune,8,ARID3A,0.755908,0.25,program_neighbor,141,0.9211,RORC
Set 2,TH17-01,Th17 cell,Immune,9,TXK,0.753328,0.28,program_neighbor,14,0.0215,STAT3
Set 2,TH17-01,Th17 cell,Immune,10,AKNA,0.750845,0.32,program_neighbor,129,0.4683,RORC
Set 2,TH17-01,Th17 cell,Immune,11,CD274,0.742486,0.35,program_neighbor,549,0.8145,STAT3
Set 2,TH17-01,Th17 cell,Immune,12,ARID5A,0.726297,0.38,program_neighbor,440,0.6769,STAT3
Set 2,TH17-01,Th17 cell,Immune,13,PADI4,0.720242,0.41,program_neighbor,495,0.7604,STAT3
Set 2,TH17-01,Th17 cell,Immune,14,NFATC2,0.713541,0.44,program_neighbor,172,0.8092,RORC
Set 2,TH17-01,Th17 cell,Immune,15,FEZF2,0.703388,0.47,program_neighbor,141,0.9929,RORC
Set 2,TH17-01,Th17 cell,Immune,16,MSC,0.703162,0.51,program_neighbor,140,1.0000,RORC
Set 2,TH17-01,Th17 cell,Immune,17,BATF3,0.700673,0.54,program_neighbor,140,1.0000,RORC
Set 2,TH17-01,Th17 cell,Immune,18,GLI2,0.680444,0.57,program_neighbor,141,0.7821,RORC
Set 2,TH17-01,Th17 cell,Immune,19,ZFAT,0.674940,0.60,program_neighbor,140,0.9859,RORC
Set 2,TH17-01,Th17 cell,Immune,20,EBF1,0.668879,0.63,program_neighbor,140,1.0000,RORC
Set 2,TH17-01,Th17 cell,Immune,21,TBX21,0.668512,0.66,program_neighbor,17,0.0249,STAT3
Set 2,TH17-01,Th17 cell,Immune,22,POLR3F,0.658655,0.69,program_neighbor,495,0.7615,STAT3
Set 2,TH17-01,Th17 cell,Immune,23,RAG2,0.650546,0.73,program_neighbor,4,0.0286,RORC
Set 2,TH17-01,Th17 cell,Immune,24,FASLG,0.649397,0.76,program_neighbor,121,0.1764,STAT3
Set 2,TH17-01,Th17 cell,Immune,25,SBNO1,0.648207,0.79,program_neighbor,495,0.7580,STAT3
Set 2,TH17-01,Th17 cell,Immune,26,ELF1,0.646422,0.82,program_neighbor,171,0.8140,RORC
Set 2,TH17-01,Th17 cell,Immune,27,G3BP1,0.642828,0.85,program_neighbor,482,0.7415,STAT3
Set 2,TH17-01,Th17 cell,Immune,28,IKZF3,0.642516,0.88,program_neighbor,140,1.0000,RORC
Set 2,TH17-01,Th17 cell,Immune,29,RUNX3,0.634999,0.92,program_neighbor,155,0.9032,RORC
Set 2,TH17-01,Th17 cell,Immune,30,SOX13,0.629339,0.95,program_neighbor,171,0.8187,RORC
Set 2,TH17-01,Th17 cell,Immune,31,PSPC1,0.628841,0.98,program_neighbor,495,0.7615,STAT3
Set 2,TH17-01,Th17 cell,Immune,32,KLF6,0.628287,1.01,program_neighbor,140,1.0000,RORC
Set 2,TH17-01,Th17 cell,Immune,33,ACTN1,0.627884,1.04,program_neighbor,1,0.0015,STAT3
Set 2,TH17-01,Th17 cell,Immune,34,BCL6B,0.624800,1.07,novel_prediction,0,0.0000,
Set 2,TH17-01,Th17 cell,Immune,35,POLR3C,0.623040,1.11,program_neighbor,495,0.7604,STAT3
Set 2,TH17-01,Th17 cell,Immune,36,KLF13,0.620885,1.14,program_neighbor,119,0.5146,RORC
Set 2,TH17-01,Th17 cell,Immune,37,BTK,0.616808,1.17,program_neighbor,440,0.6769,STAT3
Set 2,TH17-01,Th17 cell,Immune,38,SERTAD3,0.610793,1.20,program_neighbor,495,0.7604,STAT3
Set 2,TH17-01,Th17 cell,Immune,39,IFIT5,0.610515,1.23,program_neighbor,438,0.6499,STAT3
Set 2,TH17-01,Th17 cell,Immune,40,PAX5,0.608278,1.26,program_neighbor,140,0.9524,RORC
Set 2,TH17-01,Th17 cell,Immune,41,GADD45A,0.607565,1.30,novel_prediction,0,0.0000,
Set 2,TH17-01,Th17 cell,Immune,42,ACTN4,0.606427,1.33,program_neighbor,10,0.0610,RORC
Set 2,TH17-01,Th17 cell,Immune,43,CABIN1,0.604773,1.36,program_neighbor,95,0.4695,RORC
Set 2,TH17-01,Th17 cell,Immune,44,POLR3D,0.604154,1.39,program_neighbor,495,0.7615,STAT3
Set 2,TH17-01,Th17 cell,Immune,45,PBXIP1,0.603741,1.42,program_neighbor,495,0.5103,STAT3
Set 2,TH17-01,Th17 cell,Immune,46,IKZF4,0.601784,1.45,program_neighbor,140,1.0000,RORC
Set 2,TH17-01,Th17 cell,Immune,47,ILF2,0.600639,1.48,program_neighbor,1,0.0015,STAT3
Set 2,TH17-01,Th17 cell,Immune,48,HEXIM1,0.597321,1.52,program_neighbor,449,0.6908,STAT3
Set 2,TH17-01,Th17 cell,Immune,49,BATF,0.597255,1.55,program_neighbor,140,1.0000,RORC
Set 2,TH17-01,Th17 cell,Immune,50,IRF7,0.597110,1.58,program_neighbor,439,0.6602,STAT3
Set 2,MAST-01,Mast cell,Immune,1,KLF1,0.838101,0.03,program_neighbor,176,1.0000,GATA1
Set 2,MAST-01,Mast cell,Immune,2,PADI4,0.829115,0.06,program_neighbor,140,0.2823,GATA2
Set 2,MAST-01,Mast cell,Immune,3,GATA1,0.826980,0.09,known_factor,176,1.0000,GATA1
Set 2,MAST-01,Mast cell,Immune,4,CEBPE,0.817301,0.13,program_neighbor,140,0.2828,GATA2
Set 2,MAST-01,Mast cell,Immune,5,TLR8,0.810425,0.16,program_neighbor,83,0.1670,GATA2
Set 2,MAST-01,Mast cell,Immune,6,CR2,0.809302,0.19,program_neighbor,84,0.1697,GATA2
Set 2,MAST-01,Mast cell,Immune,7,EOMES,0.797079,0.22,program_neighbor,140,0.9929,GATA2
Set 2,MAST-01,Mast cell,Immune,8,BATF,0.779851,0.25,program_neighbor,140,1.0000,GATA2
Set 2,MAST-01,Mast cell,Immune,9,SPIB,0.772375,0.28,program_neighbor,140,1.0000,GATA2
Set 2,MAST-01,Mast cell,Immune,10,AKNA,0.764650,0.32,program_neighbor,96,0.4683,GATA2
Set 2,MAST-01,Mast cell,Immune,11,TCF7,0.761419,0.35,program_neighbor,176,0.3183,GATA1
Set 2,MAST-01,Mast cell,Immune,12,HHEX,0.736661,0.38,program_neighbor,152,0.5738,GATA2
Set 2,MAST-01,Mast cell,Immune,13,ARID3A,0.728176,0.41,program_neighbor,140,0.9211,GATA2
Set 2,MAST-01,Mast cell,Immune,14,NLRC5,0.727233,0.44,program_neighbor,84,0.1694,GATA2
Set 2,MAST-01,Mast cell,Immune,15,HLX,0.725146,0.47,program_neighbor,29,0.1036,MITF
Set 2,MAST-01,Mast cell,Immune,16,BATF3,0.718962,0.51,program_neighbor,140,1.0000,GATA2
Set 2,MAST-01,Mast cell,Immune,17,IRF5,0.717883,0.54,program_neighbor,105,0.1937,GATA2
Set 2,MAST-01,Mast cell,Immune,18,TXK,0.703863,0.57,program_neighbor,6,0.0306,MITF
Set 2,MAST-01,Mast cell,Immune,19,STAT4,0.701889,0.60,program_neighbor,140,0.2823,GATA2
Set 2,MAST-01,Mast cell,Immune,20,CD274,0.699713,0.63,program_neighbor,102,0.1548,MITF
Set 2,MAST-01,Mast cell,Immune,21,NFATC2,0.698304,0.66,program_neighbor,140,0.8092,GATA2
Set 2,MAST-01,Mast cell,Immune,22,MEIS1,0.694156,0.69,program_neighbor,140,0.9929,GATA2
Set 2,MAST-01,Mast cell,Immune,23,GLI2,0.689729,0.73,program_neighbor,176,0.9832,GATA1
Set 2,MAST-01,Mast cell,Immune,24,FEZF2,0.685762,0.76,program_neighbor,140,0.9929,GATA2
Set 2,MAST-01,Mast cell,Immune,25,ZFAT,0.681231,0.79,program_neighbor,140,0.9859,GATA2
Set 2,MAST-01,Mast cell,Immune,26,ARID5A,0.675055,0.82,program_neighbor,85,0.1717,GATA2
Set 2,MAST-01,Mast cell,Immune,27,GFI1,0.674246,0.85,program_neighbor,140,1.0000,GATA2
Set 2,MAST-01,Mast cell,Immune,28,ELF1,0.673782,0.88,program_neighbor,140,0.8140,GATA2
Set 2,MAST-01,Mast cell,Immune,29,MSC,0.673429,0.92,program_neighbor,140,1.0000,GATA2
Set 2,MAST-01,Mast cell,Immune,30,RAG2,0.672789,0.95,program_neighbor,4,0.0286,GATA2
Set 2,MAST-01,Mast cell,Immune,31,MLF1,0.672579,0.98,program_neighbor,140,1.0000,GATA2
Set 2,MAST-01,Mast cell,Immune,32,SPI1,0.671983,1.01,program_neighbor,140,1.0000,GATA2
Set 2,MAST-01,Mast cell,Immune,33,ZNF589,0.656377,1.04,program_neighbor,140,1.0000,GATA2
Set 2,MAST-01,Mast cell,Immune,34,IFI16,0.654711,1.07,program_neighbor,119,0.2241,GATA1
Set 2,MAST-01,Mast cell,Immune,35,EBF1,0.650344,1.11,program_neighbor,140,1.0000,GATA2
Set 2,MAST-01,Mast cell,Immune,36,SERPINA3,0.643003,1.14,program_neighbor,83,0.1677,GATA2
Set 2,MAST-01,Mast cell,Immune,37,SOX13,0.642900,1.17,program_neighbor,140,0.8187,GATA2
Set 2,MAST-01,Mast cell,Immune,38,KLF3,0.641090,1.20,program_neighbor,140,1.0000,GATA2
Set 2,MAST-01,Mast cell,Immune,39,KLF13,0.637078,1.23,program_neighbor,88,0.5146,GATA2
Set 2,MAST-01,Mast cell,Immune,40,CDCA4,0.636698,1.26,program_neighbor,3,0.0135,GATA1
Set 2,MAST-01,Mast cell,Immune,41,FASLG,0.634128,1.30,program_neighbor,65,0.2321,MITF
Set 2,MAST-01,Mast cell,Immune,42,IKZF1,0.632695,1.33,program_neighbor,140,0.9929,GATA2
Set 2,MAST-01,Mast cell,Immune,43,CXXC5,0.629634,1.36,program_neighbor,7,0.0320,GATA1
Set 2,MAST-01,Mast cell,Immune,44,KLF6,0.625583,1.39,program_neighbor,140,1.0000,GATA2
Set 2,MAST-01,Mast cell,Immune,45,IKZF3,0.623511,1.42,program_neighbor,140,1.0000,GATA2
Set 2,MAST-01,Mast cell,Immune,46,ACTN4,0.623417,1.45,program_neighbor,10,0.0610,GATA2
Set 2,MAST-01,Mast cell,Immune,47,JMJD6,0.619409,1.48,program_neighbor,113,0.4956,GATA1
Set 2,MAST-01,Mast cell,Immune,48,STAT5B,0.617007,1.52,program_neighbor,176,0.3308,GATA1
Set 2,MAST-01,Mast cell,Immune,49,POLR3F,0.615279,1.55,program_neighbor,140,0.2828,GATA2
Set 2,MAST-01,Mast cell,Immune,50,BRD1,0.613843,1.58,program_neighbor,140,1.0000,GATA2
Set 2,MEGAKARY-01,Megakaryocyte,Blood,1,APLP2,0.650876,0.03,program_neighbor,8,0.0169,LMO2
Set 2,MEGAKARY-01,Megakaryocyte,Blood,2,ELANE,0.598530,0.06,program_neighbor,36,0.2045,GATA1
Set 2,MEGAKARY-01,Megakaryocyte,Blood,3,PADI4,0.564422,0.09,program_neighbor,146,0.2823,ETV6
Set 2,MEGAKARY-01,Megakaryocyte,Blood,4,MPO,0.550265,0.13,program_neighbor,126,0.2210,GATA1
Set 2,MEGAKARY-01,Megakaryocyte,Blood,5,NLRP3,0.532697,0.16,program_neighbor,217,0.2716,GATA1
Set 2,MEGAKARY-01,Megakaryocyte,Blood,6,TLR8,0.526043,0.19,program_neighbor,89,0.1670,ETV6
Set 2,MEGAKARY-01,Megakaryocyte,Blood,7,CEBPE,0.525488,0.22,program_neighbor,146,0.2828,ETV6
Set 2,MEGAKARY-01,Megakaryocyte,Blood,8,OASL,0.515139,0.25,program_neighbor,89,0.1677,ETV6
Set 2,MEGAKARY-01,Megakaryocyte,Blood,9,IKZF1,0.494880,0.28,program_neighbor,140,0.9929,ETV6
Set 2,MEGAKARY-01,Megakaryocyte,Blood,10,TBX21,0.494303,0.32,program_neighbor,3,0.0204,LMO2
Set 2,MEGAKARY-01,Megakaryocyte,Blood,11,SPI1,0.493849,0.35,program_neighbor,140,1.0000,ETV6
Set 2,MEGAKARY-01,Megakaryocyte,Blood,12,KLF1,0.485692,0.38,program_neighbor,176,1.0000,GATA1
Set 2,MEGAKARY-01,Megakaryocyte,Blood,13,GATA1,0.481623,0.41,known_factor,176,1.0000,GATA1
Set 2,MEGAKARY-01,Megakaryocyte,Blood,14,NFE2,0.481549,0.44,program_neighbor,140,1.0000,ETV6
Set 2,MEGAKARY-01,Megakaryocyte,Blood,15,LTF,0.481516,0.47,program_neighbor,125,0.2241,GATA1
Set 2,MEGAKARY-01,Megakaryocyte,Blood,16,SNAI3,0.472609,0.51,program_neighbor,140,1.0000,ETV6
Set 2,MEGAKARY-01,Megakaryocyte,Blood,17,LYL1,0.463157,0.54,program_neighbor,173,0.9194,ERG
Set 2,MEGAKARY-01,Megakaryocyte,Blood,18,IRF1,0.462370,0.57,program_neighbor,182,0.3315,GATA1
Set 2,MEGAKARY-01,Megakaryocyte,Blood,19,NFE4,0.454398,0.60,program_neighbor,140,1.0000,ETV6
Set 2,MEGAKARY-01,Megakaryocyte,Blood,20,BTK,0.453505,0.63,program_neighbor,90,0.1690,TAL1
Set 2,MEGAKARY-01,Megakaryocyte,Blood,21,NLRC5,0.451533,0.66,program_neighbor,90,0.1694,ETV6
Set 2,MEGAKARY-01,Megakaryocyte,Blood,22,TCF7,0.445841,0.69,program_neighbor,182,0.3183,GATA1
Set 2,MEGAKARY-01,Megakaryocyte,Blood,23,IRF7,0.430898,0.73,program_neighbor,90,0.1647,ETV6
Set 2,MEGAKARY-01,Megakaryocyte,Blood,24,AKNA,0.428349,0.76,program_neighbor,128,0.6195,ERG
Set 2,MEGAKARY-01,Megakaryocyte,Blood,25,RUNX3,0.427605,0.79,program_neighbor,142,0.9097,TAL1
Set 2,MEGAKARY-01,Megakaryocyte,Blood,26,TXK,0.421282,0.82,program_neighbor,1,0.0159,LMO2
Set 2,MEGAKARY-01,Megakaryocyte,Blood,27,IL16,0.420619,0.85,program_neighbor,92,0.1727,ETV6
Set 2,MEGAKARY-01,Megakaryocyte,Blood,28,ZNF467,0.419522,0.88,program_neighbor,140,1.0000,ETV6
Set 2,MEGAKARY-01,Megakaryocyte,Blood,29,AIM2,0.415531,0.92,program_neighbor,126,0.2210,GATA1
Set 2,MEGAKARY-01,Megakaryocyte,Blood,30,SP110,0.415456,0.95,program_neighbor,126,0.2260,GATA1
Set 2,MEGAKARY-01,Megakaryocyte,Blood,31,BATF,0.414718,0.98,program_neighbor,140,1.0000,ETV6
Set 2,MEGAKARY-01,Megakaryocyte,Blood,32,MXD1,0.413600,1.01,program_neighbor,37,0.1968,GATA1
Set 2,MEGAKARY-01,Megakaryocyte,Blood,33,STAT4,0.412642,1.04,program_neighbor,146,0.2823,ETV6
Set 2,MEGAKARY-01,Megakaryocyte,Blood,34,E2F2,0.409286,1.07,program_neighbor,176,1.0000,GATA1
Set 2,MEGAKARY-01,Megakaryocyte,Blood,35,TRIM25,0.408993,1.11,program_neighbor,125,0.2241,GATA1
Set 2,MEGAKARY-01,Megakaryocyte,Blood,36,ARID3A,0.408719,1.14,program_neighbor,141,0.9276,TAL1
Set 2,MEGAKARY-01,Megakaryocyte,Blood,37,ARID5A,0.404584,1.17,program_neighbor,91,0.1717,ETV6
Set 2,MEGAKARY-01,Megakaryocyte,Blood,38,LPXN,0.402447,1.20,program_neighbor,57,0.0801,ERG
Set 2,MEGAKARY-01,Megakaryocyte,Blood,39,SP140,0.401995,1.23,program_neighbor,128,0.2224,GATA1
Set 2,MEGAKARY-01,Megakaryocyte,Blood,40,IRF5,0.399293,1.26,program_neighbor,144,0.2509,ERG
Set 2,MEGAKARY-01,Megakaryocyte,Blood,41,SVEP1,0.394786,1.30,program_neighbor,1,0.0071,ETV6
Set 2,MEGAKARY-01,Megakaryocyte,Blood,42,FASLG,0.394317,1.33,program_neighbor,87,0.1893,GATA1
Set 2,MEGAKARY-01,Megakaryocyte,Blood,43,FOXP3,0.390567,1.36,program_neighbor,146,0.2828,ETV6
Set 2,MEGAKARY-01,Megakaryocyte,Blood,44,MAP2K6,0.389621,1.39,program_neighbor,87,0.1893,GATA1
Set 2,MEGAKARY-01,Megakaryocyte,Blood,45,GFI1,0.385015,1.42,program_neighbor,140,1.0000,ETV6
Set 2,MEGAKARY-01,Megakaryocyte,Blood,46,TRIM21,0.384968,1.45,program_neighbor,125,0.2241,GATA1
Set 2,MEGAKARY-01,Megakaryocyte,Blood,47,FOXA2,0.384297,1.48,program_neighbor,142,0.6878,TAL1
Set 2,MEGAKARY-01,Megakaryocyte,Blood,48,RELB,0.384067,1.52,program_neighbor,146,0.2828,ETV6
Set 2,MEGAKARY-01,Megakaryocyte,Blood,49,IRF8,0.383640,1.55,program_neighbor,182,0.3315,GATA1
Set 2,MEGAKARY-01,Megakaryocyte,Blood,50,CEBPB,0.382579,1.58,program_neighbor,146,0.2828,ETV6
Set 2,PLASMA-01,Plasma cell,Immune,1,TLR8,0.830730,0.03,program_neighbor,438,0.8795,PRDM1
Set 2,PLASMA-01,Plasma cell,Immune,2,CR2,0.821529,0.06,program_neighbor,439,0.8851,PRDM1
Set 2,PLASMA-01,Plasma cell,Immune,3,SPIB,0.805867,0.09,program_neighbor,140,0.2823,PRDM1
Set 2,PLASMA-01,Plasma cell,Immune,4,EOMES,0.796855,0.13,program_neighbor,140,0.2817,PRDM1
Set 2,PLASMA-01,Plasma cell,Immune,5,TCF7,0.788356,0.16,program_neighbor,538,0.9590,XBP1
Set 2,PLASMA-01,Plasma cell,Immune,6,IRF5,0.767507,0.19,program_neighbor,460,0.8471,PRDM1
Set 2,PLASMA-01,Plasma cell,Immune,7,ARID3A,0.756997,0.22,program_neighbor,151,0.2761,XBP1
Set 2,PLASMA-01,Plasma cell,Immune,8,AKNA,0.753388,0.25,program_neighbor,98,0.1750,IRF4
Set 2,PLASMA-01,Plasma cell,Immune,9,NLRC5,0.747502,0.28,program_neighbor,439,0.8833,PRDM1
Set 2,PLASMA-01,Plasma cell,Immune,10,TXK,0.723554,0.32,novel_prediction,0,0.0000,
Set 2,PLASMA-01,Plasma cell,Immune,11,BATF3,0.722002,0.35,program_neighbor,140,0.2823,PRDM1
Set 2,PLASMA-01,Plasma cell,Immune,12,ARID5A,0.715503,0.38,program_neighbor,440,0.8871,PRDM1
Set 2,PLASMA-01,Plasma cell,Immune,13,NFATC2,0.713423,0.41,program_neighbor,141,0.2670,PRDM1
Set 2,PLASMA-01,Plasma cell,Immune,14,CD274,0.709478,0.44,program_neighbor,446,0.7147,IRF4
Set 2,PLASMA-01,Plasma cell,Immune,15,ZFAT,0.689599,0.47,program_neighbor,140,0.2811,PRDM1
Set 2,PLASMA-01,Plasma cell,Immune,16,PADI4,0.688360,0.51,program_neighbor,496,1.0000,PRDM1
Set 2,PLASMA-01,Plasma cell,Immune,17,FEZF2,0.686840,0.54,program_neighbor,140,0.2817,PRDM1
Set 2,PLASMA-01,Plasma cell,Immune,18,GLI2,0.686831,0.57,program_neighbor,177,0.3206,XBP1
Set 2,PLASMA-01,Plasma cell,Immune,19,MSC,0.681164,0.60,program_neighbor,140,0.2823,PRDM1
Set 2,PLASMA-01,Plasma cell,Immune,20,EBF1,0.671996,0.63,program_neighbor,140,0.2823,PRDM1
Set 2,PLASMA-01,Plasma cell,Immune,21,ELF1,0.665231,0.66,program_neighbor,140,0.2652,PRDM1
Set 2,PLASMA-01,Plasma cell,Immune,22,SBNO1,0.657394,0.69,program_neighbor,498,0.9920,PRDM1
Set 2,PLASMA-01,Plasma cell,Immune,23,FASLG,0.656872,0.73,program_neighbor,54,0.0815,XBP1
Set 2,PLASMA-01,Plasma cell,Immune,24,POLR3F,0.655970,0.76,program_neighbor,495,0.9980,PRDM1
Set 2,PLASMA-01,Plasma cell,Immune,25,RAG2,0.653696,0.79,program_neighbor,4,0.0081,PRDM1
Set 2,PLASMA-01,Plasma cell,Immune,26,KLF6,0.652544,0.82,program_neighbor,140,0.2823,PRDM1
Set 2,PLASMA-01,Plasma cell,Immune,27,IKZF3,0.650001,0.85,program_neighbor,140,0.2823,PRDM1
Set 2,PLASMA-01,Plasma cell,Immune,28,SOX13,0.649705,0.88,program_neighbor,140,0.2657,PRDM1
Set 2,PLASMA-01,Plasma cell,Immune,29,PAX5,0.631533,0.92,program_neighbor,147,0.2783,PRDM1
Set 2,PLASMA-01,Plasma cell,Immune,30,BCL6B,0.629769,0.95,program_neighbor,36,0.0659,XBP1
Set 2,PLASMA-01,Plasma cell,Immune,31,PSPC1,0.629517,0.98,program_neighbor,495,0.9980,PRDM1
Set 2,PLASMA-01,Plasma cell,Immune,32,TBX21,0.628354,1.01,program_neighbor,13,0.0225,PRDM1
Set 2,PLASMA-01,Plasma cell,Immune,33,POLR3C,0.627459,1.04,program_neighbor,495,0.9960,PRDM1
Set 2,PLASMA-01,Plasma cell,Immune,34,KLF13,0.620651,1.07,program_neighbor,88,0.1670,PRDM1
Set 2,PLASMA-01,Plasma cell,Immune,35,RUNX3,0.617828,1.11,program_neighbor,140,0.2740,PRDM1
Set 2,PLASMA-01,Plasma cell,Immune,36,CABIN1,0.616878,1.14,program_neighbor,83,0.1522,IRF4
Set 2,PLASMA-01,Plasma cell,Immune,37,G3BP1,0.613781,1.17,program_neighbor,438,0.8111,PRDM1
Set 2,PLASMA-01,Plasma cell,Immune,38,ZFP90,0.609110,1.20,program_neighbor,140,0.2823,PRDM1
Set 2,PLASMA-01,Plasma cell,Immune,39,SERTAD3,0.608812,1.23,program_neighbor,496,1.0000,PRDM1
Set 2,PLASMA-01,Plasma cell,Immune,40,IKZF4,0.607665,1.26,program_neighbor,140,0.2823,PRDM1
Set 2,PLASMA-01,Plasma cell,Immune,41,GADD45A,0.606175,1.30,program_neighbor,36,0.0644,XBP1
Set 2,PLASMA-01,Plasma cell,Immune,42,POLR3D,0.603284,1.33,program_neighbor,495,0.9980,PRDM1
Set 2,PLASMA-01,Plasma cell,Immune,43,BATF,0.603136,1.36,program_neighbor,140,0.2823,PRDM1
Set 2,PLASMA-01,Plasma cell,Immune,44,RBM14,0.601557,1.39,program_neighbor,496,0.8596,XBP1
Set 2,PLASMA-01,Plasma cell,Immune,45,BTK,0.599527,1.42,program_neighbor,439,0.8815,IRF4
Set 2,PLASMA-01,Plasma cell,Immune,46,PBXIP1,0.599030,1.45,program_neighbor,495,0.6066,PRDM1
Set 2,PLASMA-01,Plasma cell,Immune,47,SOX12,0.596157,1.48,program_neighbor,13,0.0223,XBP1
Set 2,PLASMA-01,Plasma cell,Immune,48,ACTN4,0.596150,1.52,program_neighbor,10,0.0192,PRDM1
Set 2,PLASMA-01,Plasma cell,Immune,49,ACTN1,0.591110,1.55,program_neighbor,1,0.0019,PRDM1
Set 2,PLASMA-01,Plasma cell,Immune,50,IFIT5,0.586325,1.58,program_neighbor,438,0.8423,PRDM1
Set 2,MAMMARY-01,Mammary epithelial,Epithelial,1,PKP1,0.824569,0.03,program_neighbor,158,0.2351,SOX9
Set 2,MAMMARY-01,Mammary epithelial,Epithelial,2,SP8,0.820884,0.06,program_neighbor,11,0.0559,SNAI2
Set 2,MAMMARY-01,Mammary epithelial,Epithelial,3,GRHL3,0.808597,0.09,program_neighbor,164,0.6965,SNAI2
Set 2,MAMMARY-01,Mammary epithelial,Epithelial,4,IRF6,0.792485,0.13,program_neighbor,140,0.2632,SNAI2
Set 2,MAMMARY-01,Mammary epithelial,Epithelial,5,ZNF750,0.772385,0.16,program_neighbor,1,0.0056,SNAI2
Set 2,MAMMARY-01,Mammary epithelial,Epithelial,6,EN1,0.754200,0.19,program_neighbor,82,0.2697,SOX9
Set 2,MAMMARY-01,Mammary epithelial,Epithelial,7,BARX2,0.735398,0.22,program_neighbor,164,0.6965,SNAI2
Set 2,MAMMARY-01,Mammary epithelial,Epithelial,8,ETV4,0.706648,0.25,program_neighbor,1,0.0056,SNAI2
Set 2,MAMMARY-01,Mammary epithelial,Epithelial,9,HOXC13,0.697425,0.28,program_neighbor,140,0.7865,SNAI2
Set 2,MAMMARY-01,Mammary epithelial,Epithelial,10,ELF5,0.697058,0.32,program_neighbor,140,0.7910,SNAI2
Set 2,MAMMARY-01,Mammary epithelial,Epithelial,11,POU2F3,0.668688,0.35,program_neighbor,140,0.7910,SNAI2
Set 2,MAMMARY-01,Mammary epithelial,Epithelial,12,RECQL4,0.649529,0.38,program_neighbor,29,0.1025,SNAI2
Set 2,MAMMARY-01,Mammary epithelial,Epithelial,13,BARX1,0.641382,0.41,program_neighbor,140,0.7910,SNAI2
Set 2,MAMMARY-01,Mammary epithelial,Epithelial,14,UBTFL1,0.640680,0.44,program_neighbor,1,0.0033,SOX9
Set 2,MAMMARY-01,Mammary epithelial,Epithelial,15,BNC2,0.638389,0.47,program_neighbor,140,0.7821,SNAI2
Set 2,MAMMARY-01,Mammary epithelial,Epithelial,16,ZIC5,0.638123,0.51,program_neighbor,141,0.7865,SNAI2
Set 2,MAMMARY-01,Mammary epithelial,Epithelial,17,GRHL1,0.637532,0.54,program_neighbor,141,0.7865,SNAI2
Set 2,MAMMARY-01,Mammary epithelial,Epithelial,18,SP9,0.633444,0.57,program_neighbor,8,0.0231,SOX9
Set 2,MAMMARY-01,Mammary epithelial,Epithelial,19,TBX6,0.628148,0.60,program_neighbor,6,0.0176,SNAI2
Set 2,MAMMARY-01,Mammary epithelial,Epithelial,20,KLF4,0.626142,0.63,known_cofactor,186,0.6167,SNAI2
Set 2,MAMMARY-01,Mammary epithelial,Epithelial,21,TCF7L1,0.621768,0.66,program_neighbor,191,0.6400,SNAI2
Set 2,MAMMARY-01,Mammary epithelial,Epithelial,22,CTNND1,0.611065,0.69,program_neighbor,1,0.0015,SOX9
Set 2,MAMMARY-01,Mammary epithelial,Epithelial,23,ZBED2,0.611016,0.73,program_neighbor,11,0.0365,SNAI2
Set 2,MAMMARY-01,Mammary epithelial,Epithelial,24,KLF9,0.606821,0.76,program_neighbor,140,0.7910,SNAI2
Set 2,MAMMARY-01,Mammary epithelial,Epithelial,25,TP63,0.605810,0.79,program_neighbor,176,0.9944,SNAI2
Set 2,MAMMARY-01,Mammary epithelial,Epithelial,26,BNC1,0.593220,0.82,program_neighbor,78,0.4358,SNAI2
Set 2,MAMMARY-01,Mammary epithelial,Epithelial,27,ASCL4,0.591265,0.85,program_neighbor,5,0.0143,SOX9
Set 2,MAMMARY-01,Mammary epithelial,Epithelial,28,PPHLN1,0.577921,0.88,program_neighbor,1,0.0033,SOX9
Set 2,MAMMARY-01,Mammary epithelial,Epithelial,29,ALX4,0.576882,0.92,program_neighbor,173,0.6620,SNAI2
Set 2,MAMMARY-01,Mammary epithelial,Epithelial,30,SRSF6,0.571687,0.95,novel_prediction,0,0.0000,
Set 2,MAMMARY-01,Mammary epithelial,Epithelial,31,HOXC12,0.565388,0.98,program_neighbor,10,0.0562,SNAI2
Set 2,MAMMARY-01,Mammary epithelial,Epithelial,32,JUP,0.548136,1.01,program_neighbor,24,0.0364,SOX9
Set 2,MAMMARY-01,Mammary epithelial,Epithelial,33,OVOL2,0.541266,1.04,program_neighbor,140,0.7910,SNAI2
Set 2,MAMMARY-01,Mammary epithelial,Epithelial,34,PPP1R13L,0.539931,1.07,program_neighbor,141,0.5117,SNAI2
Set 2,MAMMARY-01,Mammary epithelial,Epithelial,35,GRHL2,0.529492,1.11,program_neighbor,141,0.2650,SNAI2
Set 2,MAMMARY-01,Mammary epithelial,Epithelial,36,IRX4,0.520984,1.14,program_neighbor,10,0.0559,SNAI2
Set 2,MAMMARY-01,Mammary epithelial,Epithelial,37,FOXN1,0.511735,1.17,program_neighbor,85,0.1598,SNAI2
Set 2,MAMMARY-01,Mammary epithelial,Epithelial,38,IRX2,0.505111,1.20,novel_prediction,0,0.0000,
Set 2,MAMMARY-01,Mammary epithelial,Epithelial,39,POU3F1,0.504495,1.23,program_neighbor,140,0.7865,SNAI2
Set 2,MAMMARY-01,Mammary epithelial,Epithelial,40,WNT4,0.498701,1.26,program_neighbor,10,0.0565,SNAI2
Set 2,MAMMARY-01,Mammary epithelial,Epithelial,41,FOXQ1,0.489401,1.30,known_cofactor,10,0.0565,SNAI2
Set 2,MAMMARY-01,Mammary epithelial,Epithelial,42,TWIST2,0.476025,1.33,program_neighbor,176,0.9944,SNAI2
Set 2,MAMMARY-01,Mammary epithelial,Epithelial,43,DLX3,0.474877,1.36,program_neighbor,140,0.7910,SNAI2
Set 2,MAMMARY-01,Mammary epithelial,Epithelial,44,GATA3,0.473941,1.39,program_neighbor,244,0.3703,SOX9
Set 2,MAMMARY-01,Mammary epithelial,Epithelial,45,CITED1,0.472012,1.42,program_neighbor,176,0.9944,SNAI2
Set 2,MAMMARY-01,Mammary epithelial,Epithelial,46,OTX1,0.470531,1.45,program_neighbor,1,0.0033,SOX9
Set 2,MAMMARY-01,Mammary epithelial,Epithelial,47,SRY,0.469619,1.48,program_neighbor,209,0.8119,SNAI2
Set 2,MAMMARY-01,Mammary epithelial,Epithelial,48,BCL11B,0.467986,1.52,program_neighbor,178,0.9888,SNAI2
Set 2,MAMMARY-01,Mammary epithelial,Epithelial,49,MYCL,0.466683,1.55,program_neighbor,140,0.7910,SNAI2
Set 2,MAMMARY-01,Mammary epithelial,Epithelial,50,TFAP2A,0.463373,1.58,program_neighbor,176,0.9944,SNAI2
Set 2,UROTHELIUM-01,Urothelial,Epithelial,1,PKP1,0.824569,0.03,program_neighbor,386,0.5399,PPARG
Set 2,UROTHELIUM-01,Urothelial,Epithelial,2,SP8,0.820884,0.06,program_neighbor,12,0.0704,FOXA1
Set 2,UROTHELIUM-01,Urothelial,Epithelial,3,GRHL3,0.808597,0.09,program_neighbor,144,0.8537,FOXA1
Set 2,UROTHELIUM-01,Urothelial,Epithelial,4,IRF6,0.792485,0.13,program_neighbor,495,0.8609,PPARG
Set 2,UROTHELIUM-01,Urothelial,Epithelial,5,ZNF750,0.772385,0.16,program_neighbor,2,0.0071,FOXA1
Set 2,UROTHELIUM-01,Urothelial,Epithelial,6,EN1,0.754200,0.19,program_neighbor,51,0.2982,FOXA1
Set 2,UROTHELIUM-01,Urothelial,Epithelial,7,BARX2,0.735398,0.22,program_neighbor,144,0.8537,FOXA1
Set 2,UROTHELIUM-01,Urothelial,Epithelial,8,ETV4,0.706648,0.25,program_neighbor,1,0.0071,FOXA1
Set 2,UROTHELIUM-01,Urothelial,Epithelial,9,HOXC13,0.697425,0.28,program_neighbor,141,0.9929,FOXA1
Set 2,UROTHELIUM-01,Urothelial,Epithelial,10,ELF5,0.697058,0.32,program_neighbor,140,1.0000,FOXA1
Set 2,UROTHELIUM-01,Urothelial,Epithelial,11,POU2F3,0.668688,0.35,program_neighbor,140,1.0000,FOXA1
Set 2,UROTHELIUM-01,Urothelial,Epithelial,12,RECQL4,0.649529,0.38,program_neighbor,89,0.1540,PPARG
Set 2,UROTHELIUM-01,Urothelial,Epithelial,13,BARX1,0.641382,0.41,program_neighbor,140,1.0000,FOXA1
Set 2,UROTHELIUM-01,Urothelial,Epithelial,14,UBTFL1,0.640680,0.44,program_neighbor,1,0.0017,PPARG
Set 2,UROTHELIUM-01,Urothelial,Epithelial,15,BNC2,0.638389,0.47,program_neighbor,140,0.9859,FOXA1
Set 2,UROTHELIUM-01,Urothelial,Epithelial,16,ZIC5,0.638123,0.51,program_neighbor,140,0.9929,FOXA1
Set 2,UROTHELIUM-01,Urothelial,Epithelial,17,GRHL1,0.637532,0.54,program_neighbor,141,0.9929,FOXA1
Set 2,UROTHELIUM-01,Urothelial,Epithelial,18,SP9,0.633444,0.57,program_neighbor,12,0.0196,PPARG
Set 2,UROTHELIUM-01,Urothelial,Epithelial,19,TBX6,0.628148,0.60,program_neighbor,18,0.0295,PPARG
Set 2,UROTHELIUM-01,Urothelial,Epithelial,20,KLF4,0.626142,0.63,known_cofactor,144,0.7368,FOXA1
Set 2,UROTHELIUM-01,Urothelial,Epithelial,21,TCF7L1,0.621768,0.66,program_neighbor,142,0.7292,FOXA1
Set 2,UROTHELIUM-01,Urothelial,Epithelial,22,CTNND1,0.611065,0.69,program_neighbor,356,0.6191,PPARG
Set 2,UROTHELIUM-01,Urothelial,Epithelial,23,ZBED2,0.611016,0.73,program_neighbor,16,0.0383,FOXA1
Set 2,UROTHELIUM-01,Urothelial,Epithelial,24,KLF9,0.606821,0.76,program_neighbor,140,1.0000,FOXA1
Set 2,UROTHELIUM-01,Urothelial,Epithelial,25,TP63,0.605810,0.79,program_neighbor,140,0.7955,FOXA1
Set 2,UROTHELIUM-01,Urothelial,Epithelial,26,BNC1,0.593220,0.82,program_neighbor,78,0.5385,FOXA1
Set 2,UROTHELIUM-01,Urothelial,Epithelial,27,ASCL4,0.591265,0.85,program_neighbor,13,0.0212,PPARG
Set 2,UROTHELIUM-01,Urothelial,Epithelial,28,PPHLN1,0.577921,0.88,program_neighbor,1,0.0017,PPARG
Set 2,UROTHELIUM-01,Urothelial,Epithelial,29,ALX4,0.576882,0.92,program_neighbor,145,0.7910,FOXA1
Set 2,UROTHELIUM-01,Urothelial,Epithelial,30,SRSF6,0.571687,0.95,program_neighbor,51,0.0887,PPARG
Set 2,UROTHELIUM-01,Urothelial,Epithelial,31,HOXC12,0.565388,0.98,program_neighbor,11,0.0709,FOXA1
Set 2,UROTHELIUM-01,Urothelial,Epithelial,32,JUP,0.548136,1.01,program_neighbor,359,0.6034,PPARG
Set 2,UROTHELIUM-01,Urothelial,Epithelial,33,OVOL2,0.541266,1.04,program_neighbor,140,1.0000,FOXA1
Set 2,UROTHELIUM-01,Urothelial,Epithelial,34,PPP1R13L,0.539931,1.07,program_neighbor,77,0.3380,FOXA1
Set 2,UROTHELIUM-01,Urothelial,Epithelial,35,GRHL2,0.529492,1.11,program_neighbor,495,0.8594,PPARG
Set 2,UROTHELIUM-01,Urothelial,Epithelial,36,IRX4,0.520984,1.14,program_neighbor,12,0.0704,FOXA1
Set 2,UROTHELIUM-01,Urothelial,Epithelial,37,FOXN1,0.511735,1.17,program_neighbor,440,0.7652,PPARG
Set 2,UROTHELIUM-01,Urothelial,Epithelial,38,IRX2,0.505111,1.20,program_neighbor,1,0.0017,PPARG
Set 2,UROTHELIUM-01,Urothelial,Epithelial,39,POU3F1,0.504495,1.23,program_neighbor,141,0.9929,FOXA1
Set 2,UROTHELIUM-01,Urothelial,Epithelial,40,WNT4,0.498701,1.26,program_neighbor,10,0.0714,FOXA1
Set 2,UROTHELIUM-01,Urothelial,Epithelial,41,FOXQ1,0.489401,1.30,known_cofactor,10,0.0714,FOXA1
Set 2,UROTHELIUM-01,Urothelial,Epithelial,42,TWIST2,0.476025,1.33,program_neighbor,140,0.7955,FOXA1
Set 2,UROTHELIUM-01,Urothelial,Epithelial,43,DLX3,0.474877,1.36,program_neighbor,140,1.0000,FOXA1
Set 2,UROTHELIUM-01,Urothelial,Epithelial,44,GATA3,0.473941,1.39,program_neighbor,495,0.7290,PPARG
Set 2,UROTHELIUM-01,Urothelial,Epithelial,45,CITED1,0.472012,1.42,program_neighbor,140,0.7955,FOXA1
Set 2,UROTHELIUM-01,Urothelial,Epithelial,46,OTX1,0.470531,1.45,program_neighbor,1,0.0017,PPARG
Set 2,UROTHELIUM-01,Urothelial,Epithelial,47,SRY,0.469619,1.48,program_neighbor,150,0.6422,FOXA1
Set 2,UROTHELIUM-01,Urothelial,Epithelial,48,BCL11B,0.467986,1.52,program_neighbor,142,0.7821,FOXA1
Set 2,UROTHELIUM-01,Urothelial,Epithelial,49,MYCL,0.466683,1.55,program_neighbor,140,1.0000,FOXA1
Set 2,UROTHELIUM-01,Urothelial,Epithelial,50,TFAP2A,0.463373,1.58,program_neighbor,140,0.7955,FOXA1
Set 2,THYMOCYTE-01,T cell progenitor,Immune,1,TLR8,0.849886,0.03,novel_prediction,0,0.0000,
Set 2,THYMOCYTE-01,T cell progenitor,Immune,2,CR2,0.833941,0.06,novel_prediction,0,0.0000,
Set 2,THYMOCYTE-01,T cell progenitor,Immune,3,TCF7,0.789754,0.09,novel_prediction,0,0.0000,
Set 2,THYMOCYTE-01,T cell progenitor,Immune,4,EOMES,0.786100,0.13,novel_prediction,0,0.0000,
Set 2,THYMOCYTE-01,T cell progenitor,Immune,5,NLRC5,0.784932,0.16,novel_prediction,0,0.0000,
Set 2,THYMOCYTE-01,T cell progenitor,Immune,6,SPIB,0.781723,0.19,novel_prediction,0,0.0000,
Set 2,THYMOCYTE-01,T cell progenitor,Immune,7,IRF5,0.774231,0.22,novel_prediction,0,0.0000,
Set 2,THYMOCYTE-01,T cell progenitor,Immune,8,ARID3A,0.758624,0.25,novel_prediction,0,0.0000,
Set 2,THYMOCYTE-01,T cell progenitor,Immune,9,TXK,0.752645,0.28,novel_prediction,0,0.0000,
Set 2,THYMOCYTE-01,T cell progenitor,Immune,10,AKNA,0.751169,0.32,novel_prediction,0,0.0000,
Set 2,THYMOCYTE-01,T cell progenitor,Immune,11,CD274,0.742486,0.35,novel_prediction,0,0.0000,
Set 2,THYMOCYTE-01,T cell progenitor,Immune,12,ARID5A,0.728006,0.38,novel_prediction,0,0.0000,
Set 2,THYMOCYTE-01,T cell progenitor,Immune,13,PADI4,0.721951,0.41,novel_prediction,0,0.0000,
Set 2,THYMOCYTE-01,T cell progenitor,Immune,14,NFATC2,0.713541,0.44,novel_prediction,0,0.0000,
Set 2,THYMOCYTE-01,T cell progenitor,Immune,15,FEZF2,0.704584,0.47,novel_prediction,0,0.0000,
Set 2,THYMOCYTE-01,T cell progenitor,Immune,16,MSC,0.704358,0.51,novel_prediction,0,0.0000,
Set 2,THYMOCYTE-01,T cell progenitor,Immune,17,BATF3,0.701869,0.54,novel_prediction,0,0.0000,
Set 2,THYMOCYTE-01,T cell progenitor,Immune,18,TBX21,0.687202,0.57,novel_prediction,0,0.0000,
Set 2,THYMOCYTE-01,T cell progenitor,Immune,19,GLI2,0.685786,0.60,novel_prediction,0,0.0000,
Set 2,THYMOCYTE-01,T cell progenitor,Immune,20,ZFAT,0.672952,0.63,novel_prediction,0,0.0000,
Set 2,THYMOCYTE-01,T cell progenitor,Immune,21,EBF1,0.670075,0.66,novel_prediction,0,0.0000,
Set 2,THYMOCYTE-01,T cell progenitor,Immune,22,BCL6B,0.662948,0.69,novel_prediction,0,0.0000,
Set 2,THYMOCYTE-01,T cell progenitor,Immune,23,POLR3F,0.660364,0.73,novel_prediction,0,0.0000,
Set 2,THYMOCYTE-01,T cell progenitor,Immune,24,FASLG,0.660170,0.76,novel_prediction,0,0.0000,
Set 2,THYMOCYTE-01,T cell progenitor,Immune,25,SBNO1,0.649915,0.79,novel_prediction,0,0.0000,
Set 2,THYMOCYTE-01,T cell progenitor,Immune,26,G3BP1,0.647549,0.82,novel_prediction,0,0.0000,
Set 2,THYMOCYTE-01,T cell progenitor,Immune,27,ELF1,0.644201,0.85,novel_prediction,0,0.0000,
Set 2,THYMOCYTE-01,T cell progenitor,Immune,28,RAG2,0.644054,0.88,novel_prediction,0,0.0000,
Set 2,THYMOCYTE-01,T cell progenitor,Immune,29,IKZF3,0.643712,0.92,novel_prediction,0,0.0000,
Set 2,THYMOCYTE-01,T cell progenitor,Immune,30,GADD45A,0.641554,0.95,novel_prediction,0,0.0000,
Set 2,THYMOCYTE-01,T cell progenitor,Immune,31,ACTN1,0.638217,0.98,novel_prediction,0,0.0000,
Set 2,THYMOCYTE-01,T cell progenitor,Immune,32,RUNX3,0.637305,1.01,novel_prediction,0,0.0000,
Set 2,THYMOCYTE-01,T cell progenitor,Immune,33,PSPC1,0.630549,1.04,novel_prediction,0,0.0000,
Set 2,THYMOCYTE-01,T cell progenitor,Immune,34,SOX13,0.630534,1.07,novel_prediction,0,0.0000,
Set 2,THYMOCYTE-01,T cell progenitor,Immune,35,KLF6,0.629483,1.11,novel_prediction,0,0.0000,
Set 2,THYMOCYTE-01,T cell progenitor,Immune,36,POLR3C,0.623040,1.14,novel_prediction,0,0.0000,
Set 2,THYMOCYTE-01,T cell progenitor,Immune,37,KLF13,0.622081,1.17,novel_prediction,0,0.0000,
Set 2,THYMOCYTE-01,T cell progenitor,Immune,38,BTK,0.618516,1.20,novel_prediction,0,0.0000,
Set 2,THYMOCYTE-01,T cell progenitor,Immune,39,SERTAD3,0.612501,1.23,novel_prediction,0,0.0000,
Set 2,THYMOCYTE-01,T cell progenitor,Immune,40,ILF2,0.611061,1.26,novel_prediction,0,0.0000,
Set 2,THYMOCYTE-01,T cell progenitor,Immune,41,PAX5,0.611046,1.30,novel_prediction,0,0.0000,
Set 2,THYMOCYTE-01,T cell progenitor,Immune,42,IFIT5,0.610515,1.33,novel_prediction,0,0.0000,
Set 2,THYMOCYTE-01,T cell progenitor,Immune,43,CABIN1,0.605969,1.36,novel_prediction,0,0.0000,
Set 2,THYMOCYTE-01,T cell progenitor,Immune,44,POLR3D,0.605862,1.39,novel_prediction,0,0.0000,
Set 2,THYMOCYTE-01,T cell progenitor,Immune,45,PBXIP1,0.605774,1.42,novel_prediction,0,0.0000,
Set 2,THYMOCYTE-01,T cell progenitor,Immune,46,IKZF4,0.602980,1.45,novel_prediction,0,0.0000,
Set 2,THYMOCYTE-01,T cell progenitor,Immune,47,DNTT,0.599289,1.48,novel_prediction,0,0.0000,
Set 2,THYMOCYTE-01,T cell progenitor,Immune,48,HEXIM1,0.599029,1.52,novel_prediction,0,0.0000,
Set 2,THYMOCYTE-01,T cell progenitor,Immune,49,BATF,0.598451,1.55,novel_prediction,0,0.0000,
Set 2,THYMOCYTE-01,T cell progenitor,Immune,50,RBM14,0.597542,1.58,novel_prediction,0,0.0000,
Set 2,LANGERHANS-01,Langerhans cell,Immune,1,TLR8,0.852267,0.03,program_neighbor,438,0.9955,TGFB1
Set 2,LANGERHANS-01,Langerhans cell,Immune,2,CR2,0.825184,0.06,program_neighbor,438,0.9977,TGFB1
Set 2,LANGERHANS-01,Langerhans cell,Immune,3,NLRC5,0.795192,0.09,program_neighbor,438,0.9955,TGFB1
Set 2,LANGERHANS-01,Langerhans cell,Immune,4,TCF7,0.771324,0.13,program_neighbor,438,0.7920,TGFB1
Set 2,LANGERHANS-01,Langerhans cell,Immune,5,EOMES,0.762524,0.16,program_neighbor,83,0.1673,TGFB1
Set 2,LANGERHANS-01,Langerhans cell,Immune,6,TXK,0.756937,0.19,novel_prediction,0,0.0000,
Set 2,LANGERHANS-01,Langerhans cell,Immune,7,AKNA,0.755788,0.22,program_neighbor,73,0.1388,TGFB1
Set 2,LANGERHANS-01,Langerhans cell,Immune,8,SPIB,0.755310,0.25,program_neighbor,83,0.1677,TGFB1
Set 2,LANGERHANS-01,Langerhans cell,Immune,9,IRF5,0.751097,0.28,program_neighbor,438,0.8639,TGFB1
Set 2,LANGERHANS-01,Langerhans cell,Immune,10,CD274,0.728397,0.32,program_neighbor,438,0.7644,TGFB1
Set 2,LANGERHANS-01,Langerhans cell,Immune,11,ARID3A,0.722225,0.35,program_neighbor,83,0.1637,TGFB1
Set 2,LANGERHANS-01,Langerhans cell,Immune,12,ARID5A,0.719762,0.38,program_neighbor,438,0.9955,TGFB1
Set 2,LANGERHANS-01,Langerhans cell,Immune,13,PADI4,0.715789,0.41,program_neighbor,438,0.8831,TGFB1
Set 2,LANGERHANS-01,Langerhans cell,Immune,14,NFATC2,0.696966,0.44,program_neighbor,84,0.1594,TGFB1
Set 2,LANGERHANS-01,Langerhans cell,Immune,15,BATF3,0.692404,0.47,known_cofactor,83,0.1677,TGFB1
Set 2,LANGERHANS-01,Langerhans cell,Immune,16,MSC,0.685730,0.51,program_neighbor,83,0.1677,TGFB1
Set 2,LANGERHANS-01,Langerhans cell,Immune,17,FEZF2,0.680727,0.54,program_neighbor,83,0.1673,TGFB1
Set 2,LANGERHANS-01,Langerhans cell,Immune,18,RAG2,0.674415,0.57,novel_prediction,0,0.0000,
Set 2,LANGERHANS-01,Langerhans cell,Immune,19,ZFAT,0.673081,0.60,program_neighbor,83,0.1670,TGFB1
Set 2,LANGERHANS-01,Langerhans cell,Immune,20,EBF1,0.667090,0.63,program_neighbor,83,0.1677,TGFB1
Set 2,LANGERHANS-01,Langerhans cell,Immune,21,POLR3F,0.657854,0.66,program_neighbor,438,0.8848,TGFB1
Set 2,LANGERHANS-01,Langerhans cell,Immune,22,GLI2,0.653697,0.69,program_neighbor,83,0.1554,TGFB1
Set 2,LANGERHANS-01,Langerhans cell,Immune,23,ELF1,0.644511,0.73,program_neighbor,83,0.1575,TGFB1
Set 2,LANGERHANS-01,Langerhans cell,Immune,24,SBNO1,0.641869,0.76,program_neighbor,438,0.8795,TGFB1
Set 2,LANGERHANS-01,Langerhans cell,Immune,25,POLR3C,0.627605,0.79,program_neighbor,438,0.8831,TGFB1
Set 2,LANGERHANS-01,Langerhans cell,Immune,26,G3BP1,0.624668,0.82,program_neighbor,438,0.9087,TGFB1
Set 2,LANGERHANS-01,Langerhans cell,Immune,27,ACTN1,0.623985,0.85,program_neighbor,1,0.0021,TGFB1
Set 2,LANGERHANS-01,Langerhans cell,Immune,28,TBX21,0.621902,0.88,program_neighbor,11,0.0231,TGFB1
Set 2,LANGERHANS-01,Langerhans cell,Immune,29,SOX13,0.620743,0.92,program_neighbor,83,0.1578,TGFB1
Set 2,LANGERHANS-01,Langerhans cell,Immune,30,IFIT5,0.620435,0.95,program_neighbor,438,0.9481,TGFB1
Set 2,LANGERHANS-01,Langerhans cell,Immune,31,KLF6,0.620019,0.98,program_neighbor,83,0.1677,TGFB1
Set 2,LANGERHANS-01,Langerhans cell,Immune,32,FASLG,0.618590,1.01,program_neighbor,10,0.0171,TGFB1
Set 2,LANGERHANS-01,Langerhans cell,Immune,33,BTK,0.615326,1.04,program_neighbor,438,0.9955,TGFB1
Set 2,LANGERHANS-01,Langerhans cell,Immune,34,KLF13,0.613811,1.07,program_neighbor,71,0.1461,TGFB1
Set 2,LANGERHANS-01,Langerhans cell,Immune,35,IKZF3,0.609154,1.11,program_neighbor,83,0.1677,TGFB1
Set 2,LANGERHANS-01,Langerhans cell,Immune,36,SERTAD3,0.608721,1.14,program_neighbor,438,0.8831,TGFB1
Set 2,LANGERHANS-01,Langerhans cell,Immune,37,PBXIP1,0.603647,1.17,program_neighbor,438,0.5374,TGFB1
Set 2,LANGERHANS-01,Langerhans cell,Immune,38,RUNX3,0.602158,1.20,program_neighbor,83,0.1627,TGFB1
Set 2,LANGERHANS-01,Langerhans cell,Immune,39,POLR3D,0.602013,1.23,program_neighbor,438,0.8848,TGFB1
Set 2,LANGERHANS-01,Langerhans cell,Immune,40,PSPC1,0.600846,1.26,program_neighbor,438,0.8848,TGFB1
Set 2,LANGERHANS-01,Langerhans cell,Immune,41,ILF2,0.599318,1.30,program_neighbor,1,0.0023,TGFB1
Set 2,LANGERHANS-01,Langerhans cell,Immune,42,CABIN1,0.598649,1.33,program_neighbor,20,0.0385,TGFB1
Set 2,LANGERHANS-01,Langerhans cell,Immune,43,STAT4,0.595505,1.36,program_neighbor,438,0.8831,TGFB1
Set 2,LANGERHANS-01,Langerhans cell,Immune,44,HEXIM1,0.595489,1.39,program_neighbor,438,0.9755,TGFB1
Set 2,LANGERHANS-01,Langerhans cell,Immune,45,IKZF4,0.593516,1.42,program_neighbor,83,0.1677,TGFB1
Set 2,LANGERHANS-01,Langerhans cell,Immune,46,ACTN4,0.590721,1.45,novel_prediction,0,0.0000,
Set 2,LANGERHANS-01,Langerhans cell,Immune,47,DDX17,0.590410,1.48,program_neighbor,438,0.7978,TGFB1
Set 2,LANGERHANS-01,Langerhans cell,Immune,48,DNTT,0.590126,1.52,novel_prediction,0,0.0000,
Set 2,LANGERHANS-01,Langerhans cell,Immune,49,RBM14,0.589778,1.55,program_neighbor,438,0.8311,TGFB1
Set 2,LANGERHANS-01,Langerhans cell,Immune,50,BATF,0.588987,1.58,program_neighbor,83,0.1677,TGFB1
Set 2,MESEN-STEM-01,MSC-like,Mesenchymal,1,EN1,0.714670,0.03,program_neighbor,51,0.2452,TWIST1
Set 2,MESEN-STEM-01,MSC-like,Mesenchymal,2,ETV4,0.675361,0.06,program_neighbor,1,0.0056,TWIST1
Set 2,MESEN-STEM-01,MSC-like,Mesenchymal,3,PKP1,0.656478,0.09,program_neighbor,55,0.0849,TWIST1
Set 2,MESEN-STEM-01,MSC-like,Mesenchymal,4,BNC2,0.647552,0.13,program_neighbor,140,0.7821,TWIST1
Set 2,MESEN-STEM-01,MSC-like,Mesenchymal,5,BARX2,0.646211,0.16,program_neighbor,140,0.6965,TWIST1
Set 2,MESEN-STEM-01,MSC-like,Mesenchymal,6,IRF6,0.639887,0.19,program_neighbor,140,0.2632,TWIST1
Set 2,MESEN-STEM-01,MSC-like,Mesenchymal,7,RECQL4,0.637001,0.22,program_neighbor,26,0.1025,TWIST1
Set 2,MESEN-STEM-01,MSC-like,Mesenchymal,8,UBTFL1,0.636650,0.25,novel_prediction,0,0.0000,
Set 2,MESEN-STEM-01,MSC-like,Mesenchymal,9,HR,0.632188,0.28,program_neighbor,22,0.0978,TWIST1
Set 2,MESEN-STEM-01,MSC-like,Mesenchymal,10,GRHL3,0.624680,0.32,program_neighbor,140,0.6965,TWIST1
Set 2,MESEN-STEM-01,MSC-like,Mesenchymal,11,ZNF750,0.622349,0.35,program_neighbor,1,0.0056,TWIST1
Set 2,MESEN-STEM-01,MSC-like,Mesenchymal,12,BARX1,0.620054,0.38,program_neighbor,140,0.7910,TWIST1
Set 2,MESEN-STEM-01,MSC-like,Mesenchymal,13,AEBP1,0.618292,0.41,program_neighbor,176,0.9944,TWIST1
Set 2,MESEN-STEM-01,MSC-like,Mesenchymal,14,ZIC5,0.618173,0.44,program_neighbor,140,0.7865,TWIST1
Set 2,MESEN-STEM-01,MSC-like,Mesenchymal,15,ZBED2,0.616773,0.47,program_neighbor,8,0.0365,TWIST1
Set 2,MESEN-STEM-01,MSC-like,Mesenchymal,16,CTNND1,0.610979,0.51,novel_prediction,0,0.0000,
Set 2,MESEN-STEM-01,MSC-like,Mesenchymal,17,CREB3L1,0.610324,0.54,program_neighbor,140,0.7910,TWIST1
Set 2,MESEN-STEM-01,MSC-like,Mesenchymal,18,SP9,0.608631,0.57,program_neighbor,4,0.0179,TWIST1
Set 2,MESEN-STEM-01,MSC-like,Mesenchymal,19,TBX6,0.606312,0.60,program_neighbor,4,0.0176,TWIST1
Set 2,MESEN-STEM-01,MSC-like,Mesenchymal,20,ELF5,0.604791,0.63,program_neighbor,140,0.7910,TWIST1
Set 2,MESEN-STEM-01,MSC-like,Mesenchymal,21,SP8,0.603506,0.66,program_neighbor,11,0.0618,TWIST1
Set 2,MESEN-STEM-01,MSC-like,Mesenchymal,22,ASCL4,0.596772,0.69,program_neighbor,2,0.0089,TWIST1
Set 2,MESEN-STEM-01,MSC-like,Mesenchymal,23,TWIST2,0.580341,0.73,program_neighbor,176,0.9944,TWIST1
Set 2,MESEN-STEM-01,MSC-like,Mesenchymal,24,LOXL2,0.578967,0.76,program_neighbor,1,0.0056,TWIST1
Set 2,MESEN-STEM-01,MSC-like,Mesenchymal,25,PPHLN1,0.576664,0.79,novel_prediction,0,0.0000,
Set 2,MESEN-STEM-01,MSC-like,Mesenchymal,26,SSBP3,0.568873,0.82,program_neighbor,10,0.0552,TWIST1
Set 2,MESEN-STEM-01,MSC-like,Mesenchymal,27,TCF7L1,0.565364,0.85,program_neighbor,145,0.6400,TWIST1
Set 2,MESEN-STEM-01,MSC-like,Mesenchymal,28,BNC1,0.563074,0.88,program_neighbor,78,0.4358,SNAI2
Set 2,MESEN-STEM-01,MSC-like,Mesenchymal,29,KLF9,0.562031,0.92,program_neighbor,140,0.7910,TWIST1
Set 2,MESEN-STEM-01,MSC-like,Mesenchymal,30,PRRX1,0.539446,0.95,program_neighbor,4,0.0179,TWIST1
Set 2,MESEN-STEM-01,MSC-like,Mesenchymal,31,FOXD1,0.512326,0.98,program_neighbor,141,0.7966,TWIST1
Set 2,MESEN-STEM-01,MSC-like,Mesenchymal,32,HOXC13,0.511744,1.01,program_neighbor,141,0.7966,TWIST1
Set 2,MESEN-STEM-01,MSC-like,Mesenchymal,33,SRSF6,0.506504,1.04,program_neighbor,1,0.0044,TWIST1
Set 2,MESEN-STEM-01,MSC-like,Mesenchymal,34,RUNX2,0.494211,1.07,program_neighbor,141,0.7966,SNAI2
Set 2,MESEN-STEM-01,MSC-like,Mesenchymal,35,ELF3,0.488115,1.11,program_neighbor,140,0.2627,TWIST1
Set 2,MESEN-STEM-01,MSC-like,Mesenchymal,36,HMGA2,0.486551,1.14,program_neighbor,178,0.7344,TWIST1
Set 2,MESEN-STEM-01,MSC-like,Mesenchymal,37,SVEP1,0.486451,1.17,program_neighbor,1,0.0056,TWIST1
Set 2,MESEN-STEM-01,MSC-like,Mesenchymal,38,E2F7,0.483295,1.20,program_neighbor,140,0.6731,TWIST1
Set 2,MESEN-STEM-01,MSC-like,Mesenchymal,39,SMAD3,0.480812,1.23,program_neighbor,176,0.3308,TWIST1
Set 2,MESEN-STEM-01,MSC-like,Mesenchymal,40,FOSL1,0.471083,1.26,program_neighbor,140,0.2632,TWIST1
Set 2,MESEN-STEM-01,MSC-like,Mesenchymal,41,SNAI2,0.469182,1.30,known_factor,177,1.0000,SNAI2
Set 2,MESEN-STEM-01,MSC-like,Mesenchymal,42,MSX1,0.463949,1.33,program_neighbor,36,0.2034,TWIST1
Set 2,MESEN-STEM-01,MSC-like,Mesenchymal,43,BIRC5,0.458443,1.36,program_neighbor,36,0.2034,TWIST1
Set 2,MESEN-STEM-01,MSC-like,Mesenchymal,44,GRHL1,0.456846,1.39,program_neighbor,140,0.7865,TWIST1
Set 2,MESEN-STEM-01,MSC-like,Mesenchymal,45,YBX1,0.453553,1.42,program_neighbor,141,0.5709,TWIST1
Set 2,MESEN-STEM-01,MSC-like,Mesenchymal,46,ALX4,0.450804,1.45,program_neighbor,141,0.6620,SNAI2
Set 2,MESEN-STEM-01,MSC-like,Mesenchymal,47,CITED1,0.447792,1.48,program_neighbor,176,0.9944,TWIST1
Set 2,MESEN-STEM-01,MSC-like,Mesenchymal,48,SIM1,0.445689,1.52,program_neighbor,140,0.7865,TWIST1
Set 2,MESEN-STEM-01,MSC-like,Mesenchymal,49,HOXC11,0.444633,1.55,program_neighbor,2,0.0104,TWIST1
Set 2,MESEN-STEM-01,MSC-like,Mesenchymal,50,SETD7,0.442914,1.58,program_neighbor,141,0.7382,SNAI2
Set 2,TENDON-01,Tenocyte,Mesenchymal,1,EN1,0.714670,0.03,program_neighbor,51,0.2464,SCX
Set 2,TENDON-01,Tenocyte,Mesenchymal,2,ETV4,0.675361,0.06,program_neighbor,1,0.0057,SCX
Set 2,TENDON-01,Tenocyte,Mesenchymal,3,PKP1,0.656478,0.09,program_neighbor,54,0.0833,SCX
Set 2,TENDON-01,Tenocyte,Mesenchymal,4,BNC2,0.647552,0.13,program_neighbor,140,0.7865,SCX
Set 2,TENDON-01,Tenocyte,Mesenchymal,5,BARX2,0.646211,0.16,program_neighbor,141,0.7000,SCX
Set 2,TENDON-01,Tenocyte,Mesenchymal,6,IRF6,0.639887,0.19,program_neighbor,140,0.2637,SCX
Set 2,TENDON-01,Tenocyte,Mesenchymal,7,RECQL4,0.637001,0.22,program_neighbor,25,0.0984,SCX
Set 2,TENDON-01,Tenocyte,Mesenchymal,8,UBTFL1,0.636650,0.25,program_neighbor,1,1.0000,MKX
Set 2,TENDON-01,Tenocyte,Mesenchymal,9,HR,0.632188,0.28,program_neighbor,22,0.0982,SCX
Set 2,TENDON-01,Tenocyte,Mesenchymal,10,GRHL3,0.624680,0.32,program_neighbor,141,0.7000,SCX
Set 2,TENDON-01,Tenocyte,Mesenchymal,11,ZNF750,0.622349,0.35,program_neighbor,1,0.0056,SCX
Set 2,TENDON-01,Tenocyte,Mesenchymal,12,BARX1,0.620054,0.38,program_neighbor,140,0.7955,SCX
Set 2,TENDON-01,Tenocyte,Mesenchymal,13,AEBP1,0.618292,0.41,program_neighbor,176,1.0000,SCX
Set 2,TENDON-01,Tenocyte,Mesenchymal,14,ZIC5,0.618173,0.44,program_neighbor,140,0.7910,SCX
Set 2,TENDON-01,Tenocyte,Mesenchymal,15,ZBED2,0.616773,0.47,program_neighbor,8,0.0367,SCX
Set 2,TENDON-01,Tenocyte,Mesenchymal,16,CTNND1,0.610979,0.51,program_neighbor,1,0.0028,MKX
Set 2,TENDON-01,Tenocyte,Mesenchymal,17,CREB3L1,0.610324,0.54,program_neighbor,140,0.7955,SCX
Set 2,TENDON-01,Tenocyte,Mesenchymal,18,SP9,0.608631,0.57,program_neighbor,4,0.0180,SCX
Set 2,TENDON-01,Tenocyte,Mesenchymal,19,TBX6,0.606312,0.60,program_neighbor,4,0.0177,SCX
Set 2,TENDON-01,Tenocyte,Mesenchymal,20,ELF5,0.604791,0.63,program_neighbor,140,0.7955,SCX
Set 2,TENDON-01,Tenocyte,Mesenchymal,21,SP8,0.603506,0.66,program_neighbor,11,0.0833,MKX
Set 2,TENDON-01,Tenocyte,Mesenchymal,22,ASCL4,0.596772,0.69,program_neighbor,2,0.0089,SCX
Set 2,TENDON-01,Tenocyte,Mesenchymal,23,TWIST2,0.580341,0.73,program_neighbor,176,1.0000,SCX
Set 2,TENDON-01,Tenocyte,Mesenchymal,24,LOXL2,0.578967,0.76,novel_prediction,0,0.0000,
Set 2,TENDON-01,Tenocyte,Mesenchymal,25,PPHLN1,0.576664,0.79,program_neighbor,1,1.0000,MKX
Set 2,TENDON-01,Tenocyte,Mesenchymal,26,SSBP3,0.568873,0.82,program_neighbor,10,0.0556,SCX
Set 2,TENDON-01,Tenocyte,Mesenchymal,27,TCF7L1,0.565364,0.85,program_neighbor,144,0.6356,SCX
Set 2,TENDON-01,Tenocyte,Mesenchymal,28,BNC1,0.563074,0.88,program_neighbor,77,0.4302,SCX
Set 2,TENDON-01,Tenocyte,Mesenchymal,29,KLF9,0.562031,0.92,program_neighbor,140,0.7955,SCX
Set 2,TENDON-01,Tenocyte,Mesenchymal,30,PRRX1,0.539446,0.95,program_neighbor,4,0.0180,SCX
Set 2,TENDON-01,Tenocyte,Mesenchymal,31,FOXD1,0.512326,0.98,program_neighbor,140,0.7910,SCX
Set 2,TENDON-01,Tenocyte,Mesenchymal,32,HOXC13,0.511744,1.01,program_neighbor,140,0.7910,SCX
Set 2,TENDON-01,Tenocyte,Mesenchymal,33,SRSF6,0.506504,1.04,novel_prediction,0,0.0000,
Set 2,TENDON-01,Tenocyte,Mesenchymal,34,RUNX2,0.494211,1.07,program_neighbor,140,0.7910,SCX
Set 2,TENDON-01,Tenocyte,Mesenchymal,35,ELF3,0.488115,1.11,program_neighbor,141,0.2632,SCX
Set 2,TENDON-01,Tenocyte,Mesenchymal,36,HMGA2,0.486551,1.14,program_neighbor,176,0.7303,SCX
Set 2,TENDON-01,Tenocyte,Mesenchymal,37,SVEP1,0.486451,1.17,program_neighbor,1,0.0056,SCX
Set 2,TENDON-01,Tenocyte,Mesenchymal,38,E2F7,0.483295,1.20,program_neighbor,140,0.6763,SCX
Set 2,TENDON-01,Tenocyte,Mesenchymal,39,SMAD3,0.480812,1.23,program_neighbor,176,0.3315,SCX
Set 2,TENDON-01,Tenocyte,Mesenchymal,40,FOSL1,0.471083,1.26,program_neighbor,140,0.2637,SCX
Set 2,TENDON-01,Tenocyte,Mesenchymal,41,SNAI2,0.469182,1.30,known_cofactor,176,0.9944,SCX
Set 2,TENDON-01,Tenocyte,Mesenchymal,42,MSX1,0.463949,1.33,program_neighbor,36,0.2045,SCX
Set 2,TENDON-01,Tenocyte,Mesenchymal,43,BIRC5,0.458443,1.36,program_neighbor,36,0.2045,SCX
Set 2,TENDON-01,Tenocyte,Mesenchymal,44,GRHL1,0.456846,1.39,program_neighbor,141,0.7910,SCX
Set 2,TENDON-01,Tenocyte,Mesenchymal,45,YBX1,0.453553,1.42,program_neighbor,140,0.5668,SCX
Set 2,TENDON-01,Tenocyte,Mesenchymal,46,ALX4,0.450804,1.45,program_neighbor,141,0.6573,SCX
Set 2,TENDON-01,Tenocyte,Mesenchymal,47,CITED1,0.447792,1.48,program_neighbor,176,1.0000,SCX
Set 2,TENDON-01,Tenocyte,Mesenchymal,48,SIM1,0.445689,1.52,program_neighbor,141,0.7910,SCX
Set 2,TENDON-01,Tenocyte,Mesenchymal,49,HOXC11,0.444633,1.55,program_neighbor,2,0.0104,SCX
Set 2,TENDON-01,Tenocyte,Mesenchymal,50,SETD7,0.442914,1.58,program_neighbor,141,0.7330,SCX
Set 2,LIGAMENT-01,Ligament cell,Mesenchymal,1,MSX2,0.656768,0.03,program_neighbor,36,0.2045,SCX
Set 2,LIGAMENT-01,Ligament cell,Mesenchymal,2,ZCCHC12,0.651728,0.06,program_neighbor,3,0.0082,SOX9
Set 2,LIGAMENT-01,Ligament cell,Mesenchymal,3,IRF8,0.649557,0.09,program_neighbor,176,0.3315,SCX
Set 2,LIGAMENT-01,Ligament cell,Mesenchymal,4,TFAP2E,0.631940,0.13,program_neighbor,8,0.0231,SOX9
Set 2,LIGAMENT-01,Ligament cell,Mesenchymal,5,TWIST1,0.626613,0.16,program_neighbor,176,0.9944,SCX
Set 2,LIGAMENT-01,Ligament cell,Mesenchymal,6,AEBP1,0.626523,0.19,program_neighbor,176,1.0000,SCX
Set 2,LIGAMENT-01,Ligament cell,Mesenchymal,7,NANOG,0.617271,0.22,program_neighbor,140,0.7955,SCX
Set 2,LIGAMENT-01,Ligament cell,Mesenchymal,8,HR,0.613865,0.25,program_neighbor,68,0.2222,SOX9
Set 2,LIGAMENT-01,Ligament cell,Mesenchymal,9,SP7,0.612408,0.28,program_neighbor,7,0.0383,SCX
Set 2,LIGAMENT-01,Ligament cell,Mesenchymal,10,NKX1-2,0.604121,0.32,program_neighbor,10,0.0565,SCX
Set 2,LIGAMENT-01,Ligament cell,Mesenchymal,11,APEX2,0.603627,0.35,program_neighbor,41,0.2181,SCX
Set 2,LIGAMENT-01,Ligament cell,Mesenchymal,12,SSBP3,0.600795,0.38,program_neighbor,10,0.0556,SCX
Set 2,LIGAMENT-01,Ligament cell,Mesenchymal,13,SMAD9,0.593608,0.41,program_neighbor,140,0.7955,SCX
Set 2,LIGAMENT-01,Ligament cell,Mesenchymal,14,ZNF431,0.592903,0.44,program_neighbor,140,0.7955,SCX
Set 2,LIGAMENT-01,Ligament cell,Mesenchymal,15,GLIS1,0.589949,0.47,program_neighbor,13,0.0419,SOX9
Set 2,LIGAMENT-01,Ligament cell,Mesenchymal,16,ZGLP1,0.585858,0.51,program_neighbor,140,0.7955,SCX
Set 2,LIGAMENT-01,Ligament cell,Mesenchymal,17,SBNO2,0.584616,0.54,program_neighbor,141,0.7910,SCX
Set 2,LIGAMENT-01,Ligament cell,Mesenchymal,18,TOP3A,0.576649,0.57,program_neighbor,40,0.1832,SCX
Set 2,LIGAMENT-01,Ligament cell,Mesenchymal,19,ZNF675,0.569420,0.60,program_neighbor,140,0.7955,SCX
Set 2,LIGAMENT-01,Ligament cell,Mesenchymal,20,RIOX1,0.564921,0.63,program_neighbor,3,0.0096,SOX9
Set 2,LIGAMENT-01,Ligament cell,Mesenchymal,21,MTF1,0.563155,0.66,program_neighbor,176,0.9362,SCX
Set 2,LIGAMENT-01,Ligament cell,Mesenchymal,22,WDR5,0.562808,0.69,program_neighbor,140,0.7955,SCX
Set 2,LIGAMENT-01,Ligament cell,Mesenchymal,23,NEIL1,0.547900,0.73,program_neighbor,3,0.0096,SOX9
Set 2,LIGAMENT-01,Ligament cell,Mesenchymal,24,CREB3L1,0.513394,0.76,program_neighbor,140,0.7955,SCX
Set 2,LIGAMENT-01,Ligament cell,Mesenchymal,25,RUNX2,0.507727,0.79,program_neighbor,140,0.7910,SCX
Set 2,LIGAMENT-01,Ligament cell,Mesenchymal,26,TOP3B,0.506711,0.82,program_neighbor,3,0.0096,SOX9
Set 2,LIGAMENT-01,Ligament cell,Mesenchymal,27,POLB,0.480652,0.85,program_neighbor,122,0.2188,SCX
Set 2,LIGAMENT-01,Ligament cell,Mesenchymal,28,MSX1,0.476196,0.88,program_neighbor,36,0.2045,SCX
Set 2,LIGAMENT-01,Ligament cell,Mesenchymal,29,ELF3,0.470855,0.92,program_neighbor,141,0.2632,SCX
Set 2,LIGAMENT-01,Ligament cell,Mesenchymal,30,CITED1,0.464143,0.95,program_neighbor,176,1.0000,SCX
Set 2,LIGAMENT-01,Ligament cell,Mesenchymal,31,TWIST2,0.464143,0.98,program_neighbor,176,1.0000,SCX
Set 2,LIGAMENT-01,Ligament cell,Mesenchymal,32,MAP2K6,0.462886,1.01,program_neighbor,157,0.5164,SOX9
Set 2,LIGAMENT-01,Ligament cell,Mesenchymal,33,LPXN,0.460040,1.04,program_neighbor,121,0.1836,SOX9
Set 2,LIGAMENT-01,Ligament cell,Mesenchymal,34,EBF2,0.454891,1.07,program_neighbor,140,0.7955,SCX
Set 2,LIGAMENT-01,Ligament cell,Mesenchymal,35,LOXL2,0.454554,1.11,novel_prediction,0,0.0000,
Set 2,LIGAMENT-01,Ligament cell,Mesenchymal,36,ZNF467,0.450534,1.14,program_neighbor,140,0.7955,SCX
Set 2,LIGAMENT-01,Ligament cell,Mesenchymal,37,DLX5,0.446793,1.17,program_neighbor,140,0.7955,SCX
Set 2,LIGAMENT-01,Ligament cell,Mesenchymal,38,PRRX1,0.443712,1.20,program_neighbor,11,0.0321,SOX9
Set 2,LIGAMENT-01,Ligament cell,Mesenchymal,39,MUTYH,0.441464,1.23,program_neighbor,40,0.1841,SCX
Set 2,LIGAMENT-01,Ligament cell,Mesenchymal,40,APEX1,0.441219,1.26,program_neighbor,40,0.1468,SCX
Set 2,LIGAMENT-01,Ligament cell,Mesenchymal,41,SOX5,0.439389,1.30,program_neighbor,140,0.7735,SCX
Set 2,LIGAMENT-01,Ligament cell,Mesenchymal,42,NOTCH2,0.437702,1.33,program_neighbor,47,0.2670,SCX
Set 2,LIGAMENT-01,Ligament cell,Mesenchymal,43,ITGB1BP1,0.436330,1.36,novel_prediction,0,0.0000,
Set 2,LIGAMENT-01,Ligament cell,Mesenchymal,44,SATB2,0.436167,1.39,program_neighbor,140,0.7865,SCX
Set 2,LIGAMENT-01,Ligament cell,Mesenchymal,45,TOP1MT,0.433937,1.42,program_neighbor,40,0.1841,SCX
Set 2,LIGAMENT-01,Ligament cell,Mesenchymal,46,RRP1B,0.433655,1.45,program_neighbor,36,0.1586,SCX
Set 2,LIGAMENT-01,Ligament cell,Mesenchymal,47,SMAD3,0.430750,1.48,program_neighbor,176,0.3315,SCX
Set 2,LIGAMENT-01,Ligament cell,Mesenchymal,48,TOX,0.427989,1.52,program_neighbor,117,0.4135,SCX
Set 2,LIGAMENT-01,Ligament cell,Mesenchymal,49,MT-RNR1,0.426358,1.55,program_neighbor,37,0.1968,SCX
Set 2,LIGAMENT-01,Ligament cell,Mesenchymal,50,TDG,0.425382,1.58,program_neighbor,4,0.0110,SOX9
Set 2,DISC-01,Nucleus pulposus,Mesenchymal,1,MSX2,0.656768,0.03,program_neighbor,36,0.1184,SOX9
Set 2,DISC-01,Nucleus pulposus,Mesenchymal,2,ZCCHC12,0.651728,0.06,program_neighbor,64,0.3122,FOXA2
Set 2,DISC-01,Nucleus pulposus,Mesenchymal,3,IRF8,0.649557,0.09,program_neighbor,176,0.2671,SOX9
Set 2,DISC-01,Nucleus pulposus,Mesenchymal,4,TFAP2E,0.631940,0.13,program_neighbor,8,0.0231,SOX9
Set 2,DISC-01,Nucleus pulposus,Mesenchymal,5,TWIST1,0.626613,0.16,program_neighbor,177,0.5851,FOXA2
Set 2,DISC-01,Nucleus pulposus,Mesenchymal,6,AEBP1,0.626523,0.19,program_neighbor,176,0.5809,FOXA2
Set 2,DISC-01,Nucleus pulposus,Mesenchymal,7,NANOG,0.617271,0.22,program_neighbor,140,0.6829,FOXA2
Set 2,DISC-01,Nucleus pulposus,Mesenchymal,8,HR,0.613865,0.25,program_neighbor,68,0.2222,SOX9
Set 2,DISC-01,Nucleus pulposus,Mesenchymal,9,SP7,0.612408,0.28,program_neighbor,7,0.0330,FOXA2
Set 2,DISC-01,Nucleus pulposus,Mesenchymal,10,NKX1-2,0.604121,0.32,program_neighbor,11,0.0537,FOXA2
Set 2,DISC-01,Nucleus pulposus,Mesenchymal,11,APEX2,0.603627,0.35,program_neighbor,41,0.1297,SOX9
Set 2,DISC-01,Nucleus pulposus,Mesenchymal,12,SSBP3,0.600795,0.38,program_neighbor,10,0.0478,FOXA2
Set 2,DISC-01,Nucleus pulposus,Mesenchymal,13,SMAD9,0.593608,0.41,program_neighbor,140,0.6829,FOXA2
Set 2,DISC-01,Nucleus pulposus,Mesenchymal,14,ZNF431,0.592903,0.44,program_neighbor,140,0.6829,FOXA2
Set 2,DISC-01,Nucleus pulposus,Mesenchymal,15,GLIS1,0.589949,0.47,program_neighbor,19,0.0516,FOXA2
Set 2,DISC-01,Nucleus pulposus,Mesenchymal,16,ZGLP1,0.585858,0.51,program_neighbor,140,0.6829,FOXA2
Set 2,DISC-01,Nucleus pulposus,Mesenchymal,17,SBNO2,0.584616,0.54,program_neighbor,141,0.6796,FOXA2
Set 2,DISC-01,Nucleus pulposus,Mesenchymal,18,TOP3A,0.576649,0.57,program_neighbor,50,0.1223,SOX9
Set 2,DISC-01,Nucleus pulposus,Mesenchymal,19,ZNF675,0.569420,0.60,program_neighbor,140,0.6829,FOXA2
Set 2,DISC-01,Nucleus pulposus,Mesenchymal,20,RIOX1,0.564921,0.63,program_neighbor,13,0.0634,FOXA2
Set 2,DISC-01,Nucleus pulposus,Mesenchymal,21,MTF1,0.563155,0.66,program_neighbor,176,0.5570,SOX9
Set 2,DISC-01,Nucleus pulposus,Mesenchymal,22,WDR5,0.562808,0.69,program_neighbor,140,0.6829,FOXA2
Set 2,DISC-01,Nucleus pulposus,Mesenchymal,23,NEIL1,0.547900,0.73,program_neighbor,13,0.0634,FOXA2
Set 2,DISC-01,Nucleus pulposus,Mesenchymal,24,CREB3L1,0.513394,0.76,program_neighbor,140,0.6829,FOXA2
Set 2,DISC-01,Nucleus pulposus,Mesenchymal,25,RUNX2,0.507727,0.79,program_neighbor,141,0.6878,FOXA2
Set 2,DISC-01,Nucleus pulposus,Mesenchymal,26,TOP3B,0.506711,0.82,program_neighbor,13,0.0634,FOXA2
Set 2,DISC-01,Nucleus pulposus,Mesenchymal,27,POLB,0.480652,0.85,program_neighbor,132,0.1824,SOX9
Set 2,DISC-01,Nucleus pulposus,Mesenchymal,28,MSX1,0.476196,0.88,program_neighbor,36,0.1184,SOX9
Set 2,DISC-01,Nucleus pulposus,Mesenchymal,29,ELF3,0.470855,0.92,program_neighbor,141,0.2496,FOXA2
Set 2,DISC-01,Nucleus pulposus,Mesenchymal,30,CITED1,0.464143,0.95,program_neighbor,176,0.5809,FOXA2
Set 2,DISC-01,Nucleus pulposus,Mesenchymal,31,TWIST2,0.464143,0.98,program_neighbor,176,0.5809,FOXA2
Set 2,DISC-01,Nucleus pulposus,Mesenchymal,32,MAP2K6,0.462886,1.01,program_neighbor,157,0.5164,SOX9
Set 2,DISC-01,Nucleus pulposus,Mesenchymal,33,LPXN,0.460040,1.04,program_neighbor,121,0.1836,SOX9
Set 2,DISC-01,Nucleus pulposus,Mesenchymal,34,EBF2,0.454891,1.07,program_neighbor,140,0.6829,FOXA2
Set 2,DISC-01,Nucleus pulposus,Mesenchymal,35,LOXL2,0.454554,1.11,program_neighbor,1,0.0049,FOXA2
Set 2,DISC-01,Nucleus pulposus,Mesenchymal,36,ZNF467,0.450534,1.14,program_neighbor,140,0.6829,FOXA2
Set 2,DISC-01,Nucleus pulposus,Mesenchymal,37,DLX5,0.446793,1.17,program_neighbor,140,0.6829,FOXA2
Set 2,DISC-01,Nucleus pulposus,Mesenchymal,38,PRRX1,0.443712,1.20,program_neighbor,13,0.0321,SOX9
Set 2,DISC-01,Nucleus pulposus,Mesenchymal,39,MUTYH,0.441464,1.23,program_neighbor,50,0.1227,SOX9
Set 2,DISC-01,Nucleus pulposus,Mesenchymal,40,APEX1,0.441219,1.26,program_neighbor,101,0.2569,FOXA2
Set 2,DISC-01,Nucleus pulposus,Mesenchymal,41,SOX5,0.439389,1.30,program_neighbor,140,0.6667,FOXA2
Set 2,DISC-01,Nucleus pulposus,Mesenchymal,42,NOTCH2,0.437702,1.33,program_neighbor,47,0.1546,SOX9
Set 2,DISC-01,Nucleus pulposus,Mesenchymal,43,ITGB1BP1,0.436330,1.36,novel_prediction,0,0.0000,
Set 2,DISC-01,Nucleus pulposus,Mesenchymal,44,SATB2,0.436167,1.39,program_neighbor,140,0.6763,FOXA2
Set 2,DISC-01,Nucleus pulposus,Mesenchymal,45,TOP1MT,0.433937,1.42,program_neighbor,50,0.1227,SOX9
Set 2,DISC-01,Nucleus pulposus,Mesenchymal,46,RRP1B,0.433655,1.45,program_neighbor,87,0.2116,FOXA2
Set 2,DISC-01,Nucleus pulposus,Mesenchymal,47,SMAD3,0.430750,1.48,program_neighbor,176,0.2671,SOX9
Set 2,DISC-01,Nucleus pulposus,Mesenchymal,48,TOX,0.427989,1.52,program_neighbor,118,0.3836,SOX9
Set 2,DISC-01,Nucleus pulposus,Mesenchymal,49,MT-RNR1,0.426358,1.55,program_neighbor,37,0.1171,SOX9
Set 2,DISC-01,Nucleus pulposus,Mesenchymal,50,TDG,0.425382,1.58,program_neighbor,65,0.3107,FOXA2
Set 2,PERIOSTEUM-01,Periosteal cell,Mesenchymal,1,IRF8,0.687174,0.03,program_neighbor,140,0.2632,RUNX2
Set 2,PERIOSTEUM-01,Periosteal cell,Mesenchymal,2,AEBP1,0.681764,0.06,program_neighbor,140,0.7910,RUNX2
Set 2,PERIOSTEUM-01,Periosteal cell,Mesenchymal,3,NANOG,0.670566,0.09,program_neighbor,140,0.9929,RUNX2
Set 2,PERIOSTEUM-01,Periosteal cell,Mesenchymal,4,NKX1-2,0.666075,0.13,program_neighbor,10,0.0704,RUNX2
Set 2,PERIOSTEUM-01,Periosteal cell,Mesenchymal,5,TWIST1,0.665063,0.16,program_neighbor,140,0.7865,RUNX2
Set 2,PERIOSTEUM-01,Periosteal cell,Mesenchymal,6,SP7,0.657871,0.19,known_factor,14,1.0000,SP7
Set 2,PERIOSTEUM-01,Periosteal cell,Mesenchymal,7,ZGLP1,0.653311,0.22,program_neighbor,140,0.9929,RUNX2
Set 2,PERIOSTEUM-01,Periosteal cell,Mesenchymal,8,SMAD9,0.646902,0.25,program_neighbor,140,0.9929,RUNX2
Set 2,PERIOSTEUM-01,Periosteal cell,Mesenchymal,9,ZNF431,0.645247,0.28,program_neighbor,140,0.9929,RUNX2
Set 2,PERIOSTEUM-01,Periosteal cell,Mesenchymal,10,TFAP2E,0.634113,0.32,program_neighbor,3,0.0160,RUNX2
Set 2,PERIOSTEUM-01,Periosteal cell,Mesenchymal,11,SBNO2,0.632422,0.35,program_neighbor,140,0.9859,RUNX2
Set 2,PERIOSTEUM-01,Periosteal cell,Mesenchymal,12,ZNF675,0.625885,0.38,program_neighbor,140,0.9929,RUNX2
Set 2,PERIOSTEUM-01,Periosteal cell,Mesenchymal,13,ZCCHC12,0.625371,0.41,novel_prediction,0,0.0000,
Set 2,PERIOSTEUM-01,Periosteal cell,Mesenchymal,14,WDR5,0.620914,0.44,program_neighbor,140,0.9929,RUNX2
Set 2,PERIOSTEUM-01,Periosteal cell,Mesenchymal,15,GLIS1,0.617426,0.47,program_neighbor,3,0.0191,RUNX2
Set 2,PERIOSTEUM-01,Periosteal cell,Mesenchymal,16,HR,0.615888,0.51,program_neighbor,22,0.1164,RUNX2
Set 2,PERIOSTEUM-01,Periosteal cell,Mesenchymal,17,SSBP3,0.614806,0.54,program_neighbor,10,0.0690,RUNX2
Set 2,PERIOSTEUM-01,Periosteal cell,Mesenchymal,18,MTF1,0.608410,0.57,program_neighbor,147,0.7407,RUNX2
Set 2,PERIOSTEUM-01,Periosteal cell,Mesenchymal,19,MSX2,0.599055,0.60,novel_prediction,0,0.0000,
Set 2,PERIOSTEUM-01,Periosteal cell,Mesenchymal,20,RUNX2,0.576838,0.63,known_factor,141,1.0000,RUNX2
Set 2,PERIOSTEUM-01,Periosteal cell,Mesenchymal,21,APEX2,0.562166,0.66,program_neighbor,12,0.1356,SP7
Set 2,PERIOSTEUM-01,Periosteal cell,Mesenchymal,22,CREB3L1,0.558360,0.69,program_neighbor,140,0.9929,RUNX2
Set 2,PERIOSTEUM-01,Periosteal cell,Mesenchymal,23,RIOX1,0.538837,0.73,novel_prediction,0,0.0000,
Set 2,PERIOSTEUM-01,Periosteal cell,Mesenchymal,24,NEIL1,0.535759,0.76,novel_prediction,0,0.0000,
Set 2,PERIOSTEUM-01,Periosteal cell,Mesenchymal,25,TOP3A,0.534010,0.79,program_neighbor,8,0.1159,SP7
Set 2,PERIOSTEUM-01,Periosteal cell,Mesenchymal,26,EBF2,0.518968,0.82,program_neighbor,140,0.9929,RUNX2
Set 2,PERIOSTEUM-01,Periosteal cell,Mesenchymal,27,CITED1,0.516424,0.85,program_neighbor,140,0.7910,RUNX2
Set 2,PERIOSTEUM-01,Periosteal cell,Mesenchymal,28,ELF3,0.512089,0.88,program_neighbor,140,0.2817,RUNX2
Set 2,PERIOSTEUM-01,Periosteal cell,Mesenchymal,29,TWIST2,0.505930,0.92,program_neighbor,140,0.7910,RUNX2
Set 2,PERIOSTEUM-01,Periosteal cell,Mesenchymal,30,DLX5,0.500066,0.95,program_neighbor,140,0.9929,RUNX2
Set 2,PERIOSTEUM-01,Periosteal cell,Mesenchymal,31,SATB2,0.496429,0.98,program_neighbor,140,0.9790,RUNX2
Set 2,PERIOSTEUM-01,Periosteal cell,Mesenchymal,32,POLB,0.495461,1.01,program_neighbor,83,0.1523,RUNX2
Set 2,PERIOSTEUM-01,Periosteal cell,Mesenchymal,33,ZNF467,0.494292,1.04,program_neighbor,140,0.9929,RUNX2
Set 2,PERIOSTEUM-01,Periosteal cell,Mesenchymal,34,SOX5,0.493046,1.07,program_neighbor,140,0.9589,RUNX2
Set 2,PERIOSTEUM-01,Periosteal cell,Mesenchymal,35,TOP3B,0.486274,1.11,novel_prediction,0,0.0000,
Set 2,PERIOSTEUM-01,Periosteal cell,Mesenchymal,36,SOX6,0.484245,1.14,program_neighbor,140,0.9859,RUNX2
Set 2,PERIOSTEUM-01,Periosteal cell,Mesenchymal,37,LPXN,0.479888,1.17,program_neighbor,17,0.0283,RUNX2
Set 2,PERIOSTEUM-01,Periosteal cell,Mesenchymal,38,TOX,0.477241,1.20,program_neighbor,87,0.5058,RUNX2
Set 2,PERIOSTEUM-01,Periosteal cell,Mesenchymal,39,ITGB1BP1,0.465057,1.23,novel_prediction,0,0.0000,
Set 2,PERIOSTEUM-01,Periosteal cell,Mesenchymal,40,LIMD1,0.463924,1.26,program_neighbor,140,0.8485,RUNX2
Set 2,PERIOSTEUM-01,Periosteal cell,Mesenchymal,41,FOSL2,0.462866,1.30,program_neighbor,140,0.2823,RUNX2
Set 2,PERIOSTEUM-01,Periosteal cell,Mesenchymal,42,BCL11B,0.453547,1.33,program_neighbor,141,0.7877,RUNX2
Set 2,PERIOSTEUM-01,Periosteal cell,Mesenchymal,43,RORB,0.451352,1.36,program_neighbor,140,0.9929,RUNX2
Set 2,PERIOSTEUM-01,Periosteal cell,Mesenchymal,44,POU4F2,0.451065,1.39,program_neighbor,140,0.7865,RUNX2
Set 2,PERIOSTEUM-01,Periosteal cell,Mesenchymal,45,AIRE,0.449429,1.42,program_neighbor,140,0.2823,RUNX2
Set 2,PERIOSTEUM-01,Periosteal cell,Mesenchymal,46,GATA6,0.449363,1.45,program_neighbor,140,0.7910,RUNX2
Set 2,PERIOSTEUM-01,Periosteal cell,Mesenchymal,47,LOXL2,0.445976,1.48,novel_prediction,0,0.0000,
Set 2,PERIOSTEUM-01,Periosteal cell,Mesenchymal,48,MN1,0.445029,1.52,program_neighbor,140,0.9589,RUNX2
Set 2,PERIOSTEUM-01,Periosteal cell,Mesenchymal,49,SMAD3,0.444979,1.55,program_neighbor,140,0.2632,RUNX2
Set 2,PERIOSTEUM-01,Periosteal cell,Mesenchymal,50,REST,0.438336,1.58,program_neighbor,141,0.8924,RUNX2
Set 2,TUBULE-01,Renal tubular,Renal,1,PAX2,0.836124,0.03,known_factor,176,1.0000,PAX2
Set 2,TUBULE-01,Renal tubular,Renal,2,TFCP2L1,0.819726,0.06,program_neighbor,2,0.0082,SIX2
Set 2,TUBULE-01,Renal tubular,Renal,3,LMX1B,0.805925,0.09,known_cofactor,140,1.0000,LHX1
Set 2,TUBULE-01,Renal tubular,Renal,4,TFAP2B,0.730720,0.13,program_neighbor,176,1.0000,PAX2
Set 2,TUBULE-01,Renal tubular,Renal,5,FOXI1,0.701358,0.16,program_neighbor,140,1.0000,LHX1
Set 2,TUBULE-01,Renal tubular,Renal,6,WTIP,0.663607,0.19,program_neighbor,140,0.8537,LHX1
Set 2,TUBULE-01,Renal tubular,Renal,7,ARNT2,0.641470,0.22,program_neighbor,176,0.6286,PAX2
Set 2,TUBULE-01,Renal tubular,Renal,8,NRIP1,0.617383,0.25,program_neighbor,53,0.2677,LHX1
Set 2,TUBULE-01,Renal tubular,Renal,9,ZHX3,0.605196,0.28,program_neighbor,140,0.9459,LHX1
Set 2,TUBULE-01,Renal tubular,Renal,10,SALL1,0.566502,0.32,program_neighbor,10,0.0690,LHX1
Set 2,TUBULE-01,Renal tubular,Renal,11,TCF21,0.547095,0.35,novel_prediction,0,0.0000,
Set 2,TUBULE-01,Renal tubular,Renal,12,WT1,0.534443,0.38,known_cofactor,227,0.8268,SIX2
Set 2,TUBULE-01,Renal tubular,Renal,13,DMRT2,0.527735,0.41,program_neighbor,140,0.9929,LHX1
Set 2,TUBULE-01,Renal tubular,Renal,14,DDN,0.520702,0.44,program_neighbor,61,0.3245,LHX1
Set 2,TUBULE-01,Renal tubular,Renal,15,KLF4,0.519662,0.47,program_neighbor,144,0.7368,LHX1
Set 2,TUBULE-01,Renal tubular,Renal,16,WWC1,0.513412,0.51,program_neighbor,140,1.0000,LHX1
Set 2,TUBULE-01,Renal tubular,Renal,17,SIX2,0.506207,0.54,known_factor,195,1.0000,SIX2
Set 2,TUBULE-01,Renal tubular,Renal,18,NR0B1,0.502647,0.57,program_neighbor,195,0.9606,SIX2
Set 2,TUBULE-01,Renal tubular,Renal,19,INSM1,0.500736,0.60,program_neighbor,141,0.8917,LHX1
Set 2,TUBULE-01,Renal tubular,Renal,20,GLIS2,0.498830,0.63,program_neighbor,140,0.9929,LHX1
Set 2,TUBULE-01,Renal tubular,Renal,21,HOXB8,0.492530,0.66,program_neighbor,7,0.0251,SIX2
Set 2,TUBULE-01,Renal tubular,Renal,22,HNF1B,0.486253,0.69,known_cofactor,176,1.0000,PAX2
Set 2,TUBULE-01,Renal tubular,Renal,23,PER3,0.482683,0.73,program_neighbor,11,0.0699,LHX1
Set 2,TUBULE-01,Renal tubular,Renal,24,CITED2,0.478684,0.76,program_neighbor,176,1.0000,PAX2
Set 2,TUBULE-01,Renal tubular,Renal,25,ATOH8,0.478619,0.79,program_neighbor,140,1.0000,LHX1
Set 2,TUBULE-01,Renal tubular,Renal,26,MAPK12,0.473846,0.82,program_neighbor,59,0.1884,PAX2
Set 2,TUBULE-01,Renal tubular,Renal,27,HNF1A,0.470721,0.85,program_neighbor,177,0.9888,PAX2
Set 2,TUBULE-01,Renal tubular,Renal,28,HOXB6,0.470338,0.88,program_neighbor,6,0.0254,LHX1
Set 2,TUBULE-01,Renal tubular,Renal,29,HMX2,0.467615,0.92,program_neighbor,6,0.0208,SIX2
Set 2,TUBULE-01,Renal tubular,Renal,30,HOXB9,0.462518,0.95,program_neighbor,140,1.0000,LHX1
Set 2,TUBULE-01,Renal tubular,Renal,31,KLF15,0.458091,0.98,program_neighbor,140,1.0000,LHX1
Set 2,TUBULE-01,Renal tubular,Renal,32,FOXD1,0.457279,1.01,program_neighbor,141,0.9929,LHX1
Set 2,TUBULE-01,Renal tubular,Renal,33,FOXI2,0.452170,1.04,program_neighbor,7,0.0251,SIX2
Set 2,TUBULE-01,Renal tubular,Renal,34,EMX1,0.447060,1.07,program_neighbor,10,0.0714,LHX1
Set 2,TUBULE-01,Renal tubular,Renal,35,ESRRB,0.442751,1.11,program_neighbor,140,1.0000,LHX1
Set 2,TUBULE-01,Renal tubular,Renal,36,EPAS1,0.439875,1.14,program_neighbor,144,0.5645,LHX1
Set 2,TUBULE-01,Renal tubular,Renal,37,HOXD1,0.439342,1.17,program_neighbor,6,0.0273,PAX2
Set 2,TUBULE-01,Renal tubular,Renal,38,POU5F1,0.437469,1.20,program_neighbor,180,0.8756,PAX2
Set 2,TUBULE-01,Renal tubular,Renal,39,PAX8,0.436947,1.23,known_cofactor,140,0.9859,LHX1
Set 2,TUBULE-01,Renal tubular,Renal,40,JADE1,0.436396,1.26,program_neighbor,176,0.9026,PAX2
Set 2,TUBULE-01,Renal tubular,Renal,41,SIX1,0.435554,1.30,program_neighbor,177,0.9944,PAX2
Set 2,TUBULE-01,Renal tubular,Renal,42,SIM1,0.433963,1.33,program_neighbor,140,0.9929,LHX1
Set 2,TUBULE-01,Renal tubular,Renal,43,SIX4,0.432601,1.36,program_neighbor,176,0.9412,PAX2
Set 2,TUBULE-01,Renal tubular,Renal,44,TRIM15,0.430467,1.39,program_neighbor,83,0.1677,LHX1
Set 2,TUBULE-01,Renal tubular,Renal,45,HNF4A,0.429604,1.42,known_cofactor,144,0.9032,LHX1
Set 2,TUBULE-01,Renal tubular,Renal,46,ZNF683,0.426027,1.45,program_neighbor,140,0.2828,LHX1
Set 2,TUBULE-01,Renal tubular,Renal,47,EYA1,0.425420,1.48,program_neighbor,12,0.0231,LHX1
Set 2,TUBULE-01,Renal tubular,Renal,48,NR0B2,0.422295,1.52,program_neighbor,9,0.0381,SIX2
Set 2,TUBULE-01,Renal tubular,Renal,49,NR1H4,0.418923,1.55,program_neighbor,176,0.3315,PAX2
Set 2,TUBULE-01,Renal tubular,Renal,50,PNN,0.418754,1.58,program_neighbor,112,0.1915,SIX2
Set 2,PODOCYTE-01,Podocyte,Renal,1,PAX2,0.836124,0.03,known_factor,176,1.0000,PAX2
Set 2,PODOCYTE-01,Podocyte,Renal,2,TFCP2L1,0.819726,0.06,program_neighbor,2,0.0073,WT1
Set 2,PODOCYTE-01,Podocyte,Renal,3,LMX1B,0.805925,0.09,known_factor,140,1.0000,LMX1B
Set 2,PODOCYTE-01,Podocyte,Renal,4,TFAP2B,0.730720,0.13,program_neighbor,176,1.0000,PAX2
Set 2,PODOCYTE-01,Podocyte,Renal,5,FOXI1,0.701358,0.16,program_neighbor,140,1.0000,LMX1B
Set 2,PODOCYTE-01,Podocyte,Renal,6,WTIP,0.663607,0.19,program_neighbor,140,0.8537,LMX1B
Set 2,PODOCYTE-01,Podocyte,Renal,7,ARNT2,0.641470,0.22,program_neighbor,176,0.6286,PAX2
Set 2,PODOCYTE-01,Podocyte,Renal,8,NRIP1,0.617383,0.25,program_neighbor,53,0.2677,LMX1B
Set 2,PODOCYTE-01,Podocyte,Renal,9,ZHX3,0.605196,0.28,program_neighbor,140,0.9459,LMX1B
Set 2,PODOCYTE-01,Podocyte,Renal,10,SALL1,0.566502,0.32,program_neighbor,10,0.0690,LMX1B
Set 2,PODOCYTE-01,Podocyte,Renal,11,TCF21,0.547095,0.35,novel_prediction,0,0.0000,
Set 2,PODOCYTE-01,Podocyte,Renal,12,WT1,0.534443,0.38,known_factor,227,1.0000,WT1
Set 2,PODOCYTE-01,Podocyte,Renal,13,DMRT2,0.527735,0.41,program_neighbor,140,0.9929,LMX1B
Set 2,PODOCYTE-01,Podocyte,Renal,14,DDN,0.520702,0.44,program_neighbor,61,0.3245,LMX1B
Set 2,PODOCYTE-01,Podocyte,Renal,15,KLF4,0.519662,0.47,program_neighbor,140,0.7368,LMX1B
Set 2,PODOCYTE-01,Podocyte,Renal,16,WWC1,0.513412,0.51,program_neighbor,140,1.0000,LMX1B
Set 2,PODOCYTE-01,Podocyte,Renal,17,SIX2,0.506207,0.54,known_cofactor,191,0.8268,WT1
Set 2,PODOCYTE-01,Podocyte,Renal,18,NR0B1,0.502647,0.57,program_neighbor,191,0.7992,WT1
Set 2,PODOCYTE-01,Podocyte,Renal,19,INSM1,0.500736,0.60,program_neighbor,141,0.8917,LMX1B
Set 2,PODOCYTE-01,Podocyte,Renal,20,GLIS2,0.498830,0.63,program_neighbor,140,0.9929,LMX1B
Set 2,PODOCYTE-01,Podocyte,Renal,21,HOXB8,0.492530,0.66,program_neighbor,7,0.0259,WT1
Set 2,PODOCYTE-01,Podocyte,Renal,22,HNF1B,0.486253,0.69,known_cofactor,176,1.0000,PAX2
Set 2,PODOCYTE-01,Podocyte,Renal,23,PER3,0.482683,0.73,program_neighbor,11,0.0699,LMX1B
Set 2,PODOCYTE-01,Podocyte,Renal,24,CITED2,0.478684,0.76,program_neighbor,176,1.0000,PAX2
Set 2,PODOCYTE-01,Podocyte,Renal,25,ATOH8,0.478619,0.79,program_neighbor,140,1.0000,LMX1B
Set 2,PODOCYTE-01,Podocyte,Renal,26,MAPK12,0.473846,0.82,program_neighbor,55,0.1884,PAX2
Set 2,PODOCYTE-01,Podocyte,Renal,27,HNF1A,0.470721,0.85,program_neighbor,177,0.9888,PAX2
Set 2,PODOCYTE-01,Podocyte,Renal,28,HOXB6,0.470338,0.88,program_neighbor,6,0.0254,LMX1B
Set 2,PODOCYTE-01,Podocyte,Renal,29,HMX2,0.467615,0.92,program_neighbor,5,0.0184,WT1
Set 2,PODOCYTE-01,Podocyte,Renal,30,HOXB9,0.462518,0.95,program_neighbor,140,1.0000,LMX1B
Set 2,PODOCYTE-01,Podocyte,Renal,31,KLF15,0.458091,0.98,program_neighbor,140,1.0000,LMX1B
Set 2,PODOCYTE-01,Podocyte,Renal,32,FOXD1,0.457279,1.01,program_neighbor,141,0.9929,LMX1B
Set 2,PODOCYTE-01,Podocyte,Renal,33,FOXI2,0.452170,1.04,program_neighbor,7,0.0259,WT1
Set 2,PODOCYTE-01,Podocyte,Renal,34,EMX1,0.447060,1.07,program_neighbor,10,0.0714,LMX1B
Set 2,PODOCYTE-01,Podocyte,Renal,35,ESRRB,0.442751,1.11,program_neighbor,140,1.0000,LMX1B
Set 2,PODOCYTE-01,Podocyte,Renal,36,EPAS1,0.439875,1.14,program_neighbor,140,0.5645,LMX1B
Set 2,PODOCYTE-01,Podocyte,Renal,37,HOXD1,0.439342,1.17,program_neighbor,6,0.0273,PAX2
Set 2,PODOCYTE-01,Podocyte,Renal,38,POU5F1,0.437469,1.20,program_neighbor,176,0.8756,PAX2
Set 2,PODOCYTE-01,Podocyte,Renal,39,PAX8,0.436947,1.23,known_cofactor,140,0.9859,LMX1B
Set 2,PODOCYTE-01,Podocyte,Renal,40,JADE1,0.436396,1.26,program_neighbor,176,0.9026,PAX2
Set 2,PODOCYTE-01,Podocyte,Renal,41,SIX1,0.435554,1.30,program_neighbor,177,0.9944,PAX2
Set 2,PODOCYTE-01,Podocyte,Renal,42,SIM1,0.433963,1.33,program_neighbor,140,0.9929,LMX1B
Set 2,PODOCYTE-01,Podocyte,Renal,43,SIX4,0.432601,1.36,program_neighbor,176,0.9412,PAX2
Set 2,PODOCYTE-01,Podocyte,Renal,44,TRIM15,0.430467,1.39,program_neighbor,83,0.1677,LMX1B
Set 2,PODOCYTE-01,Podocyte,Renal,45,HNF4A,0.429604,1.42,known_cofactor,140,0.9032,LMX1B
Set 2,PODOCYTE-01,Podocyte,Renal,46,ZNF683,0.426027,1.45,program_neighbor,140,0.2828,LMX1B
Set 2,PODOCYTE-01,Podocyte,Renal,47,EYA1,0.425420,1.48,program_neighbor,12,0.0231,LMX1B
Set 2,PODOCYTE-01,Podocyte,Renal,48,NR0B2,0.422295,1.52,program_neighbor,9,0.0336,WT1
Set 2,PODOCYTE-01,Podocyte,Renal,49,NR1H4,0.418923,1.55,program_neighbor,176,0.3315,PAX2
Set 2,PODOCYTE-01,Podocyte,Renal,50,PNN,0.418754,1.58,program_neighbor,112,0.1815,WT1
Set 3,SET3-DC-01,cDC1,Immune,1,CR2,0.866279,0.03,program_neighbor,439,0.8267,IRF8
Set 3,SET3-DC-01,cDC1,Immune,2,TLR8,0.855224,0.06,program_neighbor,438,0.8218,IRF8
Set 3,SET3-DC-01,cDC1,Immune,3,NLRC5,0.824030,0.09,program_neighbor,439,0.8252,IRF8
Set 3,SET3-DC-01,cDC1,Immune,4,TCF7,0.797850,0.13,program_neighbor,531,0.9602,IRF8
Set 3,SET3-DC-01,cDC1,Immune,5,TXK,0.797746,0.16,novel_prediction,0,0.0000,
Set 3,SET3-DC-01,cDC1,Immune,6,SPIB,0.792850,0.19,program_neighbor,140,1.0000,SPI1
Set 3,SET3-DC-01,cDC1,Immune,7,AKNA,0.785256,0.22,program_neighbor,97,0.4683,SPI1
Set 3,SET3-DC-01,cDC1,Immune,8,EOMES,0.773540,0.25,program_neighbor,140,0.9929,SPI1
Set 3,SET3-DC-01,cDC1,Immune,9,IRF5,0.772770,0.28,program_neighbor,460,0.7958,IRF8
Set 3,SET3-DC-01,cDC1,Immune,10,ARID3A,0.750529,0.32,program_neighbor,140,0.9211,SPI1
Set 3,SET3-DC-01,cDC1,Immune,11,CD274,0.745952,0.35,program_neighbor,445,0.6753,IRF8
Set 3,SET3-DC-01,cDC1,Immune,12,ARID5A,0.733029,0.38,program_neighbor,440,0.8286,IRF8
Set 3,SET3-DC-01,cDC1,Immune,13,PADI4,0.718595,0.41,program_neighbor,495,0.9305,IRF8
Set 3,SET3-DC-01,cDC1,Immune,14,BATF3,0.716216,0.44,known_factor,140,1.0000,SPI1
Set 3,SET3-DC-01,cDC1,Immune,15,NFATC2,0.712816,0.47,program_neighbor,141,0.8092,SPI1
Set 3,SET3-DC-01,cDC1,Immune,16,MSC,0.696782,0.51,program_neighbor,140,1.0000,SPI1
Set 3,SET3-DC-01,cDC1,Immune,17,FEZF2,0.691744,0.54,program_neighbor,140,0.9929,SPI1
Set 3,SET3-DC-01,cDC1,Immune,18,EBF1,0.678142,0.57,program_neighbor,140,1.0000,SPI1
Set 3,SET3-DC-01,cDC1,Immune,19,ZFAT,0.676131,0.60,program_neighbor,140,0.9859,SPI1
Set 3,SET3-DC-01,cDC1,Immune,20,RAG2,0.674415,0.63,program_neighbor,4,0.0286,SPI1
Set 3,SET3-DC-01,cDC1,Immune,21,TBX21,0.664520,0.66,program_neighbor,12,0.0211,IRF8
Set 3,SET3-DC-01,cDC1,Immune,22,POLR3F,0.660596,0.69,program_neighbor,495,0.9322,IRF8
Set 3,SET3-DC-01,cDC1,Immune,23,GLI2,0.654336,0.73,program_neighbor,176,0.7821,SPI1
Set 3,SET3-DC-01,cDC1,Immune,24,IKZF3,0.653997,0.76,program_neighbor,140,1.0000,SPI1
Set 3,SET3-DC-01,cDC1,Immune,25,BTK,0.650131,0.79,program_neighbor,438,0.8218,IRF8
Set 3,SET3-DC-01,cDC1,Immune,26,ELF1,0.646710,0.82,program_neighbor,140,0.8140,SPI1
Set 3,SET3-DC-01,cDC1,Immune,27,SBNO1,0.644802,0.85,program_neighbor,495,0.9270,IRF8
Set 3,SET3-DC-01,cDC1,Immune,28,RUNX3,0.642726,0.88,program_neighbor,140,0.9032,SPI1
Set 3,SET3-DC-01,cDC1,Immune,29,KLF6,0.631071,0.92,program_neighbor,140,1.0000,SPI1
Set 3,SET3-DC-01,cDC1,Immune,30,SOX13,0.630897,0.95,program_neighbor,140,0.8187,SPI1
Set 3,SET3-DC-01,cDC1,Immune,31,FASLG,0.627987,0.98,program_neighbor,53,0.0835,IRF8
Set 3,SET3-DC-01,cDC1,Immune,32,BATF,0.627780,1.01,program_neighbor,140,1.0000,SPI1
Set 3,SET3-DC-01,cDC1,Immune,33,POLR3C,0.627171,1.04,program_neighbor,495,0.9305,IRF8
Set 3,SET3-DC-01,cDC1,Immune,34,G3BP1,0.626177,1.07,program_neighbor,438,0.7617,IRF8
Set 3,SET3-DC-01,cDC1,Immune,35,KLF13,0.625493,1.11,program_neighbor,88,0.5146,SPI1
Set 3,SET3-DC-01,cDC1,Immune,36,ACTN1,0.624067,1.14,program_neighbor,1,0.0018,IRF8
Set 3,SET3-DC-01,cDC1,Immune,37,IFIT5,0.620069,1.17,program_neighbor,438,0.7892,IRF8
Set 3,SET3-DC-01,cDC1,Immune,38,STAT4,0.616856,1.20,program_neighbor,495,0.9305,IRF8
Set 3,SET3-DC-01,cDC1,Immune,39,SERTAD3,0.616844,1.23,program_neighbor,495,0.9305,IRF8
Set 3,SET3-DC-01,cDC1,Immune,40,PAX5,0.615350,1.26,program_neighbor,140,0.9524,SPI1
Set 3,SET3-DC-01,cDC1,Immune,41,CABIN1,0.613041,1.30,program_neighbor,77,0.4695,SPI1
Set 3,SET3-DC-01,cDC1,Immune,42,PBXIP1,0.605839,1.33,program_neighbor,495,0.5817,IRF8
Set 3,SET3-DC-01,cDC1,Immune,43,IKZF1,0.605308,1.36,program_neighbor,140,0.9929,SPI1
Set 3,SET3-DC-01,cDC1,Immune,44,POLR3D,0.604756,1.39,program_neighbor,495,0.9322,IRF8
Set 3,SET3-DC-01,cDC1,Immune,45,IKZF4,0.604567,1.42,program_neighbor,140,1.0000,SPI1
Set 3,SET3-DC-01,cDC1,Immune,46,IRF7,0.603717,1.45,known_cofactor,439,0.8040,IRF8
Set 3,SET3-DC-01,cDC1,Immune,47,ILF2,0.603589,1.48,program_neighbor,1,0.0019,IRF8
Set 3,SET3-DC-01,cDC1,Immune,48,PSPC1,0.603588,1.52,program_neighbor,495,0.9322,IRF8
Set 3,SET3-DC-01,cDC1,Immune,49,IL16,0.599783,1.55,program_neighbor,441,0.8258,IRF8
Set 3,SET3-DC-01,cDC1,Immune,50,HEXIM1,0.598957,1.58,program_neighbor,449,0.8456,IRF8
Set 3,SET3-DC-02,cDC2,Immune,1,CR2,0.866279,0.03,program_neighbor,439,0.8833,IRF4
Set 3,SET3-DC-02,cDC2,Immune,2,TLR8,0.855224,0.06,program_neighbor,438,0.8778,IRF4
Set 3,SET3-DC-02,cDC2,Immune,3,NLRC5,0.824030,0.09,program_neighbor,439,0.8815,IRF4
Set 3,SET3-DC-02,cDC2,Immune,4,TCF7,0.797850,0.13,program_neighbor,495,0.8919,IRF4
Set 3,SET3-DC-02,cDC2,Immune,5,TXK,0.797746,0.16,novel_prediction,0,0.0000,
Set 3,SET3-DC-02,cDC2,Immune,6,SPIB,0.792850,0.19,program_neighbor,140,1.0000,SPI1
Set 3,SET3-DC-02,cDC2,Immune,7,AKNA,0.785256,0.22,program_neighbor,98,0.4683,SPI1
Set 3,SET3-DC-02,cDC2,Immune,8,EOMES,0.773540,0.25,program_neighbor,140,0.9929,SPI1
Set 3,SET3-DC-02,cDC2,Immune,9,IRF5,0.772770,0.28,program_neighbor,460,0.8456,IRF4
Set 3,SET3-DC-02,cDC2,Immune,10,ARID3A,0.750529,0.32,program_neighbor,140,0.9211,SPI1
Set 3,SET3-DC-02,cDC2,Immune,11,CD274,0.745952,0.35,program_neighbor,446,0.7147,IRF4
Set 3,SET3-DC-02,cDC2,Immune,12,ARID5A,0.733029,0.38,program_neighbor,440,0.8853,IRF4
Set 3,SET3-DC-02,cDC2,Immune,13,PADI4,0.718595,0.41,program_neighbor,496,0.9980,IRF4
Set 3,SET3-DC-02,cDC2,Immune,14,BATF3,0.716216,0.44,known_cofactor,140,1.0000,SPI1
Set 3,SET3-DC-02,cDC2,Immune,15,NFATC2,0.712816,0.47,program_neighbor,141,0.8092,SPI1
Set 3,SET3-DC-02,cDC2,Immune,16,MSC,0.696782,0.51,program_neighbor,140,1.0000,SPI1
Set 3,SET3-DC-02,cDC2,Immune,17,FEZF2,0.691744,0.54,program_neighbor,140,0.9929,SPI1
Set 3,SET3-DC-02,cDC2,Immune,18,EBF1,0.678142,0.57,program_neighbor,140,1.0000,SPI1
Set 3,SET3-DC-02,cDC2,Immune,19,ZFAT,0.676131,0.60,program_neighbor,140,0.9859,SPI1
Set 3,SET3-DC-02,cDC2,Immune,20,RAG2,0.674415,0.63,program_neighbor,4,0.0286,SPI1
Set 3,SET3-DC-02,cDC2,Immune,21,TBX21,0.664520,0.66,program_neighbor,12,0.0224,IRF4
Set 3,SET3-DC-02,cDC2,Immune,22,POLR3F,0.660596,0.69,program_neighbor,495,0.9960,IRF4
Set 3,SET3-DC-02,cDC2,Immune,23,GLI2,0.654336,0.73,program_neighbor,141,0.7821,SPI1
Set 3,SET3-DC-02,cDC2,Immune,24,IKZF3,0.653997,0.76,program_neighbor,140,1.0000,SPI1
Set 3,SET3-DC-02,cDC2,Immune,25,BTK,0.650131,0.79,program_neighbor,439,0.8815,IRF4
Set 3,SET3-DC-02,cDC2,Immune,26,ELF1,0.646710,0.82,program_neighbor,140,0.8140,SPI1
Set 3,SET3-DC-02,cDC2,Immune,27,SBNO1,0.644802,0.85,program_neighbor,495,0.9900,IRF4
Set 3,SET3-DC-02,cDC2,Immune,28,RUNX3,0.642726,0.88,program_neighbor,140,0.9032,SPI1
Set 3,SET3-DC-02,cDC2,Immune,29,KLF6,0.631071,0.92,program_neighbor,140,1.0000,SPI1
Set 3,SET3-DC-02,cDC2,Immune,30,SOX13,0.630897,0.95,program_neighbor,140,0.8187,SPI1
Set 3,SET3-DC-02,cDC2,Immune,31,FASLG,0.627987,0.98,program_neighbor,18,0.0607,SPI1
Set 3,SET3-DC-02,cDC2,Immune,32,BATF,0.627780,1.01,program_neighbor,140,1.0000,SPI1
Set 3,SET3-DC-02,cDC2,Immune,33,POLR3C,0.627171,1.04,program_neighbor,495,0.9940,IRF4
Set 3,SET3-DC-02,cDC2,Immune,34,G3BP1,0.626177,1.07,program_neighbor,438,0.8096,IRF4
Set 3,SET3-DC-02,cDC2,Immune,35,KLF13,0.625493,1.11,program_neighbor,88,0.5146,SPI1
Set 3,SET3-DC-02,cDC2,Immune,36,ACTN1,0.624067,1.14,program_neighbor,1,0.0019,IRF4
Set 3,SET3-DC-02,cDC2,Immune,37,IFIT5,0.620069,1.17,program_neighbor,438,0.8407,IRF4
Set 3,SET3-DC-02,cDC2,Immune,38,STAT4,0.616856,1.20,program_neighbor,496,0.9980,IRF4
Set 3,SET3-DC-02,cDC2,Immune,39,SERTAD3,0.616844,1.23,program_neighbor,496,0.9980,IRF4
Set 3,SET3-DC-02,cDC2,Immune,40,PAX5,0.615350,1.26,program_neighbor,140,0.9524,SPI1
Set 3,SET3-DC-02,cDC2,Immune,41,CABIN1,0.613041,1.30,program_neighbor,79,0.4695,SPI1
Set 3,SET3-DC-02,cDC2,Immune,42,PBXIP1,0.605839,1.33,program_neighbor,495,0.6059,IRF4
Set 3,SET3-DC-02,cDC2,Immune,43,IKZF1,0.605308,1.36,program_neighbor,141,0.9929,SPI1
Set 3,SET3-DC-02,cDC2,Immune,44,POLR3D,0.604756,1.39,program_neighbor,495,0.9960,IRF4
Set 3,SET3-DC-02,cDC2,Immune,45,IKZF4,0.604567,1.42,program_neighbor,140,1.0000,SPI1
Set 3,SET3-DC-02,cDC2,Immune,46,IRF7,0.603717,1.45,known_cofactor,439,0.8574,IRF4
Set 3,SET3-DC-02,cDC2,Immune,47,ILF2,0.603589,1.48,program_neighbor,1,0.0020,IRF4
Set 3,SET3-DC-02,cDC2,Immune,48,PSPC1,0.603588,1.52,program_neighbor,495,0.9960,IRF4
Set 3,SET3-DC-02,cDC2,Immune,49,IL16,0.599783,1.55,program_neighbor,442,0.8858,IRF4
Set 3,SET3-DC-02,cDC2,Immune,50,HEXIM1,0.598957,1.58,program_neighbor,449,0.9034,IRF4
Set 3,SET3-MAC-01,Macrophage,Immune,1,PADI4,0.795520,0.03,program_neighbor,140,0.2823,SPI1
Set 3,SET3-MAC-01,Macrophage,Immune,2,CR2,0.771159,0.06,program_neighbor,84,0.1697,SPI1
Set 3,SET3-MAC-01,Macrophage,Immune,3,CEBPE,0.741741,0.09,program_neighbor,140,0.2828,SPI1
Set 3,SET3-MAC-01,Macrophage,Immune,4,TLR8,0.733031,0.13,program_neighbor,83,0.1670,SPI1
Set 3,SET3-MAC-01,Macrophage,Immune,5,KLF1,0.731493,0.16,program_neighbor,140,0.7955,SPI1
Set 3,SET3-MAC-01,Macrophage,Immune,6,SPI1,0.715626,0.19,known_factor,140,1.0000,SPI1
Set 3,SET3-MAC-01,Macrophage,Immune,7,IKZF1,0.696911,0.22,program_neighbor,140,0.9929,SPI1
Set 3,SET3-MAC-01,Macrophage,Immune,8,TBX21,0.693380,0.25,program_neighbor,1,0.0053,SPI1
Set 3,SET3-MAC-01,Macrophage,Immune,9,NLRC5,0.691202,0.28,program_neighbor,84,0.1694,SPI1
Set 3,SET3-MAC-01,Macrophage,Immune,10,TXK,0.690493,0.32,novel_prediction,0,0.0000,
Set 3,SET3-MAC-01,Macrophage,Immune,11,ELANE,0.674114,0.35,novel_prediction,0,0.0000,
Set 3,SET3-MAC-01,Macrophage,Immune,12,SPIB,0.659037,0.38,program_neighbor,140,1.0000,SPI1
Set 3,SET3-MAC-01,Macrophage,Immune,13,NR5A1,0.658052,0.41,program_neighbor,140,1.0000,SPI1
Set 3,SET3-MAC-01,Macrophage,Immune,14,FASLG,0.656169,0.44,program_neighbor,17,0.0607,SPI1
Set 3,SET3-MAC-01,Macrophage,Immune,15,TCF7,0.655786,0.47,program_neighbor,140,0.2532,SPI1
Set 3,SET3-MAC-01,Macrophage,Immune,16,SPIC,0.652664,0.51,program_neighbor,3,0.0160,SPI1
Set 3,SET3-MAC-01,Macrophage,Immune,17,EOMES,0.649162,0.54,program_neighbor,140,0.9929,SPI1
Set 3,SET3-MAC-01,Macrophage,Immune,18,BATF,0.647148,0.57,program_neighbor,140,1.0000,SPI1
Set 3,SET3-MAC-01,Macrophage,Immune,19,IKZF3,0.643770,0.60,program_neighbor,140,1.0000,SPI1
Set 3,SET3-MAC-01,Macrophage,Immune,20,AIM2,0.641100,0.63,program_neighbor,84,0.1547,SPI1
Set 3,SET3-MAC-01,Macrophage,Immune,21,BTK,0.641078,0.66,program_neighbor,83,0.1670,SPI1
Set 3,SET3-MAC-01,Macrophage,Immune,22,AKNA,0.637076,0.69,program_neighbor,96,0.4683,SPI1
Set 3,SET3-MAC-01,Macrophage,Immune,23,MPO,0.636208,0.73,program_neighbor,84,0.1547,SPI1
Set 3,SET3-MAC-01,Macrophage,Immune,24,RUNX3,0.635975,0.76,program_neighbor,140,0.9032,SPI1
Set 3,SET3-MAC-01,Macrophage,Immune,25,STAT4,0.632937,0.79,program_neighbor,140,0.2823,SPI1
Set 3,SET3-MAC-01,Macrophage,Immune,26,NFE2,0.629576,0.82,program_neighbor,140,1.0000,SPI1
Set 3,SET3-MAC-01,Macrophage,Immune,27,GFI1,0.624002,0.85,program_neighbor,140,1.0000,SPI1
Set 3,SET3-MAC-01,Macrophage,Immune,28,IRF1,0.618311,0.88,program_neighbor,140,0.2637,SPI1
Set 3,SET3-MAC-01,Macrophage,Immune,29,NLRP3,0.616282,0.92,program_neighbor,140,0.2160,SPI1
Set 3,SET3-MAC-01,Macrophage,Immune,30,HHEX,0.613593,0.95,known_cofactor,140,0.5738,SPI1
Set 3,SET3-MAC-01,Macrophage,Immune,31,ZBP1,0.613166,0.98,program_neighbor,1,0.0056,SPI1
Set 3,SET3-MAC-01,Macrophage,Immune,32,LTF,0.607391,1.01,program_neighbor,83,0.1563,SPI1
Set 3,SET3-MAC-01,Macrophage,Immune,33,IRF5,0.606905,1.04,program_neighbor,105,0.1937,SPI1
Set 3,SET3-MAC-01,Macrophage,Immune,34,TLX1,0.605462,1.07,program_neighbor,140,0.9722,SPI1
Set 3,SET3-MAC-01,Macrophage,Immune,35,ZNF467,0.596059,1.11,program_neighbor,140,1.0000,SPI1
Set 3,SET3-MAC-01,Macrophage,Immune,36,ARID3A,0.589148,1.14,program_neighbor,140,0.9211,SPI1
Set 3,SET3-MAC-01,Macrophage,Immune,37,ARID5A,0.589116,1.17,program_neighbor,85,0.1717,SPI1
Set 3,SET3-MAC-01,Macrophage,Immune,38,POU2AF1,0.586940,1.20,program_neighbor,3,0.0160,SPI1
Set 3,SET3-MAC-01,Macrophage,Immune,39,PAX5,0.586150,1.23,program_neighbor,140,0.9524,SPI1
Set 3,SET3-MAC-01,Macrophage,Immune,40,GATA1,0.582725,1.26,program_neighbor,140,0.7955,SPI1
Set 3,SET3-MAC-01,Macrophage,Immune,41,CD274,0.576133,1.30,program_neighbor,90,0.1445,SPI1
Set 3,SET3-MAC-01,Macrophage,Immune,42,SNAI3,0.570570,1.33,program_neighbor,140,1.0000,SPI1
Set 3,SET3-MAC-01,Macrophage,Immune,43,LYL1,0.567072,1.36,program_neighbor,140,0.7527,SPI1
Set 3,SET3-MAC-01,Macrophage,Immune,44,FOXP3,0.566669,1.39,program_neighbor,140,0.2828,SPI1
Set 3,SET3-MAC-01,Macrophage,Immune,45,IL16,0.565997,1.42,program_neighbor,86,0.1727,SPI1
Set 3,SET3-MAC-01,Macrophage,Immune,46,IRF8,0.565987,1.45,program_neighbor,140,0.2637,SPI1
Set 3,SET3-MAC-01,Macrophage,Immune,47,NFATC2,0.565733,1.48,program_neighbor,140,0.8092,SPI1
Set 3,SET3-MAC-01,Macrophage,Immune,48,IRF7,0.563571,1.52,program_neighbor,84,0.1647,SPI1
Set 3,SET3-MAC-01,Macrophage,Immune,49,SP140,0.561382,1.55,program_neighbor,85,0.1562,SPI1
Set 3,SET3-MAC-01,Macrophage,Immune,50,RELB,0.552091,1.58,program_neighbor,140,0.2828,SPI1
Set 3,SET3-NK-01,NK cell,Immune,1,CR2,0.875298,0.03,program_neighbor,84,0.1697,SPI1
Set 3,SET3-NK-01,NK cell,Immune,2,TLR8,0.835951,0.06,program_neighbor,83,0.1670,SPI1
Set 3,SET3-NK-01,NK cell,Immune,3,SPIB,0.819300,0.09,program_neighbor,140,1.0000,SPI1
Set 3,SET3-NK-01,NK cell,Immune,4,TCF7,0.809264,0.13,program_neighbor,140,0.2532,SPI1
Set 3,SET3-NK-01,NK cell,Immune,5,EOMES,0.797052,0.16,known_cofactor,140,0.9929,SPI1
Set 3,SET3-NK-01,NK cell,Immune,6,TXK,0.796943,0.19,novel_prediction,0,0.0000,
Set 3,SET3-NK-01,NK cell,Immune,7,NLRC5,0.780759,0.22,program_neighbor,84,0.1694,SPI1
Set 3,SET3-NK-01,NK cell,Immune,8,AKNA,0.777399,0.25,program_neighbor,127,0.5670,KLF4
Set 3,SET3-NK-01,NK cell,Immune,9,IRF5,0.769482,0.28,program_neighbor,151,0.2766,KLF4
Set 3,SET3-NK-01,NK cell,Immune,10,ARID3A,0.766316,0.32,program_neighbor,144,0.9211,SPI1
Set 3,SET3-NK-01,NK cell,Immune,11,ARID5A,0.731357,0.35,program_neighbor,85,0.1717,SPI1
Set 3,SET3-NK-01,NK cell,Immune,12,CD274,0.727911,0.38,program_neighbor,136,0.2169,KLF4
Set 3,SET3-NK-01,NK cell,Immune,13,BATF3,0.719862,0.41,program_neighbor,140,1.0000,SPI1
Set 3,SET3-NK-01,NK cell,Immune,14,NFATC2,0.719690,0.44,program_neighbor,171,0.8906,KLF4
Set 3,SET3-NK-01,NK cell,Immune,15,TBX21,0.719207,0.47,known_cofactor,3,0.0127,KLF4
Set 3,SET3-NK-01,NK cell,Immune,16,PADI4,0.698617,0.51,program_neighbor,140,0.2823,SPI1
Set 3,SET3-NK-01,NK cell,Immune,17,FEZF2,0.687872,0.54,program_neighbor,140,0.9929,SPI1
Set 3,SET3-NK-01,NK cell,Immune,18,GLI2,0.685651,0.57,program_neighbor,140,0.7821,SPI1
Set 3,SET3-NK-01,NK cell,Immune,19,RAG2,0.682987,0.60,program_neighbor,4,0.0286,SPI1
Set 3,SET3-NK-01,NK cell,Immune,20,MSC,0.679177,0.63,program_neighbor,140,1.0000,SPI1
Set 3,SET3-NK-01,NK cell,Immune,21,FASLG,0.677585,0.66,program_neighbor,63,0.2218,KLF4
Set 3,SET3-NK-01,NK cell,Immune,22,ZFAT,0.673830,0.69,program_neighbor,140,0.9859,SPI1
Set 3,SET3-NK-01,NK cell,Immune,23,IKZF3,0.670981,0.73,program_neighbor,140,1.0000,SPI1
Set 3,SET3-NK-01,NK cell,Immune,24,EBF1,0.667838,0.76,program_neighbor,140,1.0000,SPI1
Set 3,SET3-NK-01,NK cell,Immune,25,ELF1,0.663390,0.79,program_neighbor,171,0.8953,KLF4
Set 3,SET3-NK-01,NK cell,Immune,26,RUNX3,0.642816,0.82,program_neighbor,140,0.9032,SPI1
Set 3,SET3-NK-01,NK cell,Immune,27,PAX5,0.639165,0.85,program_neighbor,140,0.9524,SPI1
Set 3,SET3-NK-01,NK cell,Immune,28,BCL6B,0.637165,0.88,novel_prediction,0,0.0000,
Set 3,SET3-NK-01,NK cell,Immune,29,KLF13,0.637145,0.92,program_neighbor,119,0.6263,KLF4
Set 3,SET3-NK-01,NK cell,Immune,30,BTK,0.636829,0.95,program_neighbor,83,0.1670,SPI1
Set 3,SET3-NK-01,NK cell,Immune,31,POLR3F,0.634894,0.98,program_neighbor,140,0.2828,SPI1
Set 3,SET3-NK-01,NK cell,Immune,32,KLF6,0.634416,1.01,program_neighbor,140,1.0000,SPI1
Set 3,SET3-NK-01,NK cell,Immune,33,SBNO1,0.634354,1.04,program_neighbor,140,0.2811,SPI1
Set 3,SET3-NK-01,NK cell,Immune,34,SOX13,0.634087,1.07,program_neighbor,171,0.9000,KLF4
Set 3,SET3-NK-01,NK cell,Immune,35,BATF,0.628890,1.11,program_neighbor,140,1.0000,SPI1
Set 3,SET3-NK-01,NK cell,Immune,36,CABIN1,0.617587,1.14,program_neighbor,77,0.4695,SPI1
Set 3,SET3-NK-01,NK cell,Immune,37,G3BP1,0.617071,1.17,program_neighbor,83,0.1540,SPI1
Set 3,SET3-NK-01,NK cell,Immune,38,IKZF1,0.615373,1.20,program_neighbor,140,0.9929,SPI1
Set 3,SET3-NK-01,NK cell,Immune,39,PSPC1,0.615360,1.23,program_neighbor,140,0.2828,SPI1
Set 3,SET3-NK-01,NK cell,Immune,40,GADD45A,0.611716,1.26,novel_prediction,0,0.0000,
Set 3,SET3-NK-01,NK cell,Immune,41,RBM14,0.608880,1.30,program_neighbor,136,0.2341,KLF4
Set 3,SET3-NK-01,NK cell,Immune,42,POLR3C,0.606845,1.33,program_neighbor,140,0.2823,SPI1
Set 3,SET3-NK-01,NK cell,Immune,43,IKZF4,0.605678,1.36,program_neighbor,140,1.0000,SPI1
Set 3,SET3-NK-01,NK cell,Immune,44,IRF7,0.604025,1.39,program_neighbor,84,0.1647,SPI1
Set 3,SET3-NK-01,NK cell,Immune,45,SERTAD3,0.603238,1.42,program_neighbor,140,0.2823,SPI1
Set 3,SET3-NK-01,NK cell,Immune,46,SOX12,0.601082,1.45,program_neighbor,3,0.0160,SPI1
Set 3,SET3-NK-01,NK cell,Immune,47,ZFP90,0.591990,1.48,program_neighbor,140,1.0000,SPI1
Set 3,SET3-NK-01,NK cell,Immune,48,POLR3D,0.591137,1.52,program_neighbor,140,0.2828,SPI1
Set 3,SET3-NK-01,NK cell,Immune,49,ACTN1,0.590383,1.55,novel_prediction,0,0.0000,
Set 3,SET3-NK-01,NK cell,Immune,50,ACTN4,0.589386,1.58,program_neighbor,10,0.0610,SPI1
Set 3,SET3-OLIGO-01,Oligodendrocyte,Glial,1,DRGX,0.709886,0.03,program_neighbor,140,1.0000,OLIG2
Set 3,SET3-OLIGO-01,Oligodendrocyte,Glial,2,TBR1,0.679536,0.06,program_neighbor,140,1.0000,OLIG2
Set 3,SET3-OLIGO-01,Oligodendrocyte,Glial,3,SOHLH1,0.677127,0.09,program_neighbor,140,1.0000,OLIG2
Set 3,SET3-OLIGO-01,Oligodendrocyte,Glial,4,PAX7,0.634019,0.13,program_neighbor,176,0.8502,SOX10
Set 3,SET3-OLIGO-01,Oligodendrocyte,Glial,5,RORB,0.595312,0.16,program_neighbor,140,1.0000,OLIG2
Set 3,SET3-OLIGO-01,Oligodendrocyte,Glial,6,CHD5,0.588847,0.19,program_neighbor,90,0.4737,OLIG2
Set 3,SET3-OLIGO-01,Oligodendrocyte,Glial,7,LHX2,0.587560,0.22,novel_prediction,0,0.0000,
Set 3,SET3-OLIGO-01,Oligodendrocyte,Glial,8,FOXG1,0.575516,0.25,program_neighbor,1,0.0071,OLIG2
Set 3,SET3-OLIGO-01,Oligodendrocyte,Glial,9,CTNND2,0.573704,0.28,program_neighbor,19,0.0309,OLIG2
Set 3,SET3-OLIGO-01,Oligodendrocyte,Glial,10,DDN,0.573330,0.32,program_neighbor,61,0.3245,OLIG2
Set 3,SET3-OLIGO-01,Oligodendrocyte,Glial,11,NPAS1,0.568052,0.35,program_neighbor,140,1.0000,OLIG2
Set 3,SET3-OLIGO-01,Oligodendrocyte,Glial,12,FEZF2,0.565741,0.38,program_neighbor,140,0.9929,OLIG2
Set 3,SET3-OLIGO-01,Oligodendrocyte,Glial,13,ZFHX2,0.565738,0.41,program_neighbor,11,0.0753,OLIG2
Set 3,SET3-OLIGO-01,Oligodendrocyte,Glial,14,SCRT1,0.565227,0.44,program_neighbor,140,0.9929,OLIG2
Set 3,SET3-OLIGO-01,Oligodendrocyte,Glial,15,MAPT,0.562350,0.47,program_neighbor,48,0.2526,SOX10
Set 3,SET3-OLIGO-01,Oligodendrocyte,Glial,16,PTPRN,0.561719,0.51,program_neighbor,55,0.3216,OLIG2
Set 3,SET3-OLIGO-01,Oligodendrocyte,Glial,17,POU6F2,0.554102,0.54,program_neighbor,140,0.7368,OLIG2
Set 3,SET3-OLIGO-01,Oligodendrocyte,Glial,18,INSM2,0.552932,0.57,program_neighbor,10,0.0709,OLIG2
Set 3,SET3-OLIGO-01,Oligodendrocyte,Glial,19,PHF24,0.547978,0.60,program_neighbor,6,0.0273,SOX10
Set 3,SET3-OLIGO-01,Oligodendrocyte,Glial,20,STAT4,0.545196,0.63,program_neighbor,140,0.2823,OLIG2
Set 3,SET3-OLIGO-01,Oligodendrocyte,Glial,21,BHLHA9,0.544388,0.66,program_neighbor,6,0.0326,OLIG2
Set 3,SET3-OLIGO-01,Oligodendrocyte,Glial,22,EMX1,0.540424,0.69,program_neighbor,10,0.0714,OLIG2
Set 3,SET3-OLIGO-01,Oligodendrocyte,Glial,23,CUX2,0.537899,0.73,program_neighbor,3,0.0171,OLIG2
Set 3,SET3-OLIGO-01,Oligodendrocyte,Glial,24,SCRT2,0.536237,0.76,program_neighbor,140,0.9929,OLIG2
Set 3,SET3-OLIGO-01,Oligodendrocyte,Glial,25,DLX1,0.531203,0.79,program_neighbor,4,0.0180,SOX10
Set 3,SET3-OLIGO-01,Oligodendrocyte,Glial,26,DLX2,0.529384,0.82,program_neighbor,140,0.9929,OLIG2
Set 3,SET3-OLIGO-01,Oligodendrocyte,Glial,27,AIRE,0.529208,0.85,program_neighbor,140,0.2828,OLIG2
Set 3,SET3-OLIGO-01,Oligodendrocyte,Glial,28,EPOP,0.527480,0.88,program_neighbor,12,0.0857,OLIG2
Set 3,SET3-OLIGO-01,Oligodendrocyte,Glial,29,MEF2C,0.519340,0.92,program_neighbor,176,1.0000,SOX10
Set 3,SET3-OLIGO-01,Oligodendrocyte,Glial,30,EGR4,0.518713,0.95,program_neighbor,140,0.9859,OLIG2
Set 3,SET3-OLIGO-01,Oligodendrocyte,Glial,31,BCL11A,0.517170,0.98,program_neighbor,176,0.9670,SOX10
Set 3,SET3-OLIGO-01,Oligodendrocyte,Glial,32,CRTC1,0.511918,1.01,program_neighbor,52,0.3041,OLIG2
Set 3,SET3-OLIGO-01,Oligodendrocyte,Glial,33,STOX1,0.511869,1.04,program_neighbor,140,0.8917,OLIG2
Set 3,SET3-OLIGO-01,Oligodendrocyte,Glial,34,KCNIP3,0.511201,1.07,program_neighbor,53,0.0804,SOX10
Set 3,SET3-OLIGO-01,Oligodendrocyte,Glial,35,LHX6,0.508499,1.11,program_neighbor,140,0.8187,OLIG2
Set 3,SET3-OLIGO-01,Oligodendrocyte,Glial,36,OTUD7A,0.507649,1.14,program_neighbor,10,0.0714,OLIG2
Set 3,SET3-OLIGO-01,Oligodendrocyte,Glial,37,MEIS3,0.504237,1.17,program_neighbor,140,0.9655,OLIG2
Set 3,SET3-OLIGO-01,Oligodendrocyte,Glial,38,ACTL6B,0.503757,1.20,program_neighbor,77,0.4667,OLIG2
Set 3,SET3-OLIGO-01,Oligodendrocyte,Glial,39,PRKCB,0.501289,1.23,program_neighbor,53,0.1893,SOX10
Set 3,SET3-OLIGO-01,Oligodendrocyte,Glial,40,NLK,0.497061,1.26,program_neighbor,140,0.9091,OLIG2
Set 3,SET3-OLIGO-01,Oligodendrocyte,Glial,41,SP9,0.496415,1.30,program_neighbor,4,0.0180,SOX10
Set 3,SET3-OLIGO-01,Oligodendrocyte,Glial,42,CRYM,0.495695,1.33,program_neighbor,37,0.1968,SOX10
Set 3,SET3-OLIGO-01,Oligodendrocyte,Glial,43,SOX21,0.495103,1.36,program_neighbor,140,1.0000,OLIG2
Set 3,SET3-OLIGO-01,Oligodendrocyte,Glial,44,ARNT2,0.494962,1.39,program_neighbor,176,0.6286,SOX10
Set 3,SET3-OLIGO-01,Oligodendrocyte,Glial,45,MYT1L,0.494764,1.42,program_neighbor,140,0.9722,OLIG2
Set 3,SET3-OLIGO-01,Oligodendrocyte,Glial,46,NPAS3,0.491494,1.45,program_neighbor,140,0.9524,OLIG2
Set 3,SET3-OLIGO-01,Oligodendrocyte,Glial,47,POU3F2,0.490870,1.48,program_neighbor,140,0.9929,OLIG2
Set 3,SET3-OLIGO-01,Oligodendrocyte,Glial,48,SOX1,0.490101,1.52,program_neighbor,143,0.9655,OLIG2
Set 3,SET3-OLIGO-01,Oligodendrocyte,Glial,49,ASCL1,0.489328,1.55,program_neighbor,176,0.7213,SOX10
Set 3,SET3-OLIGO-01,Oligodendrocyte,Glial,50,ERBB4,0.483680,1.58,program_neighbor,54,0.0832,SOX10
Set 3,SET3-REC-01,Renal tubular epithelial,Renal,1,PAX2,0.836124,0.03,known_cofactor,176,1.0000,HNF1B
Set 3,SET3-REC-01,Renal tubular epithelial,Renal,2,TFCP2L1,0.819726,0.06,program_neighbor,1,0.0052,PAX8
Set 3,SET3-REC-01,Renal tubular epithelial,Renal,3,LMX1B,0.805925,0.09,known_cofactor,140,0.9859,PAX8
Set 3,SET3-REC-01,Renal tubular epithelial,Renal,4,TFAP2B,0.730720,0.13,program_neighbor,176,1.0000,HNF1B
Set 3,SET3-REC-01,Renal tubular epithelial,Renal,5,FOXI1,0.701358,0.16,program_neighbor,140,0.9859,PAX8
Set 3,SET3-REC-01,Renal tubular epithelial,Renal,6,WTIP,0.663607,0.19,program_neighbor,141,0.8545,PAX8
Set 3,SET3-REC-01,Renal tubular epithelial,Renal,7,ARNT2,0.641470,0.22,program_neighbor,176,0.6286,HNF1B
Set 3,SET3-REC-01,Renal tubular epithelial,Renal,8,NRIP1,0.617383,0.25,program_neighbor,53,0.2650,PAX8
Set 3,SET3-REC-01,Renal tubular epithelial,Renal,9,ZHX3,0.605196,0.28,program_neighbor,147,0.9423,HNF4A
Set 3,SET3-REC-01,Renal tubular epithelial,Renal,10,SALL1,0.566502,0.32,program_neighbor,15,0.0828,HNF4A
Set 3,SET3-REC-01,Renal tubular epithelial,Renal,11,TCF21,0.547095,0.35,novel_prediction,0,0.0000,
Set 3,SET3-REC-01,Renal tubular epithelial,Renal,12,WT1,0.534443,0.38,known_cofactor,176,0.7753,HNF1B
Set 3,SET3-REC-01,Renal tubular epithelial,Renal,13,DMRT2,0.527735,0.41,program_neighbor,141,0.9930,PAX8
Set 3,SET3-REC-01,Renal tubular epithelial,Renal,14,DDN,0.520702,0.44,program_neighbor,61,0.3211,PAX8
Set 3,SET3-REC-01,Renal tubular epithelial,Renal,15,KLF4,0.519662,0.47,program_neighbor,144,0.7292,PAX8
Set 3,SET3-REC-01,Renal tubular epithelial,Renal,16,WWC1,0.513412,0.51,program_neighbor,140,0.9859,PAX8
Set 3,SET3-REC-01,Renal tubular epithelial,Renal,17,SIX2,0.506207,0.54,known_cofactor,144,0.7107,PAX8
Set 3,SET3-REC-01,Renal tubular epithelial,Renal,18,NR0B1,0.502647,0.57,program_neighbor,152,0.7379,HNF4A
Set 3,SET3-REC-01,Renal tubular epithelial,Renal,19,INSM1,0.500736,0.60,program_neighbor,140,0.8805,PAX8
Set 3,SET3-REC-01,Renal tubular epithelial,Renal,20,GLIS2,0.498830,0.63,program_neighbor,141,0.9930,PAX8
Set 3,SET3-REC-01,Renal tubular epithelial,Renal,21,HOXB8,0.492530,0.66,program_neighbor,6,0.0250,HNF4A
Set 3,SET3-REC-01,Renal tubular epithelial,Renal,22,HNF1B,0.486253,0.69,known_factor,176,1.0000,HNF1B
Set 3,SET3-REC-01,Renal tubular epithelial,Renal,23,PER3,0.482683,0.73,program_neighbor,11,0.0764,PAX8
Set 3,SET3-REC-01,Renal tubular epithelial,Renal,24,CITED2,0.478684,0.76,program_neighbor,176,1.0000,HNF1B
Set 3,SET3-REC-01,Renal tubular epithelial,Renal,25,ATOH8,0.478619,0.79,program_neighbor,140,0.9859,PAX8
Set 3,SET3-REC-01,Renal tubular epithelial,Renal,26,MAPK12,0.473846,0.82,program_neighbor,67,0.1884,HNF1B
Set 3,SET3-REC-01,Renal tubular epithelial,Renal,27,HNF1A,0.470721,0.85,program_neighbor,177,0.9888,HNF1B
Set 3,SET3-REC-01,Renal tubular epithelial,Renal,28,HOXB6,0.470338,0.88,program_neighbor,5,0.0251,PAX8
Set 3,SET3-REC-01,Renal tubular epithelial,Renal,29,HMX2,0.467615,0.92,program_neighbor,5,0.0199,HNF4A
Set 3,SET3-REC-01,Renal tubular epithelial,Renal,30,HOXB9,0.462518,0.95,program_neighbor,140,0.9859,PAX8
Set 3,SET3-REC-01,Renal tubular epithelial,Renal,31,KLF15,0.458091,0.98,program_neighbor,140,0.9859,PAX8
Set 3,SET3-REC-01,Renal tubular epithelial,Renal,32,FOXD1,0.457279,1.01,program_neighbor,140,0.9790,PAX8
Set 3,SET3-REC-01,Renal tubular epithelial,Renal,33,FOXI2,0.452170,1.04,program_neighbor,5,0.0226,HNF1B
Set 3,SET3-REC-01,Renal tubular epithelial,Renal,34,EMX1,0.447060,1.07,program_neighbor,10,0.0704,PAX8
Set 3,SET3-REC-01,Renal tubular epithelial,Renal,35,ESRRB,0.442751,1.11,program_neighbor,140,0.9859,PAX8
Set 3,SET3-REC-01,Renal tubular epithelial,Renal,36,EPAS1,0.439875,1.14,program_neighbor,144,0.5600,PAX8
Set 3,SET3-REC-01,Renal tubular epithelial,Renal,37,HOXD1,0.439342,1.17,program_neighbor,6,0.0273,HNF1B
Set 3,SET3-REC-01,Renal tubular epithelial,Renal,38,POU5F1,0.437469,1.20,program_neighbor,188,0.8756,HNF1B
Set 3,SET3-REC-01,Renal tubular epithelial,Renal,39,PAX8,0.436947,1.23,known_factor,142,1.0000,PAX8
Set 3,SET3-REC-01,Renal tubular epithelial,Renal,40,JADE1,0.436396,1.26,program_neighbor,177,0.9026,HNF1B
Set 3,SET3-REC-01,Renal tubular epithelial,Renal,41,SIX1,0.435554,1.30,program_neighbor,176,0.9944,HNF1B
Set 3,SET3-REC-01,Renal tubular epithelial,Renal,42,SIM1,0.433963,1.33,program_neighbor,141,0.9930,PAX8
Set 3,SET3-REC-01,Renal tubular epithelial,Renal,43,SIX4,0.432601,1.36,program_neighbor,176,0.9412,HNF1B
Set 3,SET3-REC-01,Renal tubular epithelial,Renal,44,TRIM15,0.430467,1.39,program_neighbor,83,0.1670,PAX8
Set 3,SET3-REC-01,Renal tubular epithelial,Renal,45,HNF4A,0.429604,1.42,known_factor,155,1.0000,HNF4A
Set 3,SET3-REC-01,Renal tubular epithelial,Renal,46,ZNF683,0.426027,1.45,program_neighbor,140,0.2817,PAX8
Set 3,SET3-REC-01,Renal tubular epithelial,Renal,47,EYA1,0.425420,1.48,program_neighbor,17,0.0282,HNF4A
Set 3,SET3-REC-01,Renal tubular epithelial,Renal,48,NR0B2,0.422295,1.52,program_neighbor,7,0.0354,HNF4A
Set 3,SET3-REC-01,Renal tubular epithelial,Renal,49,NR1H4,0.418923,1.55,program_neighbor,176,0.3315,HNF1B
Set 3,SET3-REC-01,Renal tubular epithelial,Renal,50,PNN,0.418754,1.58,program_neighbor,65,0.1098,HNF4A
Set 3,SET3-NSC-01,Neural stem cell,Neuron,1,FOXG1,0.746678,0.03,known_cofactor,1,0.0071,PTF1A
Set 3,SET3-NSC-01,Neural stem cell,Neuron,2,EN2,0.736743,0.06,program_neighbor,11,0.0764,PTF1A
Set 3,SET3-NSC-01,Neural stem cell,Neuron,3,TBR1,0.700736,0.09,program_neighbor,140,0.9929,PTF1A
Set 3,SET3-NSC-01,Neural stem cell,Neuron,4,NEUROD2,0.689685,0.13,known_cofactor,141,0.6779,PTF1A
Set 3,SET3-NSC-01,Neural stem cell,Neuron,5,ZIC1,0.687872,0.16,program_neighbor,140,0.9929,PTF1A
Set 3,SET3-NSC-01,Neural stem cell,Neuron,6,ZIC2,0.677672,0.19,program_neighbor,141,1.0000,PTF1A
Set 3,SET3-NSC-01,Neural stem cell,Neuron,7,MYT1L,0.659193,0.22,known_cofactor,140,0.9655,PTF1A
Set 3,SET3-NSC-01,Neural stem cell,Neuron,8,CUX2,0.647662,0.25,program_neighbor,3,0.0170,PTF1A
Set 3,SET3-NSC-01,Neural stem cell,Neuron,9,PAX6,0.643693,0.28,known_cofactor,140,0.9929,PTF1A
Set 3,SET3-NSC-01,Neural stem cell,Neuron,10,ACTL6B,0.632247,0.32,program_neighbor,77,0.4639,PTF1A
Set 3,SET3-NSC-01,Neural stem cell,Neuron,11,ETV1,0.625845,0.35,program_neighbor,140,0.9929,PTF1A
Set 3,SET3-NSC-01,Neural stem cell,Neuron,12,POU3F3,0.624513,0.38,program_neighbor,141,0.7663,PTF1A
Set 3,SET3-NSC-01,Neural stem cell,Neuron,13,RORB,0.619488,0.41,program_neighbor,140,0.9929,PTF1A
Set 3,SET3-NSC-01,Neural stem cell,Neuron,14,OTUD7A,0.617189,0.44,program_neighbor,10,0.0709,PTF1A
Set 3,SET3-NSC-01,Neural stem cell,Neuron,15,CTNND2,0.614029,0.47,program_neighbor,19,0.0308,PTF1A
Set 3,SET3-NSC-01,Neural stem cell,Neuron,16,CELF3,0.608754,0.51,program_neighbor,9,0.0455,PTF1A
Set 3,SET3-NSC-01,Neural stem cell,Neuron,17,SCRT1,0.606378,0.54,program_neighbor,140,0.9859,PTF1A
Set 3,SET3-NSC-01,Neural stem cell,Neuron,18,ZBTB18,0.600630,0.57,program_neighbor,2,0.0106,PTF1A
Set 3,SET3-NSC-01,Neural stem cell,Neuron,19,CHD5,0.599479,0.60,program_neighbor,90,0.4712,PTF1A
Set 3,SET3-NSC-01,Neural stem cell,Neuron,20,KHDRBS3,0.598403,0.63,program_neighbor,11,0.0780,PTF1A
Set 3,SET3-NSC-01,Neural stem cell,Neuron,21,SCRT2,0.588276,0.66,program_neighbor,141,1.0000,PTF1A
Set 3,SET3-NSC-01,Neural stem cell,Neuron,22,DLX1,0.587232,0.69,known_cofactor,3,0.0160,PTF1A
Set 3,SET3-NSC-01,Neural stem cell,Neuron,23,NAP1L2,0.586593,0.73,program_neighbor,1,0.0071,PTF1A
Set 3,SET3-NSC-01,Neural stem cell,Neuron,24,DEAF1,0.583612,0.76,program_neighbor,141,0.9930,PTF1A
Set 3,SET3-NSC-01,Neural stem cell,Neuron,25,MAPT,0.582511,0.79,program_neighbor,13,0.0684,PTF1A
Set 3,SET3-NSC-01,Neural stem cell,Neuron,26,FEZF2,0.581860,0.82,program_neighbor,141,1.0000,PTF1A
Set 3,SET3-NSC-01,Neural stem cell,Neuron,27,VAX2,0.580911,0.85,program_neighbor,140,0.9929,PTF1A
Set 3,SET3-NSC-01,Neural stem cell,Neuron,28,BHLHE22,0.578714,0.88,program_neighbor,11,0.0780,PTF1A
Set 3,SET3-NSC-01,Neural stem cell,Neuron,29,INSM2,0.575190,0.92,program_neighbor,10,0.0704,PTF1A
Set 3,SET3-NSC-01,Neural stem cell,Neuron,30,UNCX,0.574698,0.95,program_neighbor,14,0.0959,PTF1A
Set 3,SET3-NSC-01,Neural stem cell,Neuron,31,CHD7,0.574569,0.98,program_neighbor,141,0.7790,PTF1A
Set 3,SET3-NSC-01,Neural stem cell,Neuron,32,PURG,0.573789,1.01,program_neighbor,10,0.0709,PTF1A
Set 3,SET3-NSC-01,Neural stem cell,Neuron,33,BARHL2,0.572820,1.04,program_neighbor,140,0.9929,PTF1A
Set 3,SET3-NSC-01,Neural stem cell,Neuron,34,NEUROD1,0.571361,1.07,known_cofactor,140,0.9929,PTF1A
Set 3,SET3-NSC-01,Neural stem cell,Neuron,35,ZIC3,0.568598,1.11,program_neighbor,140,0.9859,PTF1A
Set 3,SET3-NSC-01,Neural stem cell,Neuron,36,DDN,0.564874,1.14,program_neighbor,61,0.3228,PTF1A
Set 3,SET3-NSC-01,Neural stem cell,Neuron,37,VSX1,0.564561,1.17,program_neighbor,140,0.9929,PTF1A
Set 3,SET3-NSC-01,Neural stem cell,Neuron,38,ZIC5,0.561643,1.20,program_neighbor,140,0.9859,PTF1A
Set 3,SET3-NSC-01,Neural stem cell,Neuron,39,NKX6-2,0.556823,1.23,program_neighbor,140,0.9929,PTF1A
Set 3,SET3-NSC-01,Neural stem cell,Neuron,40,PTPRN,0.556603,1.26,program_neighbor,55,0.3198,PTF1A
Set 3,SET3-NSC-01,Neural stem cell,Neuron,41,SOHLH1,0.555365,1.30,program_neighbor,140,0.9929,PTF1A
Set 3,SET3-NSC-01,Neural stem cell,Neuron,42,BARHL1,0.555194,1.33,program_neighbor,4,0.0214,PTF1A
Set 3,SET3-NSC-01,Neural stem cell,Neuron,43,CPEB3,0.552037,1.36,program_neighbor,68,0.3799,PTF1A
Set 3,SET3-NSC-01,Neural stem cell,Neuron,44,AFF3,0.551531,1.39,program_neighbor,140,0.9859,PTF1A
Set 3,SET3-NSC-01,Neural stem cell,Neuron,45,RBFOX3,0.550793,1.42,program_neighbor,52,0.2342,PTF1A
Set 3,SET3-NSC-01,Neural stem cell,Neuron,46,EMX1,0.548573,1.45,program_neighbor,10,0.0709,PTF1A
Set 3,SET3-NSC-01,Neural stem cell,Neuron,47,POU3F2,0.547860,1.48,known_cofactor,141,1.0000,PTF1A
Set 3,SET3-NSC-01,Neural stem cell,Neuron,48,DPF3,0.545155,1.52,program_neighbor,2,0.0142,PTF1A
Set 3,SET3-NSC-01,Neural stem cell,Neuron,49,OTX2,0.542656,1.55,program_neighbor,140,0.9929,PTF1A
Set 3,SET3-NSC-01,Neural stem cell,Neuron,50,SATB2,0.542560,1.58,program_neighbor,140,0.9790,PTF1A
Set 3,SET3-CARD-01,Cardiomyocyte human,Cardiac,1,ACTN2,0.776582,0.03,program_neighbor,2,0.0168,MYOCD
Set 3,SET3-CARD-01,Cardiomyocyte human,Cardiac,2,CSRP3,0.764290,0.06,program_neighbor,83,0.1677,MESP1
Set 3,SET3-CARD-01,Cardiomyocyte human,Cardiac,3,TBX5,0.756333,0.09,known_factor,140,1.0000,MESP1
Set 3,SET3-CARD-01,Cardiomyocyte human,Cardiac,4,NKX2-5,0.735010,0.13,program_neighbor,176,1.0000,MEF2C
Set 3,SET3-CARD-01,Cardiomyocyte human,Cardiac,5,TBX20,0.718899,0.16,known_cofactor,140,0.9929,MESP1
Set 3,SET3-CARD-01,Cardiomyocyte human,Cardiac,6,ANKRD1,0.650798,0.19,program_neighbor,9,0.0269,MEF2C
Set 3,SET3-CARD-01,Cardiomyocyte human,Cardiac,7,MLIP,0.648868,0.22,program_neighbor,1,0.0102,MYOCD
Set 3,SET3-CARD-01,Cardiomyocyte human,Cardiac,8,HAND1,0.643927,0.25,program_neighbor,7,0.0326,MESP1
Set 3,SET3-CARD-01,Cardiomyocyte human,Cardiac,9,PERM1,0.638425,0.28,program_neighbor,140,0.8434,MESP1
Set 3,SET3-CARD-01,Cardiomyocyte human,Cardiac,10,GATA4,0.635944,0.32,known_factor,177,1.0000,GATA4
Set 3,SET3-CARD-01,Cardiomyocyte human,Cardiac,11,DPF3,0.628249,0.35,program_neighbor,2,0.0208,MYOCD
Set 3,SET3-CARD-01,Cardiomyocyte human,Cardiac,12,PKP2,0.598680,0.38,program_neighbor,37,0.1832,MEF2C
Set 3,SET3-CARD-01,Cardiomyocyte human,Cardiac,13,TENM2,0.575139,0.41,program_neighbor,46,0.0309,MYOCD
Set 3,SET3-CARD-01,Cardiomyocyte human,Cardiac,14,IRX4,0.568218,0.44,program_neighbor,10,0.1020,MYOCD
Set 3,SET3-CARD-01,Cardiomyocyte human,Cardiac,15,TCF15,0.562883,0.47,program_neighbor,140,0.9929,MESP1
Set 3,SET3-CARD-01,Cardiomyocyte human,Cardiac,16,ABRA,0.548095,0.51,program_neighbor,84,0.3860,MESP1
Set 3,SET3-CARD-01,Cardiomyocyte human,Cardiac,17,HEYL,0.540498,0.54,program_neighbor,140,1.0000,MESP1
Set 3,SET3-CARD-01,Cardiomyocyte human,Cardiac,18,MLF1,0.524253,0.57,program_neighbor,140,1.0000,MESP1
Set 3,SET3-CARD-01,Cardiomyocyte human,Cardiac,19,GATA6,0.507454,0.60,program_neighbor,176,1.0000,MEF2C
Set 3,SET3-CARD-01,Cardiomyocyte human,Cardiac,20,EYA4,0.504730,0.63,program_neighbor,88,0.5302,MYOCD
Set 3,SET3-CARD-01,Cardiomyocyte human,Cardiac,21,NKX2-6,0.497305,0.66,program_neighbor,176,1.0000,MEF2C
Set 3,SET3-CARD-01,Cardiomyocyte human,Cardiac,22,HEY2,0.495997,0.69,program_neighbor,140,1.0000,MESP1
Set 3,SET3-CARD-01,Cardiomyocyte human,Cardiac,23,FHL2,0.494099,0.73,program_neighbor,36,0.2045,MEF2C
Set 3,SET3-CARD-01,Cardiomyocyte human,Cardiac,24,HAND2,0.487604,0.76,known_cofactor,176,1.0000,MEF2C
Set 3,SET3-CARD-01,Cardiomyocyte human,Cardiac,25,RAG2,0.482706,0.79,program_neighbor,4,0.0417,MYOCD
Set 3,SET3-CARD-01,Cardiomyocyte human,Cardiac,26,PROX1,0.481476,0.82,program_neighbor,140,0.9929,MESP1
Set 3,SET3-CARD-01,Cardiomyocyte human,Cardiac,27,PPARGC1A,0.481324,0.85,program_neighbor,176,0.7333,MEF2C
Set 3,SET3-CARD-01,Cardiomyocyte human,Cardiac,28,MESP2,0.475327,0.88,program_neighbor,142,0.9722,MESP1
Set 3,SET3-CARD-01,Cardiomyocyte human,Cardiac,29,ESRRB,0.474167,0.92,program_neighbor,140,1.0000,MESP1
Set 3,SET3-CARD-01,Cardiomyocyte human,Cardiac,30,WNT4,0.472263,0.95,program_neighbor,10,0.1042,MYOCD
Set 3,SET3-CARD-01,Cardiomyocyte human,Cardiac,31,GATA5,0.468945,0.98,program_neighbor,140,1.0000,MESP1
Set 3,SET3-CARD-01,Cardiomyocyte human,Cardiac,32,FOXG1,0.465690,1.01,program_neighbor,1,0.0104,MYOCD
Set 3,SET3-CARD-01,Cardiomyocyte human,Cardiac,33,SRF,0.463270,1.04,known_cofactor,141,0.9929,MESP1
Set 3,SET3-CARD-01,Cardiomyocyte human,Cardiac,34,PPP1R13L,0.460786,1.07,program_neighbor,110,0.5117,GATA4
Set 3,SET3-CARD-01,Cardiomyocyte human,Cardiac,35,MESP1,0.460442,1.11,known_factor,140,1.0000,MESP1
Set 3,SET3-CARD-01,Cardiomyocyte human,Cardiac,36,KHDRBS3,0.457922,1.14,program_neighbor,11,0.1146,MYOCD
Set 3,SET3-CARD-01,Cardiomyocyte human,Cardiac,37,DBP,0.457812,1.17,program_neighbor,140,1.0000,MESP1
Set 3,SET3-CARD-01,Cardiomyocyte human,Cardiac,38,NKX1-2,0.457161,1.20,program_neighbor,10,0.1031,MYOCD
Set 3,SET3-CARD-01,Cardiomyocyte human,Cardiac,39,PRDM6,0.456653,1.23,program_neighbor,11,0.1134,MYOCD
Set 3,SET3-CARD-01,Cardiomyocyte human,Cardiac,40,RAX,0.454283,1.26,program_neighbor,10,0.1042,MYOCD
Set 3,SET3-CARD-01,Cardiomyocyte human,Cardiac,41,TBX1,0.452837,1.30,program_neighbor,140,1.0000,MESP1
Set 3,SET3-CARD-01,Cardiomyocyte human,Cardiac,42,PRDM13,0.449699,1.33,program_neighbor,10,0.1031,MYOCD
Set 3,SET3-CARD-01,Cardiomyocyte human,Cardiac,43,COLEC11,0.448044,1.36,program_neighbor,36,0.2045,MEF2C
Set 3,SET3-CARD-01,Cardiomyocyte human,Cardiac,44,MEOX1,0.447373,1.39,program_neighbor,140,1.0000,MESP1
Set 3,SET3-CARD-01,Cardiomyocyte human,Cardiac,45,NTN1,0.447193,1.42,program_neighbor,37,0.1850,GATA4
Set 3,SET3-CARD-01,Cardiomyocyte human,Cardiac,46,MYOCD,0.447147,1.45,known_factor,96,1.0000,MYOCD
Set 3,SET3-CARD-01,Cardiomyocyte human,Cardiac,47,FOXF1,0.444886,1.48,program_neighbor,11,0.1134,MYOCD
Set 3,SET3-CARD-01,Cardiomyocyte human,Cardiac,48,CRYM,0.444726,1.52,program_neighbor,37,0.1968,MEF2C
Set 3,SET3-CARD-01,Cardiomyocyte human,Cardiac,49,PAX1,0.444454,1.55,program_neighbor,140,1.0000,MESP1
Set 3,SET3-CARD-01,Cardiomyocyte human,Cardiac,50,ESRRG,0.443961,1.58,known_cofactor,140,1.0000,MESP1
Set 3,SET3-CARD-02,Cardiomyocyte human,Cardiac,1,ACTN2,0.776582,0.03,program_neighbor,2,0.0168,MYOCD
Set 3,SET3-CARD-02,Cardiomyocyte human,Cardiac,2,CSRP3,0.764290,0.06,program_neighbor,83,0.1677,TBX5
Set 3,SET3-CARD-02,Cardiomyocyte human,Cardiac,3,TBX5,0.756333,0.09,known_factor,140,1.0000,TBX5
Set 3,SET3-CARD-02,Cardiomyocyte human,Cardiac,4,NKX2-5,0.735010,0.13,program_neighbor,176,1.0000,MEF2C
Set 3,SET3-CARD-02,Cardiomyocyte human,Cardiac,5,TBX20,0.718899,0.16,known_cofactor,140,0.9929,TBX5
Set 3,SET3-CARD-02,Cardiomyocyte human,Cardiac,6,ANKRD1,0.650798,0.19,program_neighbor,9,0.0269,MEF2C
Set 3,SET3-CARD-02,Cardiomyocyte human,Cardiac,7,MLIP,0.648868,0.22,program_neighbor,1,0.0102,MYOCD
Set 3,SET3-CARD-02,Cardiomyocyte human,Cardiac,8,HAND1,0.643927,0.25,program_neighbor,7,0.0326,TBX5
Set 3,SET3-CARD-02,Cardiomyocyte human,Cardiac,9,PERM1,0.638425,0.28,program_neighbor,140,0.8434,TBX5
Set 3,SET3-CARD-02,Cardiomyocyte human,Cardiac,10,GATA4,0.635944,0.32,known_factor,177,1.0000,GATA4
Set 3,SET3-CARD-02,Cardiomyocyte human,Cardiac,11,DPF3,0.628249,0.35,program_neighbor,2,0.0208,MYOCD
Set 3,SET3-CARD-02,Cardiomyocyte human,Cardiac,12,PKP2,0.598680,0.38,program_neighbor,37,0.1832,MEF2C
Set 3,SET3-CARD-02,Cardiomyocyte human,Cardiac,13,TENM2,0.575139,0.41,program_neighbor,46,0.0309,MYOCD
Set 3,SET3-CARD-02,Cardiomyocyte human,Cardiac,14,IRX4,0.568218,0.44,program_neighbor,10,0.1020,MYOCD
Set 3,SET3-CARD-02,Cardiomyocyte human,Cardiac,15,TCF15,0.562883,0.47,program_neighbor,140,0.9929,TBX5
Set 3,SET3-CARD-02,Cardiomyocyte human,Cardiac,16,ABRA,0.548095,0.51,program_neighbor,84,0.3907,SRF
Set 3,SET3-CARD-02,Cardiomyocyte human,Cardiac,17,HEYL,0.540498,0.54,program_neighbor,140,1.0000,TBX5
Set 3,SET3-CARD-02,Cardiomyocyte human,Cardiac,18,MLF1,0.524253,0.57,program_neighbor,140,1.0000,TBX5
Set 3,SET3-CARD-02,Cardiomyocyte human,Cardiac,19,GATA6,0.507454,0.60,program_neighbor,176,1.0000,MEF2C
Set 3,SET3-CARD-02,Cardiomyocyte human,Cardiac,20,EYA4,0.504730,0.63,program_neighbor,88,0.5302,MYOCD
Set 3,SET3-CARD-02,Cardiomyocyte human,Cardiac,21,NKX2-6,0.497305,0.66,program_neighbor,176,1.0000,MEF2C
Set 3,SET3-CARD-02,Cardiomyocyte human,Cardiac,22,HEY2,0.495997,0.69,program_neighbor,140,1.0000,TBX5
Set 3,SET3-CARD-02,Cardiomyocyte human,Cardiac,23,FHL2,0.494099,0.73,program_neighbor,36,0.2045,MEF2C
Set 3,SET3-CARD-02,Cardiomyocyte human,Cardiac,24,HAND2,0.487604,0.76,known_cofactor,176,1.0000,MEF2C
Set 3,SET3-CARD-02,Cardiomyocyte human,Cardiac,25,RAG2,0.482706,0.79,program_neighbor,4,0.0417,MYOCD
Set 3,SET3-CARD-02,Cardiomyocyte human,Cardiac,26,PROX1,0.481476,0.82,program_neighbor,140,0.9929,TBX5
Set 3,SET3-CARD-02,Cardiomyocyte human,Cardiac,27,PPARGC1A,0.481324,0.85,program_neighbor,176,0.7333,MEF2C
Set 3,SET3-CARD-02,Cardiomyocyte human,Cardiac,28,MESP2,0.475327,0.88,program_neighbor,142,0.9792,SRF
Set 3,SET3-CARD-02,Cardiomyocyte human,Cardiac,29,ESRRB,0.474167,0.92,program_neighbor,140,1.0000,TBX5
Set 3,SET3-CARD-02,Cardiomyocyte human,Cardiac,30,WNT4,0.472263,0.95,program_neighbor,10,0.1042,MYOCD
Set 3,SET3-CARD-02,Cardiomyocyte human,Cardiac,31,GATA5,0.468945,0.98,program_neighbor,140,1.0000,TBX5
Set 3,SET3-CARD-02,Cardiomyocyte human,Cardiac,32,FOXG1,0.465690,1.01,program_neighbor,1,0.0104,MYOCD
Set 3,SET3-CARD-02,Cardiomyocyte human,Cardiac,33,SRF,0.463270,1.04,known_factor,141,1.0000,SRF
Set 3,SET3-CARD-02,Cardiomyocyte human,Cardiac,34,PPP1R13L,0.460786,1.07,program_neighbor,110,0.5117,GATA4
Set 3,SET3-CARD-02,Cardiomyocyte human,Cardiac,35,MESP1,0.460442,1.11,known_cofactor,140,1.0000,TBX5
Set 3,SET3-CARD-02,Cardiomyocyte human,Cardiac,36,KHDRBS3,0.457922,1.14,program_neighbor,11,0.1146,MYOCD
Set 3,SET3-CARD-02,Cardiomyocyte human,Cardiac,37,DBP,0.457812,1.17,program_neighbor,140,1.0000,TBX5
Set 3,SET3-CARD-02,Cardiomyocyte human,Cardiac,38,NKX1-2,0.457161,1.20,program_neighbor,10,0.1031,MYOCD
Set 3,SET3-CARD-02,Cardiomyocyte human,Cardiac,39,PRDM6,0.456653,1.23,program_neighbor,11,0.1134,MYOCD
Set 3,SET3-CARD-02,Cardiomyocyte human,Cardiac,40,RAX,0.454283,1.26,program_neighbor,10,0.1042,MYOCD
Set 3,SET3-CARD-02,Cardiomyocyte human,Cardiac,41,TBX1,0.452837,1.30,program_neighbor,140,1.0000,TBX5
Set 3,SET3-CARD-02,Cardiomyocyte human,Cardiac,42,PRDM13,0.449699,1.33,program_neighbor,10,0.1031,MYOCD
Set 3,SET3-CARD-02,Cardiomyocyte human,Cardiac,43,COLEC11,0.448044,1.36,program_neighbor,36,0.2045,MEF2C
Set 3,SET3-CARD-02,Cardiomyocyte human,Cardiac,44,MEOX1,0.447373,1.39,program_neighbor,140,1.0000,TBX5
Set 3,SET3-CARD-02,Cardiomyocyte human,Cardiac,45,NTN1,0.447193,1.42,program_neighbor,37,0.1850,GATA4
Set 3,SET3-CARD-02,Cardiomyocyte human,Cardiac,46,MYOCD,0.447147,1.45,known_factor,96,1.0000,MYOCD
Set 3,SET3-CARD-02,Cardiomyocyte human,Cardiac,47,FOXF1,0.444886,1.48,program_neighbor,11,0.1134,MYOCD
Set 3,SET3-CARD-02,Cardiomyocyte human,Cardiac,48,CRYM,0.444726,1.52,program_neighbor,37,0.1968,MEF2C
Set 3,SET3-CARD-02,Cardiomyocyte human,Cardiac,49,PAX1,0.444454,1.55,program_neighbor,140,1.0000,TBX5
Set 3,SET3-CARD-02,Cardiomyocyte human,Cardiac,50,ESRRG,0.443961,1.58,known_cofactor,140,1.0000,TBX5
Set 3,SET3-CARD-03,Cardiomyocyte human,Cardiac,1,ACTN2,0.776582,0.03,program_neighbor,3,0.0113,ASCL1
Set 3,SET3-CARD-03,Cardiomyocyte human,Cardiac,2,CSRP3,0.764290,0.06,program_neighbor,83,0.1563,MEF2C
Set 3,SET3-CARD-03,Cardiomyocyte human,Cardiac,3,TBX5,0.756333,0.09,known_cofactor,140,0.7955,MEF2C
Set 3,SET3-CARD-03,Cardiomyocyte human,Cardiac,4,NKX2-5,0.735010,0.13,program_neighbor,176,1.0000,MEF2C
Set 3,SET3-CARD-03,Cardiomyocyte human,Cardiac,5,TBX20,0.718899,0.16,known_cofactor,140,0.7910,MEF2C
Set 3,SET3-CARD-03,Cardiomyocyte human,Cardiac,6,ANKRD1,0.650798,0.19,program_neighbor,9,0.0312,ASCL1
Set 3,SET3-CARD-03,Cardiomyocyte human,Cardiac,7,MLIP,0.648868,0.22,novel_prediction,0,0.0000,
Set 3,SET3-CARD-03,Cardiomyocyte human,Cardiac,8,HAND1,0.643927,0.25,program_neighbor,6,0.0273,MEF2C
Set 3,SET3-CARD-03,Cardiomyocyte human,Cardiac,9,PERM1,0.638425,0.28,program_neighbor,152,0.6931,MEF2C
Set 3,SET3-CARD-03,Cardiomyocyte human,Cardiac,10,GATA4,0.635944,0.32,known_cofactor,176,0.9944,MEF2C
Set 3,SET3-CARD-03,Cardiomyocyte human,Cardiac,11,DPF3,0.628249,0.35,program_neighbor,2,0.0114,MEF2C
Set 3,SET3-CARD-03,Cardiomyocyte human,Cardiac,12,PKP2,0.598680,0.38,program_neighbor,41,0.1832,MEF2C
Set 3,SET3-CARD-03,Cardiomyocyte human,Cardiac,13,TENM2,0.575139,0.41,program_neighbor,37,0.0354,ASCL1
Set 3,SET3-CARD-03,Cardiomyocyte human,Cardiac,14,IRX4,0.568218,0.44,program_neighbor,11,0.0562,MEF2C
Set 3,SET3-CARD-03,Cardiomyocyte human,Cardiac,15,TCF15,0.562883,0.47,program_neighbor,141,0.7910,MEF2C
Set 3,SET3-CARD-03,Cardiomyocyte human,Cardiac,16,ABRA,0.548095,0.51,program_neighbor,137,0.5170,ASCL1
Set 3,SET3-CARD-03,Cardiomyocyte human,Cardiac,17,HEYL,0.540498,0.54,program_neighbor,140,0.7955,MEF2C
Set 3,SET3-CARD-03,Cardiomyocyte human,Cardiac,18,MLF1,0.524253,0.57,program_neighbor,140,0.7955,MEF2C
Set 3,SET3-CARD-03,Cardiomyocyte human,Cardiac,19,GATA6,0.507454,0.60,program_neighbor,176,1.0000,MEF2C
Set 3,SET3-CARD-03,Cardiomyocyte human,Cardiac,20,EYA4,0.504730,0.63,program_neighbor,99,0.3874,MEF2C
Set 3,SET3-CARD-03,Cardiomyocyte human,Cardiac,21,NKX2-6,0.497305,0.66,program_neighbor,176,1.0000,MEF2C
Set 3,SET3-CARD-03,Cardiomyocyte human,Cardiac,22,HEY2,0.495997,0.69,program_neighbor,140,0.7955,MEF2C
Set 3,SET3-CARD-03,Cardiomyocyte human,Cardiac,23,FHL2,0.494099,0.73,program_neighbor,36,0.2045,MEF2C
Set 3,SET3-CARD-03,Cardiomyocyte human,Cardiac,24,HAND2,0.487604,0.76,known_cofactor,176,1.0000,MEF2C
Set 3,SET3-CARD-03,Cardiomyocyte human,Cardiac,25,RAG2,0.482706,0.79,program_neighbor,4,0.0227,MEF2C
Set 3,SET3-CARD-03,Cardiomyocyte human,Cardiac,26,PROX1,0.481476,0.82,program_neighbor,141,0.7910,MEF2C
Set 3,SET3-CARD-03,Cardiomyocyte human,Cardiac,27,PPARGC1A,0.481324,0.85,program_neighbor,231,0.9130,ASCL1
Set 3,SET3-CARD-03,Cardiomyocyte human,Cardiac,28,MESP2,0.475327,0.88,program_neighbor,140,0.7778,MEF2C
Set 3,SET3-CARD-03,Cardiomyocyte human,Cardiac,29,ESRRB,0.474167,0.92,program_neighbor,140,0.7955,MEF2C
Set 3,SET3-CARD-03,Cardiomyocyte human,Cardiac,30,WNT4,0.472263,0.95,program_neighbor,10,0.0568,MEF2C
Set 3,SET3-CARD-03,Cardiomyocyte human,Cardiac,31,GATA5,0.468945,0.98,program_neighbor,140,0.7955,MEF2C
Set 3,SET3-CARD-03,Cardiomyocyte human,Cardiac,32,FOXG1,0.465690,1.01,program_neighbor,1,0.0057,MEF2C
Set 3,SET3-CARD-03,Cardiomyocyte human,Cardiac,33,SRF,0.463270,1.04,known_cofactor,140,0.7910,MEF2C
Set 3,SET3-CARD-03,Cardiomyocyte human,Cardiac,34,PPP1R13L,0.460786,1.07,program_neighbor,112,0.5070,MEF2C
Set 3,SET3-CARD-03,Cardiomyocyte human,Cardiac,35,MESP1,0.460442,1.11,known_cofactor,140,0.7955,MEF2C
Set 3,SET3-CARD-03,Cardiomyocyte human,Cardiac,36,KHDRBS3,0.457922,1.14,program_neighbor,11,0.0625,MEF2C
Set 3,SET3-CARD-03,Cardiomyocyte human,Cardiac,37,DBP,0.457812,1.17,program_neighbor,140,0.7955,MEF2C
Set 3,SET3-CARD-03,Cardiomyocyte human,Cardiac,38,NKX1-2,0.457161,1.20,program_neighbor,11,0.0565,MEF2C
Set 3,SET3-CARD-03,Cardiomyocyte human,Cardiac,39,PRDM6,0.456653,1.23,program_neighbor,12,0.0621,MEF2C
Set 3,SET3-CARD-03,Cardiomyocyte human,Cardiac,40,RAX,0.454283,1.26,program_neighbor,10,0.0568,MEF2C
Set 3,SET3-CARD-03,Cardiomyocyte human,Cardiac,41,TBX1,0.452837,1.30,program_neighbor,140,0.7955,MEF2C
Set 3,SET3-CARD-03,Cardiomyocyte human,Cardiac,42,PRDM13,0.449699,1.33,program_neighbor,11,0.0565,MEF2C
Set 3,SET3-CARD-03,Cardiomyocyte human,Cardiac,43,COLEC11,0.448044,1.36,program_neighbor,36,0.2045,MEF2C
Set 3,SET3-CARD-03,Cardiomyocyte human,Cardiac,44,MEOX1,0.447373,1.39,program_neighbor,140,0.7955,MEF2C
Set 3,SET3-CARD-03,Cardiomyocyte human,Cardiac,45,NTN1,0.447193,1.42,program_neighbor,39,0.1800,MEF2C
Set 3,SET3-CARD-03,Cardiomyocyte human,Cardiac,46,MYOCD,0.447147,1.45,known_cofactor,77,0.3949,MEF2C
Set 3,SET3-CARD-03,Cardiomyocyte human,Cardiac,47,FOXF1,0.444886,1.48,program_neighbor,11,0.0562,MEF2C
Set 3,SET3-CARD-03,Cardiomyocyte human,Cardiac,48,CRYM,0.444726,1.52,program_neighbor,41,0.1968,MEF2C
Set 3,SET3-CARD-03,Cardiomyocyte human,Cardiac,49,PAX1,0.444454,1.55,program_neighbor,140,0.7955,MEF2C
Set 3,SET3-CARD-03,Cardiomyocyte human,Cardiac,50,ESRRG,0.443961,1.58,known_cofactor,140,0.7955,MEF2C
Set 3,SET3-CARD-04,Cardiomyocyte human,Cardiac,1,ACTN2,0.776582,0.03,program_neighbor,5,0.0168,MYOCD
Set 3,SET3-CARD-04,Cardiomyocyte human,Cardiac,2,CSRP3,0.764290,0.06,program_neighbor,83,0.1386,ASCL1
Set 3,SET3-CARD-04,Cardiomyocyte human,Cardiac,3,TBX5,0.756333,0.09,known_cofactor,140,0.5738,ASCL1
Set 3,SET3-CARD-04,Cardiomyocyte human,Cardiac,4,NKX2-5,0.735010,0.13,program_neighbor,176,0.7213,ASCL1
Set 3,SET3-CARD-04,Cardiomyocyte human,Cardiac,5,TBX20,0.718899,0.16,known_cofactor,140,0.5714,ASCL1
Set 3,SET3-CARD-04,Cardiomyocyte human,Cardiac,6,ANKRD1,0.650798,0.19,program_neighbor,12,0.0312,ASCL1
Set 3,SET3-CARD-04,Cardiomyocyte human,Cardiac,7,MLIP,0.648868,0.22,program_neighbor,1,0.0102,MYOCD
Set 3,SET3-CARD-04,Cardiomyocyte human,Cardiac,8,HAND1,0.643927,0.25,program_neighbor,7,0.0282,MYOCD
Set 3,SET3-CARD-04,Cardiomyocyte human,Cardiac,9,PERM1,0.638425,0.28,program_neighbor,152,0.5891,ASCL1
Set 3,SET3-CARD-04,Cardiomyocyte human,Cardiac,10,GATA4,0.635944,0.32,known_cofactor,177,0.7184,ASCL1
Set 3,SET3-CARD-04,Cardiomyocyte human,Cardiac,11,DPF3,0.628249,0.35,program_neighbor,2,0.0208,MYOCD
Set 3,SET3-CARD-04,Cardiomyocyte human,Cardiac,12,PKP2,0.598680,0.38,program_neighbor,41,0.1541,ASCL1
Set 3,SET3-CARD-04,Cardiomyocyte human,Cardiac,13,TENM2,0.575139,0.41,program_neighbor,55,0.0354,ASCL1
Set 3,SET3-CARD-04,Cardiomyocyte human,Cardiac,14,IRX4,0.568218,0.44,program_neighbor,11,0.1020,MYOCD
Set 3,SET3-CARD-04,Cardiomyocyte human,Cardiac,15,TCF15,0.562883,0.47,program_neighbor,141,0.5779,ASCL1
Set 3,SET3-CARD-04,Cardiomyocyte human,Cardiac,16,ABRA,0.548095,0.51,program_neighbor,138,0.5170,ASCL1
Set 3,SET3-CARD-04,Cardiomyocyte human,Cardiac,17,HEYL,0.540498,0.54,program_neighbor,140,0.5738,ASCL1
Set 3,SET3-CARD-04,Cardiomyocyte human,Cardiac,18,MLF1,0.524253,0.57,program_neighbor,140,0.5738,ASCL1
Set 3,SET3-CARD-04,Cardiomyocyte human,Cardiac,19,GATA6,0.507454,0.60,program_neighbor,176,0.7213,ASCL1
Set 3,SET3-CARD-04,Cardiomyocyte human,Cardiac,20,EYA4,0.504730,0.63,program_neighbor,101,0.5302,MYOCD
Set 3,SET3-CARD-04,Cardiomyocyte human,Cardiac,21,NKX2-6,0.497305,0.66,program_neighbor,176,0.7213,ASCL1
Set 3,SET3-CARD-04,Cardiomyocyte human,Cardiac,22,HEY2,0.495997,0.69,program_neighbor,140,0.5738,ASCL1
Set 3,SET3-CARD-04,Cardiomyocyte human,Cardiac,23,FHL2,0.494099,0.73,program_neighbor,36,0.1475,ASCL1
Set 3,SET3-CARD-04,Cardiomyocyte human,Cardiac,24,HAND2,0.487604,0.76,known_cofactor,176,0.7213,ASCL1
Set 3,SET3-CARD-04,Cardiomyocyte human,Cardiac,25,RAG2,0.482706,0.79,program_neighbor,4,0.0417,MYOCD
Set 3,SET3-CARD-04,Cardiomyocyte human,Cardiac,26,PROX1,0.481476,0.82,program_neighbor,141,0.5779,ASCL1
Set 3,SET3-CARD-04,Cardiomyocyte human,Cardiac,27,PPARGC1A,0.481324,0.85,program_neighbor,231,0.9130,ASCL1
Set 3,SET3-CARD-04,Cardiomyocyte human,Cardiac,28,MESP2,0.475327,0.88,program_neighbor,142,0.5645,ASCL1
Set 3,SET3-CARD-04,Cardiomyocyte human,Cardiac,29,ESRRB,0.474167,0.92,program_neighbor,140,0.5738,ASCL1
Set 3,SET3-CARD-04,Cardiomyocyte human,Cardiac,30,WNT4,0.472263,0.95,program_neighbor,10,0.1042,MYOCD
Set 3,SET3-CARD-04,Cardiomyocyte human,Cardiac,31,GATA5,0.468945,0.98,program_neighbor,140,0.5738,ASCL1
Set 3,SET3-CARD-04,Cardiomyocyte human,Cardiac,32,FOXG1,0.465690,1.01,program_neighbor,1,0.0104,MYOCD
Set 3,SET3-CARD-04,Cardiomyocyte human,Cardiac,33,SRF,0.463270,1.04,known_cofactor,141,0.5714,ASCL1
Set 3,SET3-CARD-04,Cardiomyocyte human,Cardiac,34,PPP1R13L,0.460786,1.07,program_neighbor,114,0.4043,ASCL1
Set 3,SET3-CARD-04,Cardiomyocyte human,Cardiac,35,MESP1,0.460442,1.11,known_cofactor,140,0.5738,ASCL1
Set 3,SET3-CARD-04,Cardiomyocyte human,Cardiac,36,KHDRBS3,0.457922,1.14,program_neighbor,11,0.1146,MYOCD
Set 3,SET3-CARD-04,Cardiomyocyte human,Cardiac,37,DBP,0.457812,1.17,program_neighbor,140,0.5738,ASCL1
Set 3,SET3-CARD-04,Cardiomyocyte human,Cardiac,38,NKX1-2,0.457161,1.20,program_neighbor,11,0.1031,MYOCD
Set 3,SET3-CARD-04,Cardiomyocyte human,Cardiac,39,PRDM6,0.456653,1.23,program_neighbor,12,0.1134,MYOCD
Set 3,SET3-CARD-04,Cardiomyocyte human,Cardiac,40,RAX,0.454283,1.26,program_neighbor,10,0.1042,MYOCD
Set 3,SET3-CARD-04,Cardiomyocyte human,Cardiac,41,TBX1,0.452837,1.30,program_neighbor,140,0.5738,ASCL1
Set 3,SET3-CARD-04,Cardiomyocyte human,Cardiac,42,PRDM13,0.449699,1.33,program_neighbor,11,0.1031,MYOCD
Set 3,SET3-CARD-04,Cardiomyocyte human,Cardiac,43,COLEC11,0.448044,1.36,program_neighbor,36,0.1475,ASCL1
Set 3,SET3-CARD-04,Cardiomyocyte human,Cardiac,44,MEOX1,0.447373,1.39,program_neighbor,140,0.5738,ASCL1
Set 3,SET3-CARD-04,Cardiomyocyte human,Cardiac,45,NTN1,0.447193,1.42,program_neighbor,40,0.1472,ASCL1
Set 3,SET3-CARD-04,Cardiomyocyte human,Cardiac,46,MYOCD,0.447147,1.45,known_factor,96,1.0000,MYOCD
Set 3,SET3-CARD-04,Cardiomyocyte human,Cardiac,47,FOXF1,0.444886,1.48,program_neighbor,12,0.1134,MYOCD
Set 3,SET3-CARD-04,Cardiomyocyte human,Cardiac,48,CRYM,0.444726,1.52,program_neighbor,41,0.1627,ASCL1
Set 3,SET3-CARD-04,Cardiomyocyte human,Cardiac,49,PAX1,0.444454,1.55,program_neighbor,140,0.5738,ASCL1
Set 3,SET3-CARD-04,Cardiomyocyte human,Cardiac,50,ESRRG,0.443961,1.58,known_cofactor,140,0.5738,ASCL1
Set 3,SET3-NEURON-03,GABAergic interneuron,Neuron,1,TBR1,0.722722,0.03,program_neighbor,140,0.9929,DLX2
Set 3,SET3-NEURON-03,GABAergic interneuron,Neuron,2,EN2,0.655736,0.06,program_neighbor,11,0.0764,DLX2
Set 3,SET3-NEURON-03,GABAergic interneuron,Neuron,3,ZIC2,0.646674,0.09,program_neighbor,141,1.0000,DLX2
Set 3,SET3-NEURON-03,GABAergic interneuron,Neuron,4,NEUROD2,0.645546,0.13,known_cofactor,141,0.6779,DLX2
Set 3,SET3-NEURON-03,GABAergic interneuron,Neuron,5,ZIC1,0.637150,0.16,program_neighbor,140,0.9929,DLX2
Set 3,SET3-NEURON-03,GABAergic interneuron,Neuron,6,MYT1L,0.627526,0.19,known_cofactor,140,0.9655,DLX2
Set 3,SET3-NEURON-03,GABAergic interneuron,Neuron,7,ACTL6B,0.616188,0.22,program_neighbor,77,0.4639,DLX2
Set 3,SET3-NEURON-03,GABAergic interneuron,Neuron,8,SCRT2,0.604057,0.25,program_neighbor,141,1.0000,DLX2
Set 3,SET3-NEURON-03,GABAergic interneuron,Neuron,9,DLX1,0.587118,0.28,known_cofactor,3,0.0160,DLX2
Set 3,SET3-NEURON-03,GABAergic interneuron,Neuron,10,RORB,0.585887,0.32,program_neighbor,140,0.9929,DLX2
Set 3,SET3-NEURON-03,GABAergic interneuron,Neuron,11,OTX2,0.585877,0.35,program_neighbor,140,0.9929,DLX2
Set 3,SET3-NEURON-03,GABAergic interneuron,Neuron,12,CHD5,0.585465,0.38,program_neighbor,90,0.4712,DLX2
Set 3,SET3-NEURON-03,GABAergic interneuron,Neuron,13,NEUROD1,0.574310,0.41,known_cofactor,140,0.9929,DLX2
Set 3,SET3-NEURON-03,GABAergic interneuron,Neuron,14,ETV1,0.572723,0.44,program_neighbor,140,0.9929,DLX2
Set 3,SET3-NEURON-03,GABAergic interneuron,Neuron,15,PAX6,0.571719,0.47,known_cofactor,140,0.9929,DLX2
Set 3,SET3-NEURON-03,GABAergic interneuron,Neuron,16,FOXG1,0.567765,0.51,known_cofactor,1,0.0071,DLX2
Set 3,SET3-NEURON-03,GABAergic interneuron,Neuron,17,FEZF2,0.565344,0.54,program_neighbor,141,1.0000,DLX2
Set 3,SET3-NEURON-03,GABAergic interneuron,Neuron,18,POU3F3,0.555870,0.57,program_neighbor,141,0.7663,DLX2
Set 3,SET3-NEURON-03,GABAergic interneuron,Neuron,19,SCRT1,0.549537,0.60,program_neighbor,140,0.9859,DLX2
Set 3,SET3-NEURON-03,GABAergic interneuron,Neuron,20,MAPT,0.549440,0.63,program_neighbor,13,0.0684,DLX2
Set 3,SET3-NEURON-03,GABAergic interneuron,Neuron,21,SOHLH1,0.545644,0.66,program_neighbor,140,0.9929,DLX2
Set 3,SET3-NEURON-03,GABAergic interneuron,Neuron,22,BARHL2,0.543681,0.69,program_neighbor,140,0.9929,DLX2
Set 3,SET3-NEURON-03,GABAergic interneuron,Neuron,23,ZIC5,0.543564,0.73,program_neighbor,140,0.9859,DLX2
Set 3,SET3-NEURON-03,GABAergic interneuron,Neuron,24,PTPRN,0.542037,0.76,program_neighbor,55,0.3198,DLX2
Set 3,SET3-NEURON-03,GABAergic interneuron,Neuron,25,OTUD7A,0.541263,0.79,program_neighbor,10,0.0709,DLX2
Set 3,SET3-NEURON-03,GABAergic interneuron,Neuron,26,CELF3,0.539950,0.82,program_neighbor,9,0.0455,DLX2
Set 3,SET3-NEURON-03,GABAergic interneuron,Neuron,27,VSX1,0.538969,0.85,program_neighbor,140,0.9929,DLX2
Set 3,SET3-NEURON-03,GABAergic interneuron,Neuron,28,ZIC3,0.538347,0.88,program_neighbor,140,0.9859,DLX2
Set 3,SET3-NEURON-03,GABAergic interneuron,Neuron,29,CRYM,0.533822,0.92,program_neighbor,1,0.0053,DLX2
Set 3,SET3-NEURON-03,GABAergic interneuron,Neuron,30,LHX1,0.530759,0.95,program_neighbor,140,0.9929,DLX2
Set 3,SET3-NEURON-03,GABAergic interneuron,Neuron,31,BHLHE22,0.528973,0.98,program_neighbor,11,0.0780,DLX2
Set 3,SET3-NEURON-03,GABAergic interneuron,Neuron,32,NKX6-2,0.528667,1.01,program_neighbor,140,0.9929,DLX2
Set 3,SET3-NEURON-03,GABAergic interneuron,Neuron,33,DEAF1,0.527005,1.04,program_neighbor,141,0.9930,DLX2
Set 3,SET3-NEURON-03,GABAergic interneuron,Neuron,34,AFF3,0.524653,1.07,program_neighbor,140,0.9859,DLX2
Set 3,SET3-NEURON-03,GABAergic interneuron,Neuron,35,EOMES,0.523331,1.11,program_neighbor,141,1.0000,DLX2
Set 3,SET3-NEURON-03,GABAergic interneuron,Neuron,36,INSM2,0.522833,1.14,program_neighbor,10,0.0704,DLX2
Set 3,SET3-NEURON-03,GABAergic interneuron,Neuron,37,CTNND2,0.522012,1.17,program_neighbor,19,0.0308,DLX2
Set 3,SET3-NEURON-03,GABAergic interneuron,Neuron,38,ZBTB18,0.518059,1.20,program_neighbor,2,0.0106,DLX2
Set 3,SET3-NEURON-03,GABAergic interneuron,Neuron,39,SATB2,0.516429,1.23,program_neighbor,140,0.9790,DLX2
Set 3,SET3-NEURON-03,GABAergic interneuron,Neuron,40,VAX2,0.515800,1.26,program_neighbor,140,0.9929,DLX2
Set 3,SET3-NEURON-03,GABAergic interneuron,Neuron,41,EGR4,0.513813,1.30,program_neighbor,140,0.9790,DLX2
Set 3,SET3-NEURON-03,GABAergic interneuron,Neuron,42,SOX1,0.513091,1.33,program_neighbor,141,0.9724,DLX2
Set 3,SET3-NEURON-03,GABAergic interneuron,Neuron,43,CRTC1,0.509471,1.36,program_neighbor,52,0.3023,DLX2
Set 3,SET3-NEURON-03,GABAergic interneuron,Neuron,44,CUX2,0.509329,1.39,program_neighbor,3,0.0170,DLX2
Set 3,SET3-NEURON-03,GABAergic interneuron,Neuron,45,MYT1,0.509014,1.42,program_neighbor,140,0.8092,DLX2
Set 3,SET3-NEURON-03,GABAergic interneuron,Neuron,46,RBFOX3,0.508361,1.45,program_neighbor,52,0.2342,DLX2
Set 3,SET3-NEURON-03,GABAergic interneuron,Neuron,47,NEUROG2,0.507955,1.48,known_cofactor,1,0.0071,DLX2
Set 3,SET3-NEURON-03,GABAergic interneuron,Neuron,48,PRKCB,0.502121,1.52,program_neighbor,17,0.0605,DLX2
Set 3,SET3-NEURON-03,GABAergic interneuron,Neuron,49,ZNF711,0.495742,1.55,program_neighbor,140,0.9859,DLX2
Set 3,SET3-NEURON-03,GABAergic interneuron,Neuron,50,BARHL1,0.493954,1.58,program_neighbor,4,0.0214,DLX2
Set 3,SET3-NEURON-04,Parvalbumin interneuron,Neuron,1,TBR1,0.722722,0.03,program_neighbor,1,0.0053,BCL2
Set 3,SET3-NEURON-04,Parvalbumin interneuron,Neuron,2,EN2,0.655736,0.06,program_neighbor,3,0.0500,BCL2
Set 3,SET3-NEURON-04,Parvalbumin interneuron,Neuron,3,ZIC2,0.646674,0.09,program_neighbor,1,0.0053,BCL2
Set 3,SET3-NEURON-04,Parvalbumin interneuron,Neuron,4,NEUROD2,0.645546,0.13,known_cofactor,37,0.1682,BCL2
Set 3,SET3-NEURON-04,Parvalbumin interneuron,Neuron,5,ZIC1,0.637150,0.16,program_neighbor,1,0.0053,BCL2
Set 3,SET3-NEURON-04,Parvalbumin interneuron,Neuron,6,MYT1L,0.627526,0.19,known_cofactor,2,0.0105,BCL2
Set 3,SET3-NEURON-04,Parvalbumin interneuron,Neuron,7,ACTL6B,0.616188,0.22,program_neighbor,1,0.0067,BCL2
Set 3,SET3-NEURON-04,Parvalbumin interneuron,Neuron,8,SCRT2,0.604057,0.25,program_neighbor,1,0.0053,BCL2
Set 3,SET3-NEURON-04,Parvalbumin interneuron,Neuron,9,DLX1,0.587118,0.28,known_cofactor,1,0.0102,BCL2
Set 3,SET3-NEURON-04,Parvalbumin interneuron,Neuron,10,RORB,0.585887,0.32,program_neighbor,1,0.0053,BCL2
Set 3,SET3-NEURON-04,Parvalbumin interneuron,Neuron,11,OTX2,0.585877,0.35,program_neighbor,1,0.0053,BCL2
Set 3,SET3-NEURON-04,Parvalbumin interneuron,Neuron,12,CHD5,0.585465,0.38,novel_prediction,0,0.0000,
Set 3,SET3-NEURON-04,Parvalbumin interneuron,Neuron,13,NEUROD1,0.574310,0.41,known_cofactor,1,0.0053,BCL2
Set 3,SET3-NEURON-04,Parvalbumin interneuron,Neuron,14,ETV1,0.572723,0.44,program_neighbor,1,0.0053,BCL2
Set 3,SET3-NEURON-04,Parvalbumin interneuron,Neuron,15,PAX6,0.571719,0.47,known_cofactor,1,0.0053,BCL2
Set 3,SET3-NEURON-04,Parvalbumin interneuron,Neuron,16,FOXG1,0.567765,0.51,known_cofactor,0,0.0000,
Set 3,SET3-NEURON-04,Parvalbumin interneuron,Neuron,17,FEZF2,0.565344,0.54,program_neighbor,1,0.0053,BCL2
Set 3,SET3-NEURON-04,Parvalbumin interneuron,Neuron,18,POU3F3,0.555870,0.57,program_neighbor,44,0.2328,BCL2
Set 3,SET3-NEURON-04,Parvalbumin interneuron,Neuron,19,SCRT1,0.549537,0.60,program_neighbor,1,0.0053,BCL2
Set 3,SET3-NEURON-04,Parvalbumin interneuron,Neuron,20,MAPT,0.549440,0.63,program_neighbor,49,0.7903,BCL2
Set 3,SET3-NEURON-04,Parvalbumin interneuron,Neuron,21,SOHLH1,0.545644,0.66,program_neighbor,1,0.0053,BCL2
Set 3,SET3-NEURON-04,Parvalbumin interneuron,Neuron,22,BARHL2,0.543681,0.69,program_neighbor,1,0.0053,BCL2
Set 3,SET3-NEURON-04,Parvalbumin interneuron,Neuron,23,ZIC5,0.543564,0.73,program_neighbor,1,0.0053,BCL2
Set 3,SET3-NEURON-04,Parvalbumin interneuron,Neuron,24,PTPRN,0.542037,0.76,novel_prediction,0,0.0000,
Set 3,SET3-NEURON-04,Parvalbumin interneuron,Neuron,25,OTUD7A,0.541263,0.79,novel_prediction,0,0.0000,
Set 3,SET3-NEURON-04,Parvalbumin interneuron,Neuron,26,CELF3,0.539950,0.82,program_neighbor,8,0.0748,BCL2
Set 3,SET3-NEURON-04,Parvalbumin interneuron,Neuron,27,VSX1,0.538969,0.85,program_neighbor,1,0.0053,BCL2
Set 3,SET3-NEURON-04,Parvalbumin interneuron,Neuron,28,ZIC3,0.538347,0.88,program_neighbor,1,0.0053,BCL2
Set 3,SET3-NEURON-04,Parvalbumin interneuron,Neuron,29,CRYM,0.533822,0.92,program_neighbor,49,1.0000,BCL2
Set 3,SET3-NEURON-04,Parvalbumin interneuron,Neuron,30,LHX1,0.530759,0.95,program_neighbor,1,0.0053,BCL2
Set 3,SET3-NEURON-04,Parvalbumin interneuron,Neuron,31,BHLHE22,0.528973,0.98,novel_prediction,0,0.0000,
Set 3,SET3-NEURON-04,Parvalbumin interneuron,Neuron,32,NKX6-2,0.528667,1.01,program_neighbor,1,0.0053,BCL2
Set 3,SET3-NEURON-04,Parvalbumin interneuron,Neuron,33,DEAF1,0.527005,1.04,program_neighbor,2,0.0106,BCL2
Set 3,SET3-NEURON-04,Parvalbumin interneuron,Neuron,34,AFF3,0.524653,1.07,program_neighbor,1,0.0053,BCL2
Set 3,SET3-NEURON-04,Parvalbumin interneuron,Neuron,35,EOMES,0.523331,1.11,program_neighbor,1,0.0053,BCL2
Set 3,SET3-NEURON-04,Parvalbumin interneuron,Neuron,36,INSM2,0.522833,1.14,novel_prediction,0,0.0000,
Set 3,SET3-NEURON-04,Parvalbumin interneuron,Neuron,37,CTNND2,0.522012,1.17,novel_prediction,0,0.0000,
Set 3,SET3-NEURON-04,Parvalbumin interneuron,Neuron,38,ZBTB18,0.518059,1.20,program_neighbor,3,0.0312,BCL2
Set 3,SET3-NEURON-04,Parvalbumin interneuron,Neuron,39,SATB2,0.516429,1.23,program_neighbor,1,0.0053,BCL2
Set 3,SET3-NEURON-04,Parvalbumin interneuron,Neuron,40,VAX2,0.515800,1.26,program_neighbor,1,0.0053,BCL2
Set 3,SET3-NEURON-04,Parvalbumin interneuron,Neuron,41,EGR4,0.513813,1.30,program_neighbor,1,0.0053,BCL2
Set 3,SET3-NEURON-04,Parvalbumin interneuron,Neuron,42,SOX1,0.513091,1.33,program_neighbor,4,0.0211,BCL2
Set 3,SET3-NEURON-04,Parvalbumin interneuron,Neuron,43,CRTC1,0.509471,1.36,novel_prediction,0,0.0000,
Set 3,SET3-NEURON-04,Parvalbumin interneuron,Neuron,44,CUX2,0.509329,1.39,novel_prediction,0,0.0000,
Set 3,SET3-NEURON-04,Parvalbumin interneuron,Neuron,45,MYT1,0.509014,1.42,program_neighbor,1,0.0045,BCL2
Set 3,SET3-NEURON-04,Parvalbumin interneuron,Neuron,46,RBFOX3,0.508361,1.45,novel_prediction,0,0.0000,
Set 3,SET3-NEURON-04,Parvalbumin interneuron,Neuron,47,NEUROG2,0.507955,1.48,known_cofactor,0,0.0000,
Set 3,SET3-NEURON-04,Parvalbumin interneuron,Neuron,48,PRKCB,0.502121,1.52,program_neighbor,36,0.2118,BCL2
Set 3,SET3-NEURON-04,Parvalbumin interneuron,Neuron,49,ZNF711,0.495742,1.55,program_neighbor,1,0.0053,BCL2
Set 3,SET3-NEURON-04,Parvalbumin interneuron,Neuron,50,BARHL1,0.493954,1.58,program_neighbor,4,0.0421,BCL2
Set 3,SET3-NEURON-05,Neuron from astrocyte,Neuron,1,TBR1,0.729689,0.03,program_neighbor,140,0.9929,SOX2
Set 3,SET3-NEURON-05,Neuron from astrocyte,Neuron,2,EN2,0.681461,0.06,program_neighbor,10,0.0690,SOX2
Set 3,SET3-NEURON-05,Neuron from astrocyte,Neuron,3,NEUROD2,0.671368,0.09,known_cofactor,140,0.6699,SOX2
Set 3,SET3-NEURON-05,Neuron from astrocyte,Neuron,4,ZIC1,0.658048,0.13,program_neighbor,140,0.9929,SOX2
Set 3,SET3-NEURON-05,Neuron from astrocyte,Neuron,5,ZIC2,0.648038,0.16,program_neighbor,140,0.9859,SOX2
Set 3,SET3-NEURON-05,Neuron from astrocyte,Neuron,6,ACTL6B,0.639923,0.19,program_neighbor,78,0.4727,SOX2
Set 3,SET3-NEURON-05,Neuron from astrocyte,Neuron,7,MYT1L,0.633467,0.22,known_cofactor,140,0.9655,SOX2
Set 3,SET3-NEURON-05,Neuron from astrocyte,Neuron,8,CTNND2,0.615962,0.25,program_neighbor,19,0.0308,SOX2
Set 3,SET3-NEURON-05,Neuron from astrocyte,Neuron,9,PAX6,0.613869,0.28,known_cofactor,140,0.9929,SOX2
Set 3,SET3-NEURON-05,Neuron from astrocyte,Neuron,10,FOXG1,0.613048,0.32,known_cofactor,1,0.0071,SOX2
Set 3,SET3-NEURON-05,Neuron from astrocyte,Neuron,11,SCRT2,0.611015,0.35,program_neighbor,140,0.9859,SOX2
Set 3,SET3-NEURON-05,Neuron from astrocyte,Neuron,12,CUX2,0.601910,0.38,program_neighbor,3,0.0170,SOX2
Set 3,SET3-NEURON-05,Neuron from astrocyte,Neuron,13,ETV1,0.596021,0.41,program_neighbor,140,0.9929,SOX2
Set 3,SET3-NEURON-05,Neuron from astrocyte,Neuron,14,ZBTB18,0.595922,0.44,program_neighbor,2,0.0106,SOX2
Set 3,SET3-NEURON-05,Neuron from astrocyte,Neuron,15,CHD5,0.594722,0.47,program_neighbor,90,0.4712,SOX2
Set 3,SET3-NEURON-05,Neuron from astrocyte,Neuron,16,RORB,0.589664,0.51,program_neighbor,140,0.9929,SOX2
Set 3,SET3-NEURON-05,Neuron from astrocyte,Neuron,17,CELF3,0.589634,0.54,program_neighbor,8,0.0402,SOX2
Set 3,SET3-NEURON-05,Neuron from astrocyte,Neuron,18,BARHL2,0.589480,0.57,program_neighbor,140,0.9929,SOX2
Set 3,SET3-NEURON-05,Neuron from astrocyte,Neuron,19,ZIC3,0.588034,0.60,program_neighbor,140,0.9859,SOX2
Set 3,SET3-NEURON-05,Neuron from astrocyte,Neuron,20,NEUROD1,0.585074,0.63,known_cofactor,140,0.9929,SOX2
Set 3,SET3-NEURON-05,Neuron from astrocyte,Neuron,21,SCRT1,0.580097,0.66,program_neighbor,140,0.9859,SOX2
Set 3,SET3-NEURON-05,Neuron from astrocyte,Neuron,22,ZIC5,0.580030,0.69,program_neighbor,140,0.9859,SOX2
Set 3,SET3-NEURON-05,Neuron from astrocyte,Neuron,23,POU3F3,0.574044,0.73,program_neighbor,140,0.7568,SOX2
Set 3,SET3-NEURON-05,Neuron from astrocyte,Neuron,24,MAPT,0.572971,0.76,program_neighbor,12,0.0628,SOX2
Set 3,SET3-NEURON-05,Neuron from astrocyte,Neuron,25,OTX2,0.558140,0.79,program_neighbor,140,0.9929,SOX2
Set 3,SET3-NEURON-05,Neuron from astrocyte,Neuron,26,DEAF1,0.556897,0.82,program_neighbor,140,0.9790,SOX2
Set 3,SET3-NEURON-05,Neuron from astrocyte,Neuron,27,CHD7,0.552439,0.85,program_neighbor,141,0.7790,SOX2
Set 3,SET3-NEURON-05,Neuron from astrocyte,Neuron,28,FEZF2,0.552226,0.88,program_neighbor,140,0.9859,SOX2
Set 3,SET3-NEURON-05,Neuron from astrocyte,Neuron,29,VAX2,0.551087,0.92,program_neighbor,140,0.9929,SOX2
Set 3,SET3-NEURON-05,Neuron from astrocyte,Neuron,30,BARHL1,0.549348,0.95,program_neighbor,4,0.0214,SOX2
Set 3,SET3-NEURON-05,Neuron from astrocyte,Neuron,31,INSM2,0.545938,0.98,program_neighbor,10,0.0704,SOX2
Set 3,SET3-NEURON-05,Neuron from astrocyte,Neuron,32,RIT2,0.543553,1.01,program_neighbor,17,0.0272,SOX2
Set 3,SET3-NEURON-05,Neuron from astrocyte,Neuron,33,OTUD7A,0.543420,1.04,program_neighbor,10,0.0709,SOX2
Set 3,SET3-NEURON-05,Neuron from astrocyte,Neuron,34,DLX1,0.542422,1.07,known_cofactor,3,0.0160,SOX2
Set 3,SET3-NEURON-05,Neuron from astrocyte,Neuron,35,KHDRBS3,0.537820,1.11,program_neighbor,11,0.0780,SOX2
Set 3,SET3-NEURON-05,Neuron from astrocyte,Neuron,36,RBFOX3,0.537656,1.14,program_neighbor,51,0.2287,SOX2
Set 3,SET3-NEURON-05,Neuron from astrocyte,Neuron,37,VSX1,0.534737,1.17,program_neighbor,140,0.9929,SOX2
Set 3,SET3-NEURON-05,Neuron from astrocyte,Neuron,38,MYT1,0.534347,1.20,program_neighbor,140,0.8092,SOX2
Set 3,SET3-NEURON-05,Neuron from astrocyte,Neuron,39,SATB2,0.533928,1.23,program_neighbor,140,0.9790,SOX2
Set 3,SET3-NEURON-05,Neuron from astrocyte,Neuron,40,PTPRN,0.533716,1.26,program_neighbor,55,0.3198,SOX2
Set 3,SET3-NEURON-05,Neuron from astrocyte,Neuron,41,NKX6-3,0.533287,1.30,program_neighbor,3,0.0160,SOX2
Set 3,SET3-NEURON-05,Neuron from astrocyte,Neuron,42,CELF4,0.532297,1.33,program_neighbor,4,0.0214,SOX2
Set 3,SET3-NEURON-05,Neuron from astrocyte,Neuron,43,LHX1,0.531602,1.36,program_neighbor,140,0.9929,SOX2
Set 3,SET3-NEURON-05,Neuron from astrocyte,Neuron,44,EOMES,0.531343,1.39,program_neighbor,140,0.9859,SOX2
Set 3,SET3-NEURON-05,Neuron from astrocyte,Neuron,45,UNCX,0.530939,1.42,program_neighbor,14,0.0959,SOX2
Set 3,SET3-NEURON-05,Neuron from astrocyte,Neuron,46,NKX6-2,0.526998,1.45,program_neighbor,140,0.9929,SOX2
Set 3,SET3-NEURON-05,Neuron from astrocyte,Neuron,47,SOHLH1,0.525541,1.48,program_neighbor,140,0.9929,SOX2
Set 3,SET3-NEURON-05,Neuron from astrocyte,Neuron,48,AFF3,0.525249,1.52,program_neighbor,140,0.9859,SOX2
Set 3,SET3-NEURON-05,Neuron from astrocyte,Neuron,49,EGR4,0.522479,1.55,program_neighbor,140,0.9790,SOX2
Set 3,SET3-NEURON-05,Neuron from astrocyte,Neuron,50,INSM1,0.519161,1.58,program_neighbor,140,0.8861,SOX2
Set 3,SET3-NEURON-06,Neuron from astrocyte,Neuron,1,TBR1,0.729689,0.03,program_neighbor,140,0.5738,ASCL1
Set 3,SET3-NEURON-06,Neuron from astrocyte,Neuron,2,EN2,0.681461,0.06,program_neighbor,14,0.0574,ASCL1
Set 3,SET3-NEURON-06,Neuron from astrocyte,Neuron,3,NEUROD2,0.671368,0.09,known_cofactor,177,0.6436,ASCL1
Set 3,SET3-NEURON-06,Neuron from astrocyte,Neuron,4,ZIC1,0.658048,0.13,program_neighbor,140,0.5738,ASCL1
Set 3,SET3-NEURON-06,Neuron from astrocyte,Neuron,5,ZIC2,0.648038,0.16,program_neighbor,141,0.5779,ASCL1
Set 3,SET3-NEURON-06,Neuron from astrocyte,Neuron,6,ACTL6B,0.639923,0.19,program_neighbor,80,0.3008,ASCL1
Set 3,SET3-NEURON-06,Neuron from astrocyte,Neuron,7,MYT1L,0.633467,0.22,known_cofactor,141,0.5709,ASCL1
Set 3,SET3-NEURON-06,Neuron from astrocyte,Neuron,8,CTNND2,0.615962,0.25,program_neighbor,19,0.0264,ASCL1
Set 3,SET3-NEURON-06,Neuron from astrocyte,Neuron,9,PAX6,0.613869,0.28,known_cofactor,140,0.5738,ASCL1
Set 3,SET3-NEURON-06,Neuron from astrocyte,Neuron,10,FOXG1,0.613048,0.32,known_cofactor,1,0.0041,ASCL1
Set 3,SET3-NEURON-06,Neuron from astrocyte,Neuron,11,SCRT2,0.611015,0.35,program_neighbor,141,0.5779,ASCL1
Set 3,SET3-NEURON-06,Neuron from astrocyte,Neuron,12,CUX2,0.601910,0.38,program_neighbor,11,0.0406,ASCL1
Set 3,SET3-NEURON-06,Neuron from astrocyte,Neuron,13,ETV1,0.596021,0.41,program_neighbor,140,0.5738,ASCL1
Set 3,SET3-NEURON-06,Neuron from astrocyte,Neuron,14,ZBTB18,0.595922,0.44,program_neighbor,4,0.0138,ASCL1
Set 3,SET3-NEURON-06,Neuron from astrocyte,Neuron,15,CHD5,0.594722,0.47,program_neighbor,90,0.3061,ASCL1
Set 3,SET3-NEURON-06,Neuron from astrocyte,Neuron,16,RORB,0.589664,0.51,program_neighbor,140,0.5738,ASCL1
Set 3,SET3-NEURON-06,Neuron from astrocyte,Neuron,17,CELF3,0.589634,0.54,program_neighbor,63,0.2551,ASCL1
Set 3,SET3-NEURON-06,Neuron from astrocyte,Neuron,18,BARHL2,0.589480,0.57,program_neighbor,140,0.5738,ASCL1
Set 3,SET3-NEURON-06,Neuron from astrocyte,Neuron,19,ZIC3,0.588034,0.60,program_neighbor,140,0.5714,ASCL1
Set 3,SET3-NEURON-06,Neuron from astrocyte,Neuron,20,NEUROD1,0.585074,0.63,known_cofactor,140,0.5738,ASCL1
Set 3,SET3-NEURON-06,Neuron from astrocyte,Neuron,21,SCRT1,0.580097,0.66,program_neighbor,140,0.5714,ASCL1
Set 3,SET3-NEURON-06,Neuron from astrocyte,Neuron,22,ZIC5,0.580030,0.69,program_neighbor,140,0.5714,ASCL1
Set 3,SET3-NEURON-06,Neuron from astrocyte,Neuron,23,POU3F3,0.574044,0.73,program_neighbor,181,0.7328,ASCL1
Set 3,SET3-NEURON-06,Neuron from astrocyte,Neuron,24,MAPT,0.572971,0.76,program_neighbor,53,0.2095,ASCL1
Set 3,SET3-NEURON-06,Neuron from astrocyte,Neuron,25,OTX2,0.558140,0.79,program_neighbor,140,0.5738,ASCL1
Set 3,SET3-NEURON-06,Neuron from astrocyte,Neuron,26,DEAF1,0.556897,0.82,program_neighbor,142,0.5820,ASCL1
Set 3,SET3-NEURON-06,Neuron from astrocyte,Neuron,27,CHD7,0.552439,0.85,program_neighbor,141,0.4965,ASCL1
Set 3,SET3-NEURON-06,Neuron from astrocyte,Neuron,28,FEZF2,0.552226,0.88,program_neighbor,141,0.5779,ASCL1
Set 3,SET3-NEURON-06,Neuron from astrocyte,Neuron,29,VAX2,0.551087,0.92,program_neighbor,140,0.5738,ASCL1
Set 3,SET3-NEURON-06,Neuron from astrocyte,Neuron,30,BARHL1,0.549348,0.95,program_neighbor,5,0.0173,ASCL1
Set 3,SET3-NEURON-06,Neuron from astrocyte,Neuron,31,INSM2,0.545938,0.98,program_neighbor,10,0.0408,ASCL1
Set 3,SET3-NEURON-06,Neuron from astrocyte,Neuron,32,RIT2,0.543553,1.01,program_neighbor,20,0.0276,ASCL1
Set 3,SET3-NEURON-06,Neuron from astrocyte,Neuron,33,OTUD7A,0.543420,1.04,program_neighbor,10,0.0410,ASCL1
Set 3,SET3-NEURON-06,Neuron from astrocyte,Neuron,34,DLX1,0.542422,1.07,known_cofactor,6,0.0208,ASCL1
Set 3,SET3-NEURON-06,Neuron from astrocyte,Neuron,35,KHDRBS3,0.537820,1.11,program_neighbor,11,0.0451,ASCL1
Set 3,SET3-NEURON-06,Neuron from astrocyte,Neuron,36,RBFOX3,0.537656,1.14,program_neighbor,102,0.3709,ASCL1
Set 3,SET3-NEURON-06,Neuron from astrocyte,Neuron,37,VSX1,0.534737,1.17,program_neighbor,140,0.5738,ASCL1
Set 3,SET3-NEURON-06,Neuron from astrocyte,Neuron,38,MYT1,0.534347,1.20,program_neighbor,148,0.5522,ASCL1
Set 3,SET3-NEURON-06,Neuron from astrocyte,Neuron,39,SATB2,0.533928,1.23,program_neighbor,140,0.5691,ASCL1
Set 3,SET3-NEURON-06,Neuron from astrocyte,Neuron,40,PTPRN,0.533716,1.26,program_neighbor,55,0.2000,ASCL1
Set 3,SET3-NEURON-06,Neuron from astrocyte,Neuron,41,NKX6-3,0.533287,1.30,program_neighbor,5,0.0173,ASCL1
Set 3,SET3-NEURON-06,Neuron from astrocyte,Neuron,42,CELF4,0.532297,1.33,program_neighbor,4,0.0138,ASCL1
Set 3,SET3-NEURON-06,Neuron from astrocyte,Neuron,43,LHX1,0.531602,1.36,program_neighbor,140,0.5738,ASCL1
Set 3,SET3-NEURON-06,Neuron from astrocyte,Neuron,44,EOMES,0.531343,1.39,program_neighbor,141,0.5779,ASCL1
Set 3,SET3-NEURON-06,Neuron from astrocyte,Neuron,45,UNCX,0.530939,1.42,program_neighbor,14,0.0562,ASCL1
Set 3,SET3-NEURON-06,Neuron from astrocyte,Neuron,46,NKX6-2,0.526998,1.45,program_neighbor,140,0.5738,ASCL1
Set 3,SET3-NEURON-06,Neuron from astrocyte,Neuron,47,SOHLH1,0.525541,1.48,program_neighbor,140,0.5738,ASCL1
Set 3,SET3-NEURON-06,Neuron from astrocyte,Neuron,48,AFF3,0.525249,1.52,program_neighbor,140,0.5714,ASCL1
Set 3,SET3-NEURON-06,Neuron from astrocyte,Neuron,49,EGR4,0.522479,1.55,program_neighbor,140,0.5691,ASCL1
Set 3,SET3-NEURON-06,Neuron from astrocyte,Neuron,50,INSM1,0.519161,1.58,program_neighbor,149,0.5913,ASCL1
Set 3,SET3-NEURON-07,Neuron from astrocyte,Neuron,1,TBR1,0.729689,0.03,program_neighbor,140,1.0000,PAX6
Set 3,SET3-NEURON-07,Neuron from astrocyte,Neuron,2,EN2,0.681461,0.06,program_neighbor,10,0.0694,PAX6
Set 3,SET3-NEURON-07,Neuron from astrocyte,Neuron,3,NEUROD2,0.671368,0.09,known_cofactor,140,0.6731,PAX6
Set 3,SET3-NEURON-07,Neuron from astrocyte,Neuron,4,ZIC1,0.658048,0.13,program_neighbor,140,1.0000,PAX6
Set 3,SET3-NEURON-07,Neuron from astrocyte,Neuron,5,ZIC2,0.648038,0.16,program_neighbor,140,0.9929,PAX6
Set 3,SET3-NEURON-07,Neuron from astrocyte,Neuron,6,ACTL6B,0.639923,0.19,program_neighbor,77,0.4667,PAX6
Set 3,SET3-NEURON-07,Neuron from astrocyte,Neuron,7,MYT1L,0.633467,0.22,known_cofactor,140,0.9722,PAX6
Set 3,SET3-NEURON-07,Neuron from astrocyte,Neuron,8,CTNND2,0.615962,0.25,program_neighbor,19,0.0309,PAX6
Set 3,SET3-NEURON-07,Neuron from astrocyte,Neuron,9,PAX6,0.613869,0.28,known_factor,140,1.0000,PAX6
Set 3,SET3-NEURON-07,Neuron from astrocyte,Neuron,10,FOXG1,0.613048,0.32,known_cofactor,1,0.0071,PAX6
Set 3,SET3-NEURON-07,Neuron from astrocyte,Neuron,11,SCRT2,0.611015,0.35,program_neighbor,140,0.9929,PAX6
Set 3,SET3-NEURON-07,Neuron from astrocyte,Neuron,12,CUX2,0.601910,0.38,program_neighbor,3,0.0171,PAX6
Set 3,SET3-NEURON-07,Neuron from astrocyte,Neuron,13,ETV1,0.596021,0.41,program_neighbor,140,1.0000,PAX6
Set 3,SET3-NEURON-07,Neuron from astrocyte,Neuron,14,ZBTB18,0.595922,0.44,program_neighbor,2,0.0106,PAX6
Set 3,SET3-NEURON-07,Neuron from astrocyte,Neuron,15,CHD5,0.594722,0.47,program_neighbor,90,0.4737,PAX6
Set 3,SET3-NEURON-07,Neuron from astrocyte,Neuron,16,RORB,0.589664,0.51,program_neighbor,140,1.0000,PAX6
Set 3,SET3-NEURON-07,Neuron from astrocyte,Neuron,17,CELF3,0.589634,0.54,program_neighbor,8,0.0404,PAX6
Set 3,SET3-NEURON-07,Neuron from astrocyte,Neuron,18,BARHL2,0.589480,0.57,program_neighbor,140,1.0000,PAX6
Set 3,SET3-NEURON-07,Neuron from astrocyte,Neuron,19,ZIC3,0.588034,0.60,program_neighbor,140,0.9929,PAX6
Set 3,SET3-NEURON-07,Neuron from astrocyte,Neuron,20,NEUROD1,0.585074,0.63,known_cofactor,140,1.0000,PAX6
Set 3,SET3-NEURON-07,Neuron from astrocyte,Neuron,21,SCRT1,0.580097,0.66,program_neighbor,140,0.9929,PAX6
Set 3,SET3-NEURON-07,Neuron from astrocyte,Neuron,22,ZIC5,0.580030,0.69,program_neighbor,140,0.9929,PAX6
Set 3,SET3-NEURON-07,Neuron from astrocyte,Neuron,23,POU3F3,0.574044,0.73,program_neighbor,140,0.7609,PAX6
Set 3,SET3-NEURON-07,Neuron from astrocyte,Neuron,24,MAPT,0.572971,0.76,program_neighbor,12,0.0632,PAX6
Set 3,SET3-NEURON-07,Neuron from astrocyte,Neuron,25,OTX2,0.558140,0.79,program_neighbor,140,1.0000,PAX6
Set 3,SET3-NEURON-07,Neuron from astrocyte,Neuron,26,DEAF1,0.556897,0.82,program_neighbor,140,0.9859,PAX6
Set 3,SET3-NEURON-07,Neuron from astrocyte,Neuron,27,CHD7,0.552439,0.85,program_neighbor,140,0.7735,PAX6
Set 3,SET3-NEURON-07,Neuron from astrocyte,Neuron,28,FEZF2,0.552226,0.88,program_neighbor,140,0.9929,PAX6
Set 3,SET3-NEURON-07,Neuron from astrocyte,Neuron,29,VAX2,0.551087,0.92,program_neighbor,140,1.0000,PAX6
Set 3,SET3-NEURON-07,Neuron from astrocyte,Neuron,30,BARHL1,0.549348,0.95,program_neighbor,4,0.0215,PAX6
Set 3,SET3-NEURON-07,Neuron from astrocyte,Neuron,31,INSM2,0.545938,0.98,program_neighbor,10,0.0709,PAX6
Set 3,SET3-NEURON-07,Neuron from astrocyte,Neuron,32,RIT2,0.543553,1.01,program_neighbor,17,0.0273,PAX6
Set 3,SET3-NEURON-07,Neuron from astrocyte,Neuron,33,OTUD7A,0.543420,1.04,program_neighbor,10,0.0714,PAX6
Set 3,SET3-NEURON-07,Neuron from astrocyte,Neuron,34,DLX1,0.542422,1.07,known_cofactor,3,0.0160,PAX6
Set 3,SET3-NEURON-07,Neuron from astrocyte,Neuron,35,KHDRBS3,0.537820,1.11,program_neighbor,11,0.0786,PAX6
Set 3,SET3-NEURON-07,Neuron from astrocyte,Neuron,36,RBFOX3,0.537656,1.14,program_neighbor,51,0.2297,PAX6
Set 3,SET3-NEURON-07,Neuron from astrocyte,Neuron,37,VSX1,0.534737,1.17,program_neighbor,140,1.0000,PAX6
Set 3,SET3-NEURON-07,Neuron from astrocyte,Neuron,38,MYT1,0.534347,1.20,program_neighbor,140,0.8140,PAX6
Set 3,SET3-NEURON-07,Neuron from astrocyte,Neuron,39,SATB2,0.533928,1.23,program_neighbor,140,0.9859,PAX6
Set 3,SET3-NEURON-07,Neuron from astrocyte,Neuron,40,PTPRN,0.533716,1.26,program_neighbor,55,0.3216,PAX6
Set 3,SET3-NEURON-07,Neuron from astrocyte,Neuron,41,NKX6-3,0.533287,1.30,program_neighbor,3,0.0160,PAX6
Set 3,SET3-NEURON-07,Neuron from astrocyte,Neuron,42,CELF4,0.532297,1.33,program_neighbor,4,0.0215,PAX6
Set 3,SET3-NEURON-07,Neuron from astrocyte,Neuron,43,LHX1,0.531602,1.36,program_neighbor,140,1.0000,PAX6
Set 3,SET3-NEURON-07,Neuron from astrocyte,Neuron,44,EOMES,0.531343,1.39,program_neighbor,140,0.9929,PAX6
Set 3,SET3-NEURON-07,Neuron from astrocyte,Neuron,45,UNCX,0.530939,1.42,program_neighbor,14,0.0966,PAX6
Set 3,SET3-NEURON-07,Neuron from astrocyte,Neuron,46,NKX6-2,0.526998,1.45,program_neighbor,140,1.0000,PAX6
Set 3,SET3-NEURON-07,Neuron from astrocyte,Neuron,47,SOHLH1,0.525541,1.48,program_neighbor,140,1.0000,PAX6
Set 3,SET3-NEURON-07,Neuron from astrocyte,Neuron,48,AFF3,0.525249,1.52,program_neighbor,140,0.9929,PAX6
Set 3,SET3-NEURON-07,Neuron from astrocyte,Neuron,49,EGR4,0.522479,1.55,program_neighbor,140,0.9859,PAX6
Set 3,SET3-NEURON-07,Neuron from astrocyte,Neuron,50,INSM1,0.519161,1.58,program_neighbor,140,0.8917,PAX6
Set 3,SET3-NEURON-08,Neuron from astrocyte,Neuron,1,TBR1,0.729689,0.03,program_neighbor,140,1.0000,NEUROD1
Set 3,SET3-NEURON-08,Neuron from astrocyte,Neuron,2,EN2,0.681461,0.06,program_neighbor,10,0.0694,NEUROD1
Set 3,SET3-NEURON-08,Neuron from astrocyte,Neuron,3,NEUROD2,0.671368,0.09,known_cofactor,140,0.6731,NEUROD1
Set 3,SET3-NEURON-08,Neuron from astrocyte,Neuron,4,ZIC1,0.658048,0.13,program_neighbor,140,1.0000,NEUROD1
Set 3,SET3-NEURON-08,Neuron from astrocyte,Neuron,5,ZIC2,0.648038,0.16,program_neighbor,140,0.9929,NEUROD1
Set 3,SET3-NEURON-08,Neuron from astrocyte,Neuron,6,ACTL6B,0.639923,0.19,program_neighbor,77,0.4667,NEUROD1
Set 3,SET3-NEURON-08,Neuron from astrocyte,Neuron,7,MYT1L,0.633467,0.22,known_cofactor,140,0.9722,NEUROD1
Set 3,SET3-NEURON-08,Neuron from astrocyte,Neuron,8,CTNND2,0.615962,0.25,program_neighbor,19,0.0309,NEUROD1
Set 3,SET3-NEURON-08,Neuron from astrocyte,Neuron,9,PAX6,0.613869,0.28,known_cofactor,140,1.0000,NEUROD1
Set 3,SET3-NEURON-08,Neuron from astrocyte,Neuron,10,FOXG1,0.613048,0.32,known_cofactor,1,0.0071,NEUROD1
Set 3,SET3-NEURON-08,Neuron from astrocyte,Neuron,11,SCRT2,0.611015,0.35,program_neighbor,140,0.9929,NEUROD1
Set 3,SET3-NEURON-08,Neuron from astrocyte,Neuron,12,CUX2,0.601910,0.38,program_neighbor,3,0.0171,NEUROD1
Set 3,SET3-NEURON-08,Neuron from astrocyte,Neuron,13,ETV1,0.596021,0.41,program_neighbor,140,1.0000,NEUROD1
Set 3,SET3-NEURON-08,Neuron from astrocyte,Neuron,14,ZBTB18,0.595922,0.44,program_neighbor,2,0.0106,NEUROD1
Set 3,SET3-NEURON-08,Neuron from astrocyte,Neuron,15,CHD5,0.594722,0.47,program_neighbor,90,0.4737,NEUROD1
Set 3,SET3-NEURON-08,Neuron from astrocyte,Neuron,16,RORB,0.589664,0.51,program_neighbor,140,1.0000,NEUROD1
Set 3,SET3-NEURON-08,Neuron from astrocyte,Neuron,17,CELF3,0.589634,0.54,program_neighbor,8,0.0404,NEUROD1
Set 3,SET3-NEURON-08,Neuron from astrocyte,Neuron,18,BARHL2,0.589480,0.57,program_neighbor,140,1.0000,NEUROD1
Set 3,SET3-NEURON-08,Neuron from astrocyte,Neuron,19,ZIC3,0.588034,0.60,program_neighbor,140,0.9929,NEUROD1
Set 3,SET3-NEURON-08,Neuron from astrocyte,Neuron,20,NEUROD1,0.585074,0.63,known_factor,140,1.0000,NEUROD1
Set 3,SET3-NEURON-08,Neuron from astrocyte,Neuron,21,SCRT1,0.580097,0.66,program_neighbor,140,0.9929,NEUROD1
Set 3,SET3-NEURON-08,Neuron from astrocyte,Neuron,22,ZIC5,0.580030,0.69,program_neighbor,140,0.9929,NEUROD1
Set 3,SET3-NEURON-08,Neuron from astrocyte,Neuron,23,POU3F3,0.574044,0.73,program_neighbor,140,0.7609,NEUROD1
Set 3,SET3-NEURON-08,Neuron from astrocyte,Neuron,24,MAPT,0.572971,0.76,program_neighbor,12,0.0632,NEUROD1
Set 3,SET3-NEURON-08,Neuron from astrocyte,Neuron,25,OTX2,0.558140,0.79,program_neighbor,140,1.0000,NEUROD1
Set 3,SET3-NEURON-08,Neuron from astrocyte,Neuron,26,DEAF1,0.556897,0.82,program_neighbor,140,0.9859,NEUROD1
Set 3,SET3-NEURON-08,Neuron from astrocyte,Neuron,27,CHD7,0.552439,0.85,program_neighbor,140,0.7735,NEUROD1
Set 3,SET3-NEURON-08,Neuron from astrocyte,Neuron,28,FEZF2,0.552226,0.88,program_neighbor,140,0.9929,NEUROD1
Set 3,SET3-NEURON-08,Neuron from astrocyte,Neuron,29,VAX2,0.551087,0.92,program_neighbor,140,1.0000,NEUROD1
Set 3,SET3-NEURON-08,Neuron from astrocyte,Neuron,30,BARHL1,0.549348,0.95,program_neighbor,4,0.0215,NEUROD1
Set 3,SET3-NEURON-08,Neuron from astrocyte,Neuron,31,INSM2,0.545938,0.98,program_neighbor,10,0.0709,NEUROD1
Set 3,SET3-NEURON-08,Neuron from astrocyte,Neuron,32,RIT2,0.543553,1.01,program_neighbor,17,0.0273,NEUROD1
Set 3,SET3-NEURON-08,Neuron from astrocyte,Neuron,33,OTUD7A,0.543420,1.04,program_neighbor,10,0.0714,NEUROD1
Set 3,SET3-NEURON-08,Neuron from astrocyte,Neuron,34,DLX1,0.542422,1.07,known_cofactor,3,0.0160,NEUROD1
Set 3,SET3-NEURON-08,Neuron from astrocyte,Neuron,35,KHDRBS3,0.537820,1.11,program_neighbor,11,0.0786,NEUROD1
Set 3,SET3-NEURON-08,Neuron from astrocyte,Neuron,36,RBFOX3,0.537656,1.14,program_neighbor,51,0.2297,NEUROD1
Set 3,SET3-NEURON-08,Neuron from astrocyte,Neuron,37,VSX1,0.534737,1.17,program_neighbor,140,1.0000,NEUROD1
Set 3,SET3-NEURON-08,Neuron from astrocyte,Neuron,38,MYT1,0.534347,1.20,program_neighbor,140,0.8140,NEUROD1
Set 3,SET3-NEURON-08,Neuron from astrocyte,Neuron,39,SATB2,0.533928,1.23,program_neighbor,140,0.9859,NEUROD1
Set 3,SET3-NEURON-08,Neuron from astrocyte,Neuron,40,PTPRN,0.533716,1.26,program_neighbor,55,0.3216,NEUROD1
Set 3,SET3-NEURON-08,Neuron from astrocyte,Neuron,41,NKX6-3,0.533287,1.30,program_neighbor,3,0.0160,NEUROD1
Set 3,SET3-NEURON-08,Neuron from astrocyte,Neuron,42,CELF4,0.532297,1.33,program_neighbor,4,0.0215,NEUROD1
Set 3,SET3-NEURON-08,Neuron from astrocyte,Neuron,43,LHX1,0.531602,1.36,program_neighbor,140,1.0000,NEUROD1
Set 3,SET3-NEURON-08,Neuron from astrocyte,Neuron,44,EOMES,0.531343,1.39,program_neighbor,140,0.9929,NEUROD1
Set 3,SET3-NEURON-08,Neuron from astrocyte,Neuron,45,UNCX,0.530939,1.42,program_neighbor,14,0.0966,NEUROD1
Set 3,SET3-NEURON-08,Neuron from astrocyte,Neuron,46,NKX6-2,0.526998,1.45,program_neighbor,140,1.0000,NEUROD1
Set 3,SET3-NEURON-08,Neuron from astrocyte,Neuron,47,SOHLH1,0.525541,1.48,program_neighbor,140,1.0000,NEUROD1
Set 3,SET3-NEURON-08,Neuron from astrocyte,Neuron,48,AFF3,0.525249,1.52,program_neighbor,140,0.9929,NEUROD1
Set 3,SET3-NEURON-08,Neuron from astrocyte,Neuron,49,EGR4,0.522479,1.55,program_neighbor,140,0.9859,NEUROD1
Set 3,SET3-NEURON-08,Neuron from astrocyte,Neuron,50,INSM1,0.519161,1.58,program_neighbor,140,0.8917,NEUROD1
Set 3,SET3-NEURON-09,Neuron from astrocyte,Neuron,1,TBR1,0.729689,0.03,novel_prediction,0,0.0000,
Set 3,SET3-NEURON-09,Neuron from astrocyte,Neuron,2,EN2,0.681461,0.06,program_neighbor,1,0.0714,NEUROG2
Set 3,SET3-NEURON-09,Neuron from astrocyte,Neuron,3,NEUROD2,0.671368,0.09,known_cofactor,1,0.0048,NEUROG2
Set 3,SET3-NEURON-09,Neuron from astrocyte,Neuron,4,ZIC1,0.658048,0.13,novel_prediction,0,0.0000,
Set 3,SET3-NEURON-09,Neuron from astrocyte,Neuron,5,ZIC2,0.648038,0.16,program_neighbor,1,0.0071,NEUROG2
Set 3,SET3-NEURON-09,Neuron from astrocyte,Neuron,6,ACTL6B,0.639923,0.19,novel_prediction,0,0.0000,
Set 3,SET3-NEURON-09,Neuron from astrocyte,Neuron,7,MYT1L,0.633467,0.22,known_cofactor,0,0.0000,
Set 3,SET3-NEURON-09,Neuron from astrocyte,Neuron,8,CTNND2,0.615962,0.25,novel_prediction,0,0.0000,
Set 3,SET3-NEURON-09,Neuron from astrocyte,Neuron,9,PAX6,0.613869,0.28,known_cofactor,0,0.0000,
Set 3,SET3-NEURON-09,Neuron from astrocyte,Neuron,10,FOXG1,0.613048,0.32,known_cofactor,0,0.0000,
Set 3,SET3-NEURON-09,Neuron from astrocyte,Neuron,11,SCRT2,0.611015,0.35,program_neighbor,1,0.0071,NEUROG2
Set 3,SET3-NEURON-09,Neuron from astrocyte,Neuron,12,CUX2,0.601910,0.38,novel_prediction,0,0.0000,
Set 3,SET3-NEURON-09,Neuron from astrocyte,Neuron,13,ETV1,0.596021,0.41,novel_prediction,0,0.0000,
Set 3,SET3-NEURON-09,Neuron from astrocyte,Neuron,14,ZBTB18,0.595922,0.44,novel_prediction,0,0.0000,
Set 3,SET3-NEURON-09,Neuron from astrocyte,Neuron,15,CHD5,0.594722,0.47,novel_prediction,0,0.0000,
Set 3,SET3-NEURON-09,Neuron from astrocyte,Neuron,16,RORB,0.589664,0.51,novel_prediction,0,0.0000,
Set 3,SET3-NEURON-09,Neuron from astrocyte,Neuron,17,CELF3,0.589634,0.54,program_neighbor,1,0.0152,NEUROG2
Set 3,SET3-NEURON-09,Neuron from astrocyte,Neuron,18,BARHL2,0.589480,0.57,novel_prediction,0,0.0000,
Set 3,SET3-NEURON-09,Neuron from astrocyte,Neuron,19,ZIC3,0.588034,0.60,novel_prediction,0,0.0000,
Set 3,SET3-NEURON-09,Neuron from astrocyte,Neuron,20,NEUROD1,0.585074,0.63,known_cofactor,0,0.0000,
Set 3,SET3-NEURON-09,Neuron from astrocyte,Neuron,21,SCRT1,0.580097,0.66,novel_prediction,0,0.0000,
Set 3,SET3-NEURON-09,Neuron from astrocyte,Neuron,22,ZIC5,0.580030,0.69,novel_prediction,0,0.0000,
Set 3,SET3-NEURON-09,Neuron from astrocyte,Neuron,23,POU3F3,0.574044,0.73,program_neighbor,1,0.0054,NEUROG2
Set 3,SET3-NEURON-09,Neuron from astrocyte,Neuron,24,MAPT,0.572971,0.76,program_neighbor,1,0.0161,NEUROG2
Set 3,SET3-NEURON-09,Neuron from astrocyte,Neuron,25,OTX2,0.558140,0.79,novel_prediction,0,0.0000,
Set 3,SET3-NEURON-09,Neuron from astrocyte,Neuron,26,DEAF1,0.556897,0.82,program_neighbor,1,0.0070,NEUROG2
Set 3,SET3-NEURON-09,Neuron from astrocyte,Neuron,27,CHD7,0.552439,0.85,program_neighbor,1,0.0055,NEUROG2
Set 3,SET3-NEURON-09,Neuron from astrocyte,Neuron,28,FEZF2,0.552226,0.88,program_neighbor,1,0.0071,NEUROG2
Set 3,SET3-NEURON-09,Neuron from astrocyte,Neuron,29,VAX2,0.551087,0.92,novel_prediction,0,0.0000,
Set 3,SET3-NEURON-09,Neuron from astrocyte,Neuron,30,BARHL1,0.549348,0.95,novel_prediction,0,0.0000,
Set 3,SET3-NEURON-09,Neuron from astrocyte,Neuron,31,INSM2,0.545938,0.98,novel_prediction,0,0.0000,
Set 3,SET3-NEURON-09,Neuron from astrocyte,Neuron,32,RIT2,0.543553,1.01,novel_prediction,0,0.0000,
Set 3,SET3-NEURON-09,Neuron from astrocyte,Neuron,33,OTUD7A,0.543420,1.04,novel_prediction,0,0.0000,
Set 3,SET3-NEURON-09,Neuron from astrocyte,Neuron,34,DLX1,0.542422,1.07,known_cofactor,0,0.0000,
Set 3,SET3-NEURON-09,Neuron from astrocyte,Neuron,35,KHDRBS3,0.537820,1.11,novel_prediction,0,0.0000,
Set 3,SET3-NEURON-09,Neuron from astrocyte,Neuron,36,RBFOX3,0.537656,1.14,program_neighbor,1,0.0075,NEUROG2
Set 3,SET3-NEURON-09,Neuron from astrocyte,Neuron,37,VSX1,0.534737,1.17,novel_prediction,0,0.0000,
Set 3,SET3-NEURON-09,Neuron from astrocyte,Neuron,38,MYT1,0.534347,1.20,novel_prediction,0,0.0000,
Set 3,SET3-NEURON-09,Neuron from astrocyte,Neuron,39,SATB2,0.533928,1.23,novel_prediction,0,0.0000,
Set 3,SET3-NEURON-09,Neuron from astrocyte,Neuron,40,PTPRN,0.533716,1.26,novel_prediction,0,0.0000,
Set 3,SET3-NEURON-09,Neuron from astrocyte,Neuron,41,NKX6-3,0.533287,1.30,novel_prediction,0,0.0000,
Set 3,SET3-NEURON-09,Neuron from astrocyte,Neuron,42,CELF4,0.532297,1.33,novel_prediction,0,0.0000,
Set 3,SET3-NEURON-09,Neuron from astrocyte,Neuron,43,LHX1,0.531602,1.36,novel_prediction,0,0.0000,
Set 3,SET3-NEURON-09,Neuron from astrocyte,Neuron,44,EOMES,0.531343,1.39,program_neighbor,1,0.0071,NEUROG2
Set 3,SET3-NEURON-09,Neuron from astrocyte,Neuron,45,UNCX,0.530939,1.42,novel_prediction,0,0.0000,
Set 3,SET3-NEURON-09,Neuron from astrocyte,Neuron,46,NKX6-2,0.526998,1.45,novel_prediction,0,0.0000,
Set 3,SET3-NEURON-09,Neuron from astrocyte,Neuron,47,SOHLH1,0.525541,1.48,novel_prediction,0,0.0000,
Set 3,SET3-NEURON-09,Neuron from astrocyte,Neuron,48,AFF3,0.525249,1.52,novel_prediction,0,0.0000,
Set 3,SET3-NEURON-09,Neuron from astrocyte,Neuron,49,EGR4,0.522479,1.55,novel_prediction,0,0.0000,
Set 3,SET3-NEURON-09,Neuron from astrocyte,Neuron,50,INSM1,0.519161,1.58,program_neighbor,1,0.0064,NEUROG2
Set 3,SET3-NEURON-10,Neuron from astrocyte,Neuron,1,TBR1,0.729689,0.03,novel_prediction,0,0.0000,
Set 3,SET3-NEURON-10,Neuron from astrocyte,Neuron,2,EN2,0.681461,0.06,novel_prediction,0,0.0000,
Set 3,SET3-NEURON-10,Neuron from astrocyte,Neuron,3,NEUROD2,0.671368,0.09,known_cofactor,0,0.0000,
Set 3,SET3-NEURON-10,Neuron from astrocyte,Neuron,4,ZIC1,0.658048,0.13,novel_prediction,0,0.0000,
Set 3,SET3-NEURON-10,Neuron from astrocyte,Neuron,5,ZIC2,0.648038,0.16,novel_prediction,0,0.0000,
Set 3,SET3-NEURON-10,Neuron from astrocyte,Neuron,6,ACTL6B,0.639923,0.19,novel_prediction,0,0.0000,
Set 3,SET3-NEURON-10,Neuron from astrocyte,Neuron,7,MYT1L,0.633467,0.22,known_cofactor,0,0.0000,
Set 3,SET3-NEURON-10,Neuron from astrocyte,Neuron,8,CTNND2,0.615962,0.25,novel_prediction,0,0.0000,
Set 3,SET3-NEURON-10,Neuron from astrocyte,Neuron,9,PAX6,0.613869,0.28,known_cofactor,0,0.0000,
Set 3,SET3-NEURON-10,Neuron from astrocyte,Neuron,10,FOXG1,0.613048,0.32,known_cofactor,0,0.0000,
Set 3,SET3-NEURON-10,Neuron from astrocyte,Neuron,11,SCRT2,0.611015,0.35,novel_prediction,0,0.0000,
Set 3,SET3-NEURON-10,Neuron from astrocyte,Neuron,12,CUX2,0.601910,0.38,novel_prediction,0,0.0000,
Set 3,SET3-NEURON-10,Neuron from astrocyte,Neuron,13,ETV1,0.596021,0.41,novel_prediction,0,0.0000,
Set 3,SET3-NEURON-10,Neuron from astrocyte,Neuron,14,ZBTB18,0.595922,0.44,novel_prediction,0,0.0000,
Set 3,SET3-NEURON-10,Neuron from astrocyte,Neuron,15,CHD5,0.594722,0.47,novel_prediction,0,0.0000,
Set 3,SET3-NEURON-10,Neuron from astrocyte,Neuron,16,RORB,0.589664,0.51,novel_prediction,0,0.0000,
Set 3,SET3-NEURON-10,Neuron from astrocyte,Neuron,17,CELF3,0.589634,0.54,novel_prediction,0,0.0000,
Set 3,SET3-NEURON-10,Neuron from astrocyte,Neuron,18,BARHL2,0.589480,0.57,novel_prediction,0,0.0000,
Set 3,SET3-NEURON-10,Neuron from astrocyte,Neuron,19,ZIC3,0.588034,0.60,novel_prediction,0,0.0000,
Set 3,SET3-NEURON-10,Neuron from astrocyte,Neuron,20,NEUROD1,0.585074,0.63,known_cofactor,0,0.0000,
Set 3,SET3-NEURON-10,Neuron from astrocyte,Neuron,21,SCRT1,0.580097,0.66,novel_prediction,0,0.0000,
Set 3,SET3-NEURON-10,Neuron from astrocyte,Neuron,22,ZIC5,0.580030,0.69,novel_prediction,0,0.0000,
Set 3,SET3-NEURON-10,Neuron from astrocyte,Neuron,23,POU3F3,0.574044,0.73,novel_prediction,0,0.0000,
Set 3,SET3-NEURON-10,Neuron from astrocyte,Neuron,24,MAPT,0.572971,0.76,novel_prediction,0,0.0000,
Set 3,SET3-NEURON-10,Neuron from astrocyte,Neuron,25,OTX2,0.558140,0.79,novel_prediction,0,0.0000,
Set 3,SET3-NEURON-10,Neuron from astrocyte,Neuron,26,DEAF1,0.556897,0.82,novel_prediction,0,0.0000,
Set 3,SET3-NEURON-10,Neuron from astrocyte,Neuron,27,CHD7,0.552439,0.85,novel_prediction,0,0.0000,
Set 3,SET3-NEURON-10,Neuron from astrocyte,Neuron,28,FEZF2,0.552226,0.88,novel_prediction,0,0.0000,
Set 3,SET3-NEURON-10,Neuron from astrocyte,Neuron,29,VAX2,0.551087,0.92,novel_prediction,0,0.0000,
Set 3,SET3-NEURON-10,Neuron from astrocyte,Neuron,30,BARHL1,0.549348,0.95,novel_prediction,0,0.0000,
Set 3,SET3-NEURON-10,Neuron from astrocyte,Neuron,31,INSM2,0.545938,0.98,novel_prediction,0,0.0000,
Set 3,SET3-NEURON-10,Neuron from astrocyte,Neuron,32,RIT2,0.543553,1.01,novel_prediction,0,0.0000,
Set 3,SET3-NEURON-10,Neuron from astrocyte,Neuron,33,OTUD7A,0.543420,1.04,novel_prediction,0,0.0000,
Set 3,SET3-NEURON-10,Neuron from astrocyte,Neuron,34,DLX1,0.542422,1.07,known_cofactor,0,0.0000,
Set 3,SET3-NEURON-10,Neuron from astrocyte,Neuron,35,KHDRBS3,0.537820,1.11,novel_prediction,0,0.0000,
Set 3,SET3-NEURON-10,Neuron from astrocyte,Neuron,36,RBFOX3,0.537656,1.14,novel_prediction,0,0.0000,
Set 3,SET3-NEURON-10,Neuron from astrocyte,Neuron,37,VSX1,0.534737,1.17,novel_prediction,0,0.0000,
Set 3,SET3-NEURON-10,Neuron from astrocyte,Neuron,38,MYT1,0.534347,1.20,novel_prediction,0,0.0000,
Set 3,SET3-NEURON-10,Neuron from astrocyte,Neuron,39,SATB2,0.533928,1.23,novel_prediction,0,0.0000,
Set 3,SET3-NEURON-10,Neuron from astrocyte,Neuron,40,PTPRN,0.533716,1.26,novel_prediction,0,0.0000,
Set 3,SET3-NEURON-10,Neuron from astrocyte,Neuron,41,NKX6-3,0.533287,1.30,novel_prediction,0,0.0000,
Set 3,SET3-NEURON-10,Neuron from astrocyte,Neuron,42,CELF4,0.532297,1.33,novel_prediction,0,0.0000,
Set 3,SET3-NEURON-10,Neuron from astrocyte,Neuron,43,LHX1,0.531602,1.36,novel_prediction,0,0.0000,
Set 3,SET3-NEURON-10,Neuron from astrocyte,Neuron,44,EOMES,0.531343,1.39,novel_prediction,0,0.0000,
Set 3,SET3-NEURON-10,Neuron from astrocyte,Neuron,45,UNCX,0.530939,1.42,novel_prediction,0,0.0000,
Set 3,SET3-NEURON-10,Neuron from astrocyte,Neuron,46,NKX6-2,0.526998,1.45,novel_prediction,0,0.0000,
Set 3,SET3-NEURON-10,Neuron from astrocyte,Neuron,47,SOHLH1,0.525541,1.48,novel_prediction,0,0.0000,
Set 3,SET3-NEURON-10,Neuron from astrocyte,Neuron,48,AFF3,0.525249,1.52,novel_prediction,0,0.0000,
Set 3,SET3-NEURON-10,Neuron from astrocyte,Neuron,49,EGR4,0.522479,1.55,novel_prediction,0,0.0000,
Set 3,SET3-NEURON-10,Neuron from astrocyte,Neuron,50,INSM1,0.519161,1.58,novel_prediction,0,0.0000,
Set 3,SET3-TREG-01,Regulatory T cell,Immune,1,TLR8,0.848027,0.03,program_neighbor,438,0.8813,FOXP3
Set 3,SET3-TREG-01,Regulatory T cell,Immune,2,CR2,0.832233,0.06,program_neighbor,439,0.8869,FOXP3
Set 3,SET3-TREG-01,Regulatory T cell,Immune,3,TCF7,0.787069,0.09,program_neighbor,495,0.8951,FOXP3
Set 3,SET3-TREG-01,Regulatory T cell,Immune,4,EOMES,0.784904,0.13,program_neighbor,140,0.2823,FOXP3
Set 3,SET3-TREG-01,Regulatory T cell,Immune,5,NLRC5,0.783149,0.16,program_neighbor,439,0.8851,FOXP3
Set 3,SET3-TREG-01,Regulatory T cell,Immune,6,SPIB,0.780527,0.19,program_neighbor,140,0.2828,FOXP3
Set 3,SET3-TREG-01,Regulatory T cell,Immune,7,IRF5,0.772523,0.22,program_neighbor,460,0.8487,FOXP3
Set 3,SET3-TREG-01,Regulatory T cell,Immune,8,ARID3A,0.755908,0.25,program_neighbor,140,0.2761,FOXP3
Set 3,SET3-TREG-01,Regulatory T cell,Immune,9,TXK,0.753328,0.28,novel_prediction,0,0.0000,
Set 3,SET3-TREG-01,Regulatory T cell,Immune,10,AKNA,0.750845,0.32,program_neighbor,97,0.1735,FOXP3
Set 3,SET3-TREG-01,Regulatory T cell,Immune,11,CD274,0.742486,0.35,program_neighbor,445,0.7143,FOXP3
Set 3,SET3-TREG-01,Regulatory T cell,Immune,12,ARID5A,0.726297,0.38,program_neighbor,440,0.8889,FOXP3
Set 3,SET3-TREG-01,Regulatory T cell,Immune,13,PADI4,0.720242,0.41,program_neighbor,495,0.9980,FOXP3
Set 3,SET3-TREG-01,Regulatory T cell,Immune,14,NFATC2,0.713541,0.44,program_neighbor,141,0.2676,FOXP3
Set 3,SET3-TREG-01,Regulatory T cell,Immune,15,FEZF2,0.703388,0.47,program_neighbor,140,0.2823,FOXP3
Set 3,SET3-TREG-01,Regulatory T cell,Immune,16,MSC,0.703162,0.51,program_neighbor,140,0.2828,FOXP3
Set 3,SET3-TREG-01,Regulatory T cell,Immune,17,BATF3,0.700673,0.54,program_neighbor,140,0.2828,FOXP3
Set 3,SET3-TREG-01,Regulatory T cell,Immune,18,GLI2,0.680444,0.57,program_neighbor,140,0.2622,FOXP3
Set 3,SET3-TREG-01,Regulatory T cell,Immune,19,ZFAT,0.674940,0.60,program_neighbor,140,0.2817,FOXP3
Set 3,SET3-TREG-01,Regulatory T cell,Immune,20,EBF1,0.668879,0.63,program_neighbor,140,0.2828,FOXP3
Set 3,SET3-TREG-01,Regulatory T cell,Immune,21,TBX21,0.668512,0.66,program_neighbor,12,0.0225,FOXP3
Set 3,SET3-TREG-01,Regulatory T cell,Immune,22,POLR3F,0.658655,0.69,program_neighbor,495,1.0000,FOXP3
Set 3,SET3-TREG-01,Regulatory T cell,Immune,23,RAG2,0.650546,0.73,program_neighbor,4,0.0081,FOXP3
Set 3,SET3-TREG-01,Regulatory T cell,Immune,24,FASLG,0.649397,0.76,program_neighbor,17,0.0268,FOXP3
Set 3,SET3-TREG-01,Regulatory T cell,Immune,25,SBNO1,0.648207,0.79,program_neighbor,495,0.9940,FOXP3
Set 3,SET3-TREG-01,Regulatory T cell,Immune,26,ELF1,0.646422,0.82,program_neighbor,140,0.2657,FOXP3
Set 3,SET3-TREG-01,Regulatory T cell,Immune,27,G3BP1,0.642828,0.85,program_neighbor,438,0.8126,FOXP3
Set 3,SET3-TREG-01,Regulatory T cell,Immune,28,IKZF3,0.642516,0.88,program_neighbor,140,0.2828,FOXP3
Set 3,SET3-TREG-01,Regulatory T cell,Immune,29,RUNX3,0.634999,0.92,program_neighbor,140,0.2745,FOXP3
Set 3,SET3-TREG-01,Regulatory T cell,Immune,30,SOX13,0.629339,0.95,program_neighbor,140,0.2662,FOXP3
Set 3,SET3-TREG-01,Regulatory T cell,Immune,31,PSPC1,0.628841,0.98,program_neighbor,495,1.0000,FOXP3
Set 3,SET3-TREG-01,Regulatory T cell,Immune,32,KLF6,0.628287,1.01,program_neighbor,140,0.2828,FOXP3
Set 3,SET3-TREG-01,Regulatory T cell,Immune,33,ACTN1,0.627884,1.04,program_neighbor,1,0.0019,FOXP3
Set 3,SET3-TREG-01,Regulatory T cell,Immune,34,BCL6B,0.624800,1.07,novel_prediction,0,0.0000,
Set 3,SET3-TREG-01,Regulatory T cell,Immune,35,POLR3C,0.623040,1.11,program_neighbor,495,0.9980,FOXP3
Set 3,SET3-TREG-01,Regulatory T cell,Immune,36,KLF13,0.620885,1.14,program_neighbor,88,0.1673,FOXP3
Set 3,SET3-TREG-01,Regulatory T cell,Immune,37,BTK,0.616808,1.17,program_neighbor,438,0.8813,FOXP3
Set 3,SET3-TREG-01,Regulatory T cell,Immune,38,SERTAD3,0.610793,1.20,program_neighbor,495,0.9980,FOXP3
Set 3,SET3-TREG-01,Regulatory T cell,Immune,39,IFIT5,0.610515,1.23,program_neighbor,438,0.8439,FOXP3
Set 3,SET3-TREG-01,Regulatory T cell,Immune,40,PAX5,0.608278,1.26,program_neighbor,140,0.2789,FOXP3
Set 3,SET3-TREG-01,Regulatory T cell,Immune,41,GADD45A,0.607565,1.30,novel_prediction,0,0.0000,
Set 3,SET3-TREG-01,Regulatory T cell,Immune,42,ACTN4,0.606427,1.33,program_neighbor,10,0.0193,FOXP3
Set 3,SET3-TREG-01,Regulatory T cell,Immune,43,CABIN1,0.604773,1.36,program_neighbor,77,0.1484,FOXP3
Set 3,SET3-TREG-01,Regulatory T cell,Immune,44,POLR3D,0.604154,1.39,program_neighbor,495,1.0000,FOXP3
Set 3,SET3-TREG-01,Regulatory T cell,Immune,45,PBXIP1,0.603741,1.42,program_neighbor,495,0.6074,FOXP3
Set 3,SET3-TREG-01,Regulatory T cell,Immune,46,IKZF4,0.601784,1.45,program_neighbor,140,0.2828,FOXP3
Set 3,SET3-TREG-01,Regulatory T cell,Immune,47,ILF2,0.600639,1.48,program_neighbor,1,0.0020,FOXP3
Set 3,SET3-TREG-01,Regulatory T cell,Immune,48,HEXIM1,0.597321,1.52,program_neighbor,449,0.9071,FOXP3
Set 3,SET3-TREG-01,Regulatory T cell,Immune,49,BATF,0.597255,1.55,program_neighbor,140,0.2828,FOXP3
Set 3,SET3-TREG-01,Regulatory T cell,Immune,50,IRF7,0.597110,1.58,program_neighbor,439,0.8608,FOXP3
Set 3,SET3-PODO-01,Podocyte progenitor,Renal,1,PAX2,0.842352,0.03,known_cofactor,176,0.9167,SOX4
Set 3,SET3-PODO-01,Podocyte progenitor,Renal,2,TFCP2L1,0.811965,0.06,program_neighbor,5,0.0138,NR2F1
Set 3,SET3-PODO-01,Podocyte progenitor,Renal,3,LMX1B,0.793285,0.09,known_cofactor,140,1.0000,IGF2
Set 3,SET3-PODO-01,Podocyte progenitor,Renal,4,TFAP2B,0.734482,0.13,program_neighbor,176,0.9167,SOX4
Set 3,SET3-PODO-01,Podocyte progenitor,Renal,5,FOXI1,0.688718,0.16,program_neighbor,140,1.0000,IGF2
Set 3,SET3-PODO-01,Podocyte progenitor,Renal,6,WTIP,0.655706,0.19,program_neighbor,141,0.8537,IGF2
Set 3,SET3-PODO-01,Podocyte progenitor,Renal,7,ARNT2,0.635150,0.22,program_neighbor,280,0.8714,NR2F1
Set 3,SET3-PODO-01,Podocyte progenitor,Renal,8,NRIP1,0.612422,0.25,program_neighbor,84,0.3100,NR2F1
Set 3,SET3-PODO-01,Podocyte progenitor,Renal,9,ZHX3,0.591600,0.28,program_neighbor,147,0.9459,IGF2
Set 3,SET3-PODO-01,Podocyte progenitor,Renal,10,TCF21,0.544841,0.32,novel_prediction,0,0.0000,
Set 3,SET3-PODO-01,Podocyte progenitor,Renal,11,SALL1,0.543028,0.35,program_neighbor,11,0.0690,IGF2
Set 3,SET3-PODO-01,Podocyte progenitor,Renal,12,WT1,0.526725,0.38,known_cofactor,177,0.7314,SOX4
Set 3,SET3-PODO-01,Podocyte progenitor,Renal,13,DMRT2,0.514932,0.41,program_neighbor,140,0.9929,IGF2
Set 3,SET3-PODO-01,Podocyte progenitor,Renal,14,DDN,0.512371,0.44,program_neighbor,93,0.3577,NR2F1
Set 3,SET3-PODO-01,Podocyte progenitor,Renal,15,KLF4,0.509689,0.47,program_neighbor,190,0.7500,NR2F1
Set 3,SET3-PODO-01,Podocyte progenitor,Renal,16,WWC1,0.500772,0.51,program_neighbor,140,1.0000,IGF2
Set 3,SET3-PODO-01,Podocyte progenitor,Renal,17,SIX2,0.493410,0.54,known_cofactor,145,0.7179,IGF2
Set 3,SET3-PODO-01,Podocyte progenitor,Renal,18,NR0B1,0.490164,0.57,program_neighbor,153,0.6897,IGF2
Set 3,SET3-PODO-01,Podocyte progenitor,Renal,19,INSM1,0.486728,0.60,program_neighbor,141,0.8917,IGF2
Set 3,SET3-PODO-01,Podocyte progenitor,Renal,20,GLIS2,0.486027,0.63,program_neighbor,140,0.9929,IGF2
Set 3,SET3-PODO-01,Podocyte progenitor,Renal,21,HNF1B,0.475352,0.66,known_cofactor,176,0.9167,SOX4
Set 3,SET3-PODO-01,Podocyte progenitor,Renal,22,MAPK12,0.474321,0.69,program_neighbor,171,0.4212,NR2F1
Set 3,SET3-PODO-01,Podocyte progenitor,Renal,23,CITED2,0.467782,0.73,program_neighbor,176,0.9167,SOX4
Set 3,SET3-PODO-01,Podocyte progenitor,Renal,24,ATOH8,0.465979,0.76,program_neighbor,140,1.0000,IGF2
Set 3,SET3-PODO-01,Podocyte progenitor,Renal,25,HNF1A,0.464902,0.79,program_neighbor,177,0.9171,SOX4
Set 3,SET3-PODO-01,Podocyte progenitor,Renal,26,EMX1,0.457830,0.82,program_neighbor,10,0.0714,IGF2
Set 3,SET3-PODO-01,Podocyte progenitor,Renal,27,HMX2,0.456439,0.85,program_neighbor,7,0.0211,SOX4
Set 3,SET3-PODO-01,Podocyte progenitor,Renal,28,PER3,0.451487,0.88,program_neighbor,13,0.0699,IGF2
Set 3,SET3-PODO-01,Podocyte progenitor,Renal,29,HOXB8,0.450430,0.92,program_neighbor,7,0.0254,SOX4
Set 3,SET3-PODO-01,Podocyte progenitor,Renal,30,KLF15,0.445450,0.95,program_neighbor,140,1.0000,IGF2
Set 3,SET3-PODO-01,Podocyte progenitor,Renal,31,FOXD1,0.442138,0.98,program_neighbor,141,0.9929,IGF2
Set 3,SET3-PODO-01,Podocyte progenitor,Renal,32,FOXI2,0.440576,1.01,program_neighbor,8,0.0244,NR2F1
Set 3,SET3-PODO-01,Podocyte progenitor,Renal,33,NR0B2,0.440102,1.04,program_neighbor,7,0.0326,IGF2
Set 3,SET3-PODO-01,Podocyte progenitor,Renal,34,NR1H4,0.439983,1.07,program_neighbor,176,0.3218,SOX4
Set 3,SET3-PODO-01,Podocyte progenitor,Renal,35,EPAS1,0.434822,1.11,program_neighbor,248,0.9839,NR2F1
Set 3,SET3-PODO-01,Podocyte progenitor,Renal,36,POU5F1,0.430832,1.14,program_neighbor,188,0.9171,SOX4
Set 3,SET3-PODO-01,Podocyte progenitor,Renal,37,ESRRB,0.430110,1.17,program_neighbor,140,1.0000,IGF2
Set 3,SET3-PODO-01,Podocyte progenitor,Renal,38,HOXB6,0.429349,1.20,program_neighbor,7,0.0254,IGF2
Set 3,SET3-PODO-01,Podocyte progenitor,Renal,39,TRIM15,0.428380,1.23,program_neighbor,83,0.1677,IGF2
Set 3,SET3-PODO-01,Podocyte progenitor,Renal,40,PAX8,0.427473,1.26,known_cofactor,141,0.9859,IGF2
Set 3,SET3-PODO-01,Podocyte progenitor,Renal,41,JADE1,0.426697,1.30,program_neighbor,194,0.8429,SOX4
Set 3,SET3-PODO-01,Podocyte progenitor,Renal,42,SIX4,0.425764,1.33,program_neighbor,176,0.8670,SOX4
Set 3,SET3-PODO-01,Podocyte progenitor,Renal,43,HOXD1,0.424993,1.36,program_neighbor,8,0.0254,SOX4
Set 3,SET3-PODO-01,Podocyte progenitor,Renal,44,SIM1,0.424650,1.39,program_neighbor,141,0.9929,IGF2
Set 3,SET3-PODO-01,Podocyte progenitor,Renal,45,SIX1,0.424512,1.42,program_neighbor,176,0.9119,SOX4
Set 3,SET3-PODO-01,Podocyte progenitor,Renal,46,EYA1,0.423831,1.45,program_neighbor,27,0.0426,NR2F1
Set 3,SET3-PODO-01,Podocyte progenitor,Renal,47,ZNF683,0.420739,1.48,program_neighbor,140,0.2828,IGF2
Set 3,SET3-PODO-01,Podocyte progenitor,Renal,48,CTBP1,0.418243,1.52,program_neighbor,14,0.0574,NR2F1
Set 3,SET3-PODO-01,Podocyte progenitor,Renal,49,HNF4A,0.417944,1.55,known_cofactor,152,0.9032,IGF2
Set 3,SET3-PODO-01,Podocyte progenitor,Renal,50,HOXB9,0.415865,1.58,program_neighbor,140,1.0000,IGF2
Set 3,SET3-AT2-01,AT2 maintenance,Lung,1,TBX4,0.808496,0.03,program_neighbor,4,0.0215,CEBPA
Set 3,SET3-AT2-01,AT2 maintenance,Lung,2,NKX2-1,0.782783,0.06,known_cofactor,140,0.9929,CEBPA
Set 3,SET3-AT2-01,AT2 maintenance,Lung,3,FOXF1,0.688783,0.09,program_neighbor,10,0.0704,CEBPA
Set 3,SET3-AT2-01,AT2 maintenance,Lung,4,MKI67,0.606059,0.13,program_neighbor,8,0.0394,CEBPA
Set 3,SET3-AT2-01,AT2 maintenance,Lung,5,FOXP4,0.573970,0.16,program_neighbor,140,0.9929,CEBPA
Set 3,SET3-AT2-01,AT2 maintenance,Lung,6,FOXJ1,0.552875,0.19,program_neighbor,140,0.9722,CEBPA
Set 3,SET3-AT2-01,AT2 maintenance,Lung,7,TCF21,0.544578,0.22,novel_prediction,0,0.0000,
Set 3,SET3-AT2-01,AT2 maintenance,Lung,8,FOXF2,0.538648,0.25,program_neighbor,140,0.9859,CEBPA
Set 3,SET3-AT2-01,AT2 maintenance,Lung,9,TBX3,0.521493,0.28,program_neighbor,140,0.7955,CEBPA
Set 3,SET3-AT2-01,AT2 maintenance,Lung,10,FOXA2,0.513930,0.32,known_cofactor,140,0.6829,CEBPA
Set 3,SET3-AT2-01,AT2 maintenance,Lung,11,TBX21,0.513001,0.35,program_neighbor,1,0.0053,CEBPA
Set 3,SET3-AT2-01,AT2 maintenance,Lung,12,EPAS1,0.508820,0.38,program_neighbor,140,0.5645,CEBPA
Set 3,SET3-AT2-01,AT2 maintenance,Lung,13,AGER,0.480290,0.41,program_neighbor,84,0.1650,CEBPA
Set 3,SET3-AT2-01,AT2 maintenance,Lung,14,TBX2,0.474674,0.44,program_neighbor,140,0.7955,CEBPA
Set 3,SET3-AT2-01,AT2 maintenance,Lung,15,FOXP2,0.457021,0.47,program_neighbor,140,0.2569,CEBPA
Set 3,SET3-AT2-01,AT2 maintenance,Lung,16,ZBP1,0.439625,0.51,program_neighbor,1,0.0056,CEBPA
Set 3,SET3-AT2-01,AT2 maintenance,Lung,17,WNT3A,0.431749,0.54,program_neighbor,17,0.0697,CEBPA
Set 3,SET3-AT2-01,AT2 maintenance,Lung,18,FOXA1,0.429440,0.57,program_neighbor,140,1.0000,CEBPA
Set 3,SET3-AT2-01,AT2 maintenance,Lung,19,TBX5,0.420791,0.60,program_neighbor,140,1.0000,CEBPA
Set 3,SET3-AT2-01,AT2 maintenance,Lung,20,FOXN4,0.417212,0.63,program_neighbor,140,0.9859,CEBPA
Set 3,SET3-AT2-01,AT2 maintenance,Lung,21,CEBPA,0.413350,0.66,known_factor,140,1.0000,CEBPA
Set 3,SET3-AT2-01,AT2 maintenance,Lung,22,STK36,0.404124,0.69,novel_prediction,0,0.0000,
Set 3,SET3-AT2-01,AT2 maintenance,Lung,23,TFEC,0.401235,0.73,program_neighbor,140,1.0000,CEBPA
Set 3,SET3-AT2-01,AT2 maintenance,Lung,24,GRHL2,0.390606,0.76,program_neighbor,140,0.2823,CEBPA
Set 3,SET3-AT2-01,AT2 maintenance,Lung,25,MYO18A,0.389044,0.79,novel_prediction,0,0.0000,
Set 3,SET3-AT2-01,AT2 maintenance,Lung,26,TAL1,0.388138,0.82,program_neighbor,140,0.9929,CEBPA
Set 3,SET3-AT2-01,AT2 maintenance,Lung,27,SDR16C5,0.386914,0.85,program_neighbor,3,0.0160,CEBPA
Set 3,SET3-AT2-01,AT2 maintenance,Lung,28,NKX2-5,0.386297,0.88,program_neighbor,140,0.7955,CEBPA
Set 3,SET3-AT2-01,AT2 maintenance,Lung,29,IKZF1,0.383949,0.92,program_neighbor,140,0.9929,CEBPA
Set 3,SET3-AT2-01,AT2 maintenance,Lung,30,NLRP3,0.383798,0.95,program_neighbor,140,0.2160,CEBPA
Set 3,SET3-AT2-01,AT2 maintenance,Lung,31,GATA1,0.381811,0.98,program_neighbor,140,0.7955,CEBPA
Set 3,SET3-AT2-01,AT2 maintenance,Lung,32,SOX7,0.378569,1.01,program_neighbor,140,1.0000,CEBPA
Set 3,SET3-AT2-01,AT2 maintenance,Lung,33,MUC1,0.377905,1.04,program_neighbor,89,0.5205,CEBPA
Set 3,SET3-AT2-01,AT2 maintenance,Lung,34,SPI1,0.375493,1.07,program_neighbor,140,1.0000,CEBPA
Set 3,SET3-AT2-01,AT2 maintenance,Lung,35,LHX4,0.374731,1.11,program_neighbor,1,0.0057,CEBPA
Set 3,SET3-AT2-01,AT2 maintenance,Lung,36,MPO,0.373687,1.14,program_neighbor,84,0.1547,CEBPA
Set 3,SET3-AT2-01,AT2 maintenance,Lung,37,ZNF80,0.371472,1.17,program_neighbor,140,0.9929,CEBPA
Set 3,SET3-AT2-01,AT2 maintenance,Lung,38,NLRP1,0.369026,1.20,program_neighbor,107,0.1682,CEBPA
Set 3,SET3-AT2-01,AT2 maintenance,Lung,39,CD274,0.368195,1.23,program_neighbor,90,0.1445,CEBPA
Set 3,SET3-AT2-01,AT2 maintenance,Lung,40,GFI1,0.366983,1.26,program_neighbor,140,1.0000,CEBPA
Set 3,SET3-AT2-01,AT2 maintenance,Lung,41,RUNX1,0.366355,1.30,program_neighbor,140,0.9929,CEBPA
Set 3,SET3-AT2-01,AT2 maintenance,Lung,42,ZC3H12A,0.365686,1.33,program_neighbor,83,0.1563,CEBPA
Set 3,SET3-AT2-01,AT2 maintenance,Lung,43,IRF1,0.363955,1.36,program_neighbor,140,0.2637,CEBPA
Set 3,SET3-AT2-01,AT2 maintenance,Lung,44,PADI4,0.362953,1.39,program_neighbor,140,0.2823,CEBPA
Set 3,SET3-AT2-01,AT2 maintenance,Lung,45,OASL,0.361515,1.42,program_neighbor,83,0.1677,CEBPA
Set 3,SET3-AT2-01,AT2 maintenance,Lung,46,RUNX3,0.361085,1.45,program_neighbor,140,0.9032,CEBPA
Set 3,SET3-AT2-01,AT2 maintenance,Lung,47,HOXA5,0.359089,1.48,program_neighbor,140,0.9929,CEBPA
Set 3,SET3-AT2-01,AT2 maintenance,Lung,48,FLI1,0.359079,1.52,program_neighbor,140,1.0000,CEBPA
Set 3,SET3-AT2-01,AT2 maintenance,Lung,49,STAT4,0.358955,1.55,program_neighbor,140,0.2823,CEBPA
Set 3,SET3-AT2-01,AT2 maintenance,Lung,50,TP73,0.357651,1.58,program_neighbor,140,0.2637,CEBPA
Set 3,SET3-AT2-02,AT2 regeneration,Lung,1,TBX4,0.808496,0.03,program_neighbor,4,0.0417,TFCP2L1
Set 3,SET3-AT2-02,AT2 regeneration,Lung,2,NKX2-1,0.782783,0.06,known_cofactor,1,0.0053,TFCP2L1
Set 3,SET3-AT2-02,AT2 regeneration,Lung,3,FOXF1,0.688783,0.09,novel_prediction,0,0.0000,
Set 3,SET3-AT2-02,AT2 regeneration,Lung,4,MKI67,0.606059,0.13,program_neighbor,1,0.0083,TFCP2L1
Set 3,SET3-AT2-02,AT2 regeneration,Lung,5,FOXP4,0.573970,0.16,program_neighbor,1,0.0053,TFCP2L1
Set 3,SET3-AT2-02,AT2 regeneration,Lung,6,FOXJ1,0.552875,0.19,program_neighbor,1,0.0052,TFCP2L1
Set 3,SET3-AT2-02,AT2 regeneration,Lung,7,TCF21,0.544578,0.22,novel_prediction,0,0.0000,
Set 3,SET3-AT2-02,AT2 regeneration,Lung,8,FOXF2,0.538648,0.25,program_neighbor,1,0.0052,TFCP2L1
Set 3,SET3-AT2-02,AT2 regeneration,Lung,9,TBX3,0.521493,0.28,program_neighbor,1,0.0044,TFCP2L1
Set 3,SET3-AT2-02,AT2 regeneration,Lung,10,FOXA2,0.513930,0.32,known_cofactor,3,0.0119,TFCP2L1
Set 3,SET3-AT2-02,AT2 regeneration,Lung,11,TBX21,0.513001,0.35,program_neighbor,3,0.0309,TFCP2L1
Set 3,SET3-AT2-02,AT2 regeneration,Lung,12,EPAS1,0.508820,0.38,program_neighbor,4,0.0136,TFCP2L1
Set 3,SET3-AT2-02,AT2 regeneration,Lung,13,AGER,0.480290,0.41,program_neighbor,8,0.0162,TFCP2L1
Set 3,SET3-AT2-02,AT2 regeneration,Lung,14,TBX2,0.474674,0.44,program_neighbor,1,0.0044,TFCP2L1
Set 3,SET3-AT2-02,AT2 regeneration,Lung,15,FOXP2,0.457021,0.47,program_neighbor,15,0.0259,TFCP2L1
Set 3,SET3-AT2-02,AT2 regeneration,Lung,16,ZBP1,0.439625,0.51,novel_prediction,0,0.0000,
Set 3,SET3-AT2-02,AT2 regeneration,Lung,17,WNT3A,0.431749,0.54,program_neighbor,3,0.0179,TFCP2L1
Set 3,SET3-AT2-02,AT2 regeneration,Lung,18,FOXA1,0.429440,0.57,program_neighbor,1,0.0053,TFCP2L1
Set 3,SET3-AT2-02,AT2 regeneration,Lung,19,TBX5,0.420791,0.60,program_neighbor,1,0.0053,TFCP2L1
Set 3,SET3-AT2-02,AT2 regeneration,Lung,20,FOXN4,0.417212,0.63,program_neighbor,1,0.0052,TFCP2L1
Set 3,SET3-AT2-02,AT2 regeneration,Lung,21,CEBPA,0.413350,0.66,known_cofactor,1,0.0053,TFCP2L1
Set 3,SET3-AT2-02,AT2 regeneration,Lung,22,STK36,0.404124,0.69,novel_prediction,0,0.0000,
Set 3,SET3-AT2-02,AT2 regeneration,Lung,23,TFEC,0.401235,0.73,program_neighbor,1,0.0053,TFCP2L1
Set 3,SET3-AT2-02,AT2 regeneration,Lung,24,GRHL2,0.390606,0.76,program_neighbor,7,0.0130,TFCP2L1
Set 3,SET3-AT2-02,AT2 regeneration,Lung,25,MYO18A,0.389044,0.79,novel_prediction,0,0.0000,
Set 3,SET3-AT2-02,AT2 regeneration,Lung,26,TAL1,0.388138,0.82,program_neighbor,1,0.0053,TFCP2L1
Set 3,SET3-AT2-02,AT2 regeneration,Lung,27,SDR16C5,0.386914,0.85,novel_prediction,0,0.0000,
Set 3,SET3-AT2-02,AT2 regeneration,Lung,28,NKX2-5,0.386297,0.88,program_neighbor,1,0.0044,TFCP2L1
Set 3,SET3-AT2-02,AT2 regeneration,Lung,29,IKZF1,0.383949,0.92,program_neighbor,1,0.0053,TFCP2L1
Set 3,SET3-AT2-02,AT2 regeneration,Lung,30,NLRP3,0.383798,0.95,program_neighbor,10,0.0145,TFCP2L1
Set 3,SET3-AT2-02,AT2 regeneration,Lung,31,GATA1,0.381811,0.98,program_neighbor,1,0.0044,TFCP2L1
Set 3,SET3-AT2-02,AT2 regeneration,Lung,32,SOX7,0.378569,1.01,program_neighbor,1,0.0053,TFCP2L1
Set 3,SET3-AT2-02,AT2 regeneration,Lung,33,MUC1,0.377905,1.04,program_neighbor,2,0.0119,TFCP2L1
Set 3,SET3-AT2-02,AT2 regeneration,Lung,34,SPI1,0.375493,1.07,program_neighbor,1,0.0053,TFCP2L1
Set 3,SET3-AT2-02,AT2 regeneration,Lung,35,LHX4,0.374731,1.11,novel_prediction,0,0.0000,
Set 3,SET3-AT2-02,AT2 regeneration,Lung,36,MPO,0.373687,1.14,program_neighbor,7,0.0132,TFCP2L1
Set 3,SET3-AT2-02,AT2 regeneration,Lung,37,ZNF80,0.371472,1.17,program_neighbor,1,0.0053,TFCP2L1
Set 3,SET3-AT2-02,AT2 regeneration,Lung,38,NLRP1,0.369026,1.20,program_neighbor,10,0.0156,TFCP2L1
Set 3,SET3-AT2-02,AT2 regeneration,Lung,39,CD274,0.368195,1.23,program_neighbor,11,0.0180,TFCP2L1
Set 3,SET3-AT2-02,AT2 regeneration,Lung,40,GFI1,0.366983,1.26,program_neighbor,1,0.0053,TFCP2L1
Set 3,SET3-AT2-02,AT2 regeneration,Lung,41,RUNX1,0.366355,1.30,program_neighbor,1,0.0053,TFCP2L1
Set 3,SET3-AT2-02,AT2 regeneration,Lung,42,ZC3H12A,0.365686,1.33,program_neighbor,7,0.0135,TFCP2L1
Set 3,SET3-AT2-02,AT2 regeneration,Lung,43,IRF1,0.363955,1.36,program_neighbor,7,0.0122,TFCP2L1
Set 3,SET3-AT2-02,AT2 regeneration,Lung,44,PADI4,0.362953,1.39,program_neighbor,7,0.0130,TFCP2L1
Set 3,SET3-AT2-02,AT2 regeneration,Lung,45,OASL,0.361515,1.42,program_neighbor,7,0.0146,TFCP2L1
Set 3,SET3-AT2-02,AT2 regeneration,Lung,46,RUNX3,0.361085,1.45,program_neighbor,1,0.0049,TFCP2L1
Set 3,SET3-AT2-02,AT2 regeneration,Lung,47,HOXA5,0.359089,1.48,program_neighbor,1,0.0053,TFCP2L1
Set 3,SET3-AT2-02,AT2 regeneration,Lung,48,FLI1,0.359079,1.52,program_neighbor,1,0.0053,TFCP2L1
Set 3,SET3-AT2-02,AT2 regeneration,Lung,49,STAT4,0.358955,1.55,program_neighbor,7,0.0130,TFCP2L1
Set 3,SET3-AT2-02,AT2 regeneration,Lung,50,TP73,0.357651,1.58,program_neighbor,7,0.0122,TFCP2L1
Set 3,SET3-mRegDC-01,mature regulatory DC,Immune,1,CR2,0.866279,0.03,program_neighbor,439,0.8851,REL
Set 3,SET3-mRegDC-01,mature regulatory DC,Immune,2,TLR8,0.855224,0.06,program_neighbor,438,0.8795,REL
Set 3,SET3-mRegDC-01,mature regulatory DC,Immune,3,NLRC5,0.824030,0.09,program_neighbor,439,0.8833,REL
Set 3,SET3-mRegDC-01,mature regulatory DC,Immune,4,TCF7,0.797850,0.13,program_neighbor,495,0.8935,REL
Set 3,SET3-mRegDC-01,mature regulatory DC,Immune,5,TXK,0.797746,0.16,novel_prediction,0,0.0000,
Set 3,SET3-mRegDC-01,mature regulatory DC,Immune,6,SPIB,0.792850,0.19,program_neighbor,140,0.9929,SOX2
Set 3,SET3-mRegDC-01,mature regulatory DC,Immune,7,AKNA,0.785256,0.22,program_neighbor,129,0.5670,KLF4
Set 3,SET3-mRegDC-01,mature regulatory DC,Immune,8,EOMES,0.773540,0.25,program_neighbor,140,0.9859,SOX2
Set 3,SET3-mRegDC-01,mature regulatory DC,Immune,9,IRF5,0.772770,0.28,program_neighbor,506,0.8471,REL
Set 3,SET3-mRegDC-01,mature regulatory DC,Immune,10,ARID3A,0.750529,0.32,program_neighbor,144,0.9150,SOX2
Set 3,SET3-mRegDC-01,mature regulatory DC,Immune,11,CD274,0.745952,0.35,program_neighbor,492,0.7159,REL
Set 3,SET3-mRegDC-01,mature regulatory DC,Immune,12,ARID5A,0.733029,0.38,program_neighbor,440,0.8871,REL
Set 3,SET3-mRegDC-01,mature regulatory DC,Immune,13,PADI4,0.718595,0.41,program_neighbor,496,0.9960,REL
Set 3,SET3-mRegDC-01,mature regulatory DC,Immune,14,BATF3,0.716216,0.44,known_cofactor,140,0.9929,SOX2
Set 3,SET3-mRegDC-01,mature regulatory DC,Immune,15,NFATC2,0.712816,0.47,program_neighbor,173,0.8906,KLF4
Set 3,SET3-mRegDC-01,mature regulatory DC,Immune,16,MSC,0.696782,0.51,program_neighbor,140,0.9929,SOX2
Set 3,SET3-mRegDC-01,mature regulatory DC,Immune,17,FEZF2,0.691744,0.54,program_neighbor,140,0.9859,SOX2
Set 3,SET3-mRegDC-01,mature regulatory DC,Immune,18,EBF1,0.678142,0.57,program_neighbor,140,0.9929,SOX2
Set 3,SET3-mRegDC-01,mature regulatory DC,Immune,19,ZFAT,0.676131,0.60,program_neighbor,141,0.9790,SOX2
Set 3,SET3-mRegDC-01,mature regulatory DC,Immune,20,RAG2,0.674415,0.63,program_neighbor,4,0.0284,SOX2
Set 3,SET3-mRegDC-01,mature regulatory DC,Immune,21,TBX21,0.664520,0.66,program_neighbor,14,0.0225,REL
Set 3,SET3-mRegDC-01,mature regulatory DC,Immune,22,POLR3F,0.660596,0.69,program_neighbor,495,0.9980,REL
Set 3,SET3-mRegDC-01,mature regulatory DC,Immune,23,GLI2,0.654336,0.73,program_neighbor,142,0.7877,SOX2
Set 3,SET3-mRegDC-01,mature regulatory DC,Immune,24,IKZF3,0.653997,0.76,program_neighbor,140,0.9929,SOX2
Set 3,SET3-mRegDC-01,mature regulatory DC,Immune,25,BTK,0.650131,0.79,program_neighbor,438,0.8795,REL
Set 3,SET3-mRegDC-01,mature regulatory DC,Immune,26,ELF1,0.646710,0.82,program_neighbor,172,0.8953,KLF4
Set 3,SET3-mRegDC-01,mature regulatory DC,Immune,27,SBNO1,0.644802,0.85,program_neighbor,495,0.9920,REL
Set 3,SET3-mRegDC-01,mature regulatory DC,Immune,28,RUNX3,0.642726,0.88,program_neighbor,140,0.8974,SOX2
Set 3,SET3-mRegDC-01,mature regulatory DC,Immune,29,KLF6,0.631071,0.92,program_neighbor,140,0.9929,SOX2
Set 3,SET3-mRegDC-01,mature regulatory DC,Immune,30,SOX13,0.630897,0.95,program_neighbor,171,0.9000,KLF4
Set 3,SET3-mRegDC-01,mature regulatory DC,Immune,31,FASLG,0.627987,0.98,program_neighbor,63,0.2218,KLF4
Set 3,SET3-mRegDC-01,mature regulatory DC,Immune,32,BATF,0.627780,1.01,program_neighbor,140,0.9929,SOX2
Set 3,SET3-mRegDC-01,mature regulatory DC,Immune,33,POLR3C,0.627171,1.04,program_neighbor,496,1.0000,REL
Set 3,SET3-mRegDC-01,mature regulatory DC,Immune,34,G3BP1,0.626177,1.07,program_neighbor,438,0.8111,REL
Set 3,SET3-mRegDC-01,mature regulatory DC,Immune,35,KLF13,0.625493,1.11,program_neighbor,119,0.6263,KLF4
Set 3,SET3-mRegDC-01,mature regulatory DC,Immune,36,ACTN1,0.624067,1.14,program_neighbor,2,0.0038,REL
Set 3,SET3-mRegDC-01,mature regulatory DC,Immune,37,IFIT5,0.620069,1.17,program_neighbor,439,0.8459,REL
Set 3,SET3-mRegDC-01,mature regulatory DC,Immune,38,STAT4,0.616856,1.20,program_neighbor,495,0.9960,REL
Set 3,SET3-mRegDC-01,mature regulatory DC,Immune,39,SERTAD3,0.616844,1.23,program_neighbor,496,0.9960,REL
Set 3,SET3-mRegDC-01,mature regulatory DC,Immune,40,PAX5,0.615350,1.26,program_neighbor,140,0.9459,SOX2
Set 3,SET3-mRegDC-01,mature regulatory DC,Immune,41,CABIN1,0.613041,1.30,program_neighbor,78,0.4756,SOX2
Set 3,SET3-mRegDC-01,mature regulatory DC,Immune,42,PBXIP1,0.605839,1.33,program_neighbor,495,0.6066,REL
Set 3,SET3-mRegDC-01,mature regulatory DC,Immune,43,IKZF1,0.605308,1.36,program_neighbor,141,1.0000,SOX2
Set 3,SET3-mRegDC-01,mature regulatory DC,Immune,44,POLR3D,0.604756,1.39,program_neighbor,495,0.9980,REL
Set 3,SET3-mRegDC-01,mature regulatory DC,Immune,45,IKZF4,0.604567,1.42,program_neighbor,140,0.9929,SOX2
Set 3,SET3-mRegDC-01,mature regulatory DC,Immune,46,IRF7,0.603717,1.45,known_cofactor,439,0.8591,REL
Set 3,SET3-mRegDC-01,mature regulatory DC,Immune,47,ILF2,0.603589,1.48,program_neighbor,1,0.0020,REL
Set 3,SET3-mRegDC-01,mature regulatory DC,Immune,48,PSPC1,0.603588,1.52,program_neighbor,495,0.9980,REL
Set 3,SET3-mRegDC-01,mature regulatory DC,Immune,49,IL16,0.599783,1.55,program_neighbor,443,0.8876,REL
Set 3,SET3-mRegDC-01,mature regulatory DC,Immune,50,HEXIM1,0.598957,1.58,program_neighbor,449,0.9052,REL
Set 3,SET3-MYELOID-01,Monocyte/Macrophage,Immune,1,PADI4,0.795520,0.03,program_neighbor,140,0.2823,SPI1
Set 3,SET3-MYELOID-01,Monocyte/Macrophage,Immune,2,CR2,0.771159,0.06,program_neighbor,84,0.1697,SPI1
Set 3,SET3-MYELOID-01,Monocyte/Macrophage,Immune,3,CEBPE,0.741741,0.09,program_neighbor,140,0.2828,SPI1
Set 3,SET3-MYELOID-01,Monocyte/Macrophage,Immune,4,TLR8,0.733031,0.13,program_neighbor,83,0.1670,SPI1
Set 3,SET3-MYELOID-01,Monocyte/Macrophage,Immune,5,KLF1,0.731493,0.16,program_neighbor,140,0.7955,SPI1
Set 3,SET3-MYELOID-01,Monocyte/Macrophage,Immune,6,SPI1,0.715626,0.19,known_factor,140,1.0000,SPI1
Set 3,SET3-MYELOID-01,Monocyte/Macrophage,Immune,7,IKZF1,0.696911,0.22,program_neighbor,140,0.9929,SPI1
Set 3,SET3-MYELOID-01,Monocyte/Macrophage,Immune,8,TBX21,0.693380,0.25,program_neighbor,5,0.0173,HHEX
Set 3,SET3-MYELOID-01,Monocyte/Macrophage,Immune,9,NLRC5,0.691202,0.28,program_neighbor,84,0.1694,SPI1
Set 3,SET3-MYELOID-01,Monocyte/Macrophage,Immune,10,TXK,0.690493,0.32,program_neighbor,14,0.0574,HHEX
Set 3,SET3-MYELOID-01,Monocyte/Macrophage,Immune,11,ELANE,0.674114,0.35,novel_prediction,0,0.0000,
Set 3,SET3-MYELOID-01,Monocyte/Macrophage,Immune,12,SPIB,0.659037,0.38,program_neighbor,140,1.0000,SPI1
Set 3,SET3-MYELOID-01,Monocyte/Macrophage,Immune,13,NR5A1,0.658052,0.41,program_neighbor,140,1.0000,SPI1
Set 3,SET3-MYELOID-01,Monocyte/Macrophage,Immune,14,FASLG,0.656169,0.44,program_neighbor,121,0.4321,HHEX
Set 3,SET3-MYELOID-01,Monocyte/Macrophage,Immune,15,TCF7,0.655786,0.47,program_neighbor,140,0.2532,SPI1
Set 3,SET3-MYELOID-01,Monocyte/Macrophage,Immune,16,SPIC,0.652664,0.51,program_neighbor,6,0.0208,HHEX
Set 3,SET3-MYELOID-01,Monocyte/Macrophage,Immune,17,EOMES,0.649162,0.54,program_neighbor,140,0.9929,SPI1
Set 3,SET3-MYELOID-01,Monocyte/Macrophage,Immune,18,BATF,0.647148,0.57,program_neighbor,140,1.0000,SPI1
Set 3,SET3-MYELOID-01,Monocyte/Macrophage,Immune,19,IKZF3,0.643770,0.60,program_neighbor,140,1.0000,SPI1
Set 3,SET3-MYELOID-01,Monocyte/Macrophage,Immune,20,AIM2,0.641100,0.63,program_neighbor,84,0.1547,SPI1
Set 3,SET3-MYELOID-01,Monocyte/Macrophage,Immune,21,BTK,0.641078,0.66,program_neighbor,84,0.1670,SPI1
Set 3,SET3-MYELOID-01,Monocyte/Macrophage,Immune,22,AKNA,0.637076,0.69,program_neighbor,128,0.4683,SPI1
Set 3,SET3-MYELOID-01,Monocyte/Macrophage,Immune,23,MPO,0.636208,0.73,program_neighbor,84,0.1547,SPI1
Set 3,SET3-MYELOID-01,Monocyte/Macrophage,Immune,24,RUNX3,0.635975,0.76,program_neighbor,154,0.9032,SPI1
Set 3,SET3-MYELOID-01,Monocyte/Macrophage,Immune,25,STAT4,0.632937,0.79,program_neighbor,141,0.2823,SPI1
Set 3,SET3-MYELOID-01,Monocyte/Macrophage,Immune,26,NFE2,0.629576,0.82,program_neighbor,140,1.0000,SPI1
Set 3,SET3-MYELOID-01,Monocyte/Macrophage,Immune,27,GFI1,0.624002,0.85,program_neighbor,140,1.0000,SPI1
Set 3,SET3-MYELOID-01,Monocyte/Macrophage,Immune,28,IRF1,0.618311,0.88,program_neighbor,140,0.2637,SPI1
Set 3,SET3-MYELOID-01,Monocyte/Macrophage,Immune,29,NLRP3,0.616282,0.92,program_neighbor,244,0.3765,HHEX
Set 3,SET3-MYELOID-01,Monocyte/Macrophage,Immune,30,HHEX,0.613593,0.95,known_factor,244,1.0000,HHEX
Set 3,SET3-MYELOID-01,Monocyte/Macrophage,Immune,31,ZBP1,0.613166,0.98,program_neighbor,1,0.0056,SPI1
Set 3,SET3-MYELOID-01,Monocyte/Macrophage,Immune,32,LTF,0.607391,1.01,program_neighbor,83,0.1563,SPI1
Set 3,SET3-MYELOID-01,Monocyte/Macrophage,Immune,33,IRF5,0.606905,1.04,program_neighbor,151,0.2517,HHEX
Set 3,SET3-MYELOID-01,Monocyte/Macrophage,Immune,34,TLX1,0.605462,1.07,program_neighbor,140,0.9722,SPI1
Set 3,SET3-MYELOID-01,Monocyte/Macrophage,Immune,35,ZNF467,0.596059,1.11,program_neighbor,140,1.0000,SPI1
Set 3,SET3-MYELOID-01,Monocyte/Macrophage,Immune,36,ARID3A,0.589148,1.14,program_neighbor,140,0.9211,SPI1
Set 3,SET3-MYELOID-01,Monocyte/Macrophage,Immune,37,ARID5A,0.589116,1.17,program_neighbor,85,0.1717,SPI1
Set 3,SET3-MYELOID-01,Monocyte/Macrophage,Immune,38,POU2AF1,0.586940,1.20,program_neighbor,4,0.0160,SPI1
Set 3,SET3-MYELOID-01,Monocyte/Macrophage,Immune,39,PAX5,0.586150,1.23,program_neighbor,140,0.9524,SPI1
Set 3,SET3-MYELOID-01,Monocyte/Macrophage,Immune,40,GATA1,0.582725,1.26,program_neighbor,140,0.7955,SPI1
Set 3,SET3-MYELOID-01,Monocyte/Macrophage,Immune,41,CD274,0.576133,1.30,program_neighbor,194,0.3114,HHEX
Set 3,SET3-MYELOID-01,Monocyte/Macrophage,Immune,42,SNAI3,0.570570,1.33,program_neighbor,140,1.0000,SPI1
Set 3,SET3-MYELOID-01,Monocyte/Macrophage,Immune,43,LYL1,0.567072,1.36,program_neighbor,186,0.7623,HHEX
Set 3,SET3-MYELOID-01,Monocyte/Macrophage,Immune,44,FOXP3,0.566669,1.39,program_neighbor,140,0.2828,SPI1
Set 3,SET3-MYELOID-01,Monocyte/Macrophage,Immune,45,IL16,0.565997,1.42,program_neighbor,86,0.1727,SPI1
Set 3,SET3-MYELOID-01,Monocyte/Macrophage,Immune,46,IRF8,0.565987,1.45,program_neighbor,140,0.2637,SPI1
Set 3,SET3-MYELOID-01,Monocyte/Macrophage,Immune,47,NFATC2,0.565733,1.48,program_neighbor,171,0.8092,SPI1
Set 3,SET3-MYELOID-01,Monocyte/Macrophage,Immune,48,IRF7,0.563571,1.52,program_neighbor,84,0.1647,SPI1
Set 3,SET3-MYELOID-01,Monocyte/Macrophage,Immune,49,SP140,0.561382,1.55,program_neighbor,85,0.1562,SPI1
Set 3,SET3-MYELOID-01,Monocyte/Macrophage,Immune,50,RELB,0.552091,1.58,program_neighbor,140,0.2828,SPI1
